"TIME","GEO","AIRPOL","NACE_R2","UNIT","Value"
"2007","European Union (current composition)","Carbon dioxide","Total - all NACE activities","Thousand tonnes",":"
"2007","European Union (current composition)","Methane (CO2 equivalent)","Total - all NACE activities","Thousand tonnes",":"
"2007","European Union (current composition)","Nitrous oxide (CO2 equivalent)","Total - all NACE activities","Thousand tonnes",":"
"2007","European Union (current composition)","Hydrofluorocarbones (CO2 equivalent)","Total - all NACE activities","Thousand tonnes",":"
"2007","European Union (current composition)","Perfluorocarbones (CO2 equivalent)","Total - all NACE activities","Thousand tonnes",":"
"2007","European Union (current composition)","Sulphur hexafluoride and nitrogen trifluoride (CO2 equivalent) ","Total - all NACE activities","Thousand tonnes",":"
"2007","Belgium","Carbon dioxide","Total - all NACE activities","Thousand tonnes","92,194.634"
"2007","Belgium","Methane (CO2 equivalent)","Total - all NACE activities","Thousand tonnes","8,852.42088"
"2007","Belgium","Nitrous oxide (CO2 equivalent)","Total - all NACE activities","Thousand tonnes","6,946.71967"
"2007","Belgium","Hydrofluorocarbones (CO2 equivalent)","Total - all NACE activities","Thousand tonnes","1,765.09139"
"2007","Belgium","Perfluorocarbones (CO2 equivalent)","Total - all NACE activities","Thousand tonnes","224.05732"
"2007","Belgium","Sulphur hexafluoride and nitrogen trifluoride (CO2 equivalent) ","Total - all NACE activities","Thousand tonnes","78.62734"
"2007","Bulgaria","Carbon dioxide","Total - all NACE activities","Thousand tonnes",":"
"2007","Bulgaria","Methane (CO2 equivalent)","Total - all NACE activities","Thousand tonnes",":"
"2007","Bulgaria","Nitrous oxide (CO2 equivalent)","Total - all NACE activities","Thousand tonnes",":"
"2007","Bulgaria","Hydrofluorocarbones (CO2 equivalent)","Total - all NACE activities","Thousand tonnes",":"
"2007","Bulgaria","Perfluorocarbones (CO2 equivalent)","Total - all NACE activities","Thousand tonnes",":"
"2007","Bulgaria","Sulphur hexafluoride and nitrogen trifluoride (CO2 equivalent) ","Total - all NACE activities","Thousand tonnes",":"
"2007","Czech Republic","Carbon dioxide","Total - all NACE activities","Thousand tonnes",":"
"2007","Czech Republic","Methane (CO2 equivalent)","Total - all NACE activities","Thousand tonnes",":"
"2007","Czech Republic","Nitrous oxide (CO2 equivalent)","Total - all NACE activities","Thousand tonnes",":"
"2007","Czech Republic","Hydrofluorocarbones (CO2 equivalent)","Total - all NACE activities","Thousand tonnes",":"
"2007","Czech Republic","Perfluorocarbones (CO2 equivalent)","Total - all NACE activities","Thousand tonnes",":"
"2007","Czech Republic","Sulphur hexafluoride and nitrogen trifluoride (CO2 equivalent) ","Total - all NACE activities","Thousand tonnes",":"
"2007","Denmark","Carbon dioxide","Total - all NACE activities","Thousand tonnes","92,027.863"
"2007","Denmark","Methane (CO2 equivalent)","Total - all NACE activities","Thousand tonnes","7,386.776"
"2007","Denmark","Nitrous oxide (CO2 equivalent)","Total - all NACE activities","Thousand tonnes","5,797.87814"
"2007","Denmark","Hydrofluorocarbones (CO2 equivalent)","Total - all NACE activities","Thousand tonnes","861.8745"
"2007","Denmark","Perfluorocarbones (CO2 equivalent)","Total - all NACE activities","Thousand tonnes","21.18679"
"2007","Denmark","Sulphur hexafluoride and nitrogen trifluoride (CO2 equivalent) ","Total - all NACE activities","Thousand tonnes","28.1109"
"2007","Germany (until 1990 former territory of the FRG)","Carbon dioxide","Total - all NACE activities","Thousand tonnes",":"
"2007","Germany (until 1990 former territory of the FRG)","Methane (CO2 equivalent)","Total - all NACE activities","Thousand tonnes",":"
"2007","Germany (until 1990 former territory of the FRG)","Nitrous oxide (CO2 equivalent)","Total - all NACE activities","Thousand tonnes",":"
"2007","Germany (until 1990 former territory of the FRG)","Hydrofluorocarbones (CO2 equivalent)","Total - all NACE activities","Thousand tonnes",":"
"2007","Germany (until 1990 former territory of the FRG)","Perfluorocarbones (CO2 equivalent)","Total - all NACE activities","Thousand tonnes",":"
"2007","Germany (until 1990 former territory of the FRG)","Sulphur hexafluoride and nitrogen trifluoride (CO2 equivalent) ","Total - all NACE activities","Thousand tonnes",":"
"2007","Estonia","Carbon dioxide","Total - all NACE activities","Thousand tonnes",":"
"2007","Estonia","Methane (CO2 equivalent)","Total - all NACE activities","Thousand tonnes",":"
"2007","Estonia","Nitrous oxide (CO2 equivalent)","Total - all NACE activities","Thousand tonnes",":"
"2007","Estonia","Hydrofluorocarbones (CO2 equivalent)","Total - all NACE activities","Thousand tonnes",":"
"2007","Estonia","Perfluorocarbones (CO2 equivalent)","Total - all NACE activities","Thousand tonnes",":"
"2007","Estonia","Sulphur hexafluoride and nitrogen trifluoride (CO2 equivalent) ","Total - all NACE activities","Thousand tonnes",":"
"2007","Ireland","Carbon dioxide","Total - all NACE activities","Thousand tonnes","33,279.49"
"2007","Ireland","Methane (CO2 equivalent)","Total - all NACE activities","Thousand tonnes","12,598.95227"
"2007","Ireland","Nitrous oxide (CO2 equivalent)","Total - all NACE activities","Thousand tonnes","6,863.82701"
"2007","Ireland","Hydrofluorocarbones (CO2 equivalent)","Total - all NACE activities","Thousand tonnes","609.37229"
"2007","Ireland","Perfluorocarbones (CO2 equivalent)","Total - all NACE activities","Thousand tonnes","168.1002"
"2007","Ireland","Sulphur hexafluoride and nitrogen trifluoride (CO2 equivalent) ","Total - all NACE activities","Thousand tonnes","100.34417"
"2007","Greece","Carbon dioxide","Total - all NACE activities","Thousand tonnes",":"
"2007","Greece","Methane (CO2 equivalent)","Total - all NACE activities","Thousand tonnes",":"
"2007","Greece","Nitrous oxide (CO2 equivalent)","Total - all NACE activities","Thousand tonnes",":"
"2007","Greece","Hydrofluorocarbones (CO2 equivalent)","Total - all NACE activities","Thousand tonnes",":"
"2007","Greece","Perfluorocarbones (CO2 equivalent)","Total - all NACE activities","Thousand tonnes",":"
"2007","Greece","Sulphur hexafluoride and nitrogen trifluoride (CO2 equivalent) ","Total - all NACE activities","Thousand tonnes",":"
"2007","Spain","Carbon dioxide","Total - all NACE activities","Thousand tonnes",":"
"2007","Spain","Methane (CO2 equivalent)","Total - all NACE activities","Thousand tonnes",":"
"2007","Spain","Nitrous oxide (CO2 equivalent)","Total - all NACE activities","Thousand tonnes",":"
"2007","Spain","Hydrofluorocarbones (CO2 equivalent)","Total - all NACE activities","Thousand tonnes",":"
"2007","Spain","Perfluorocarbones (CO2 equivalent)","Total - all NACE activities","Thousand tonnes",":"
"2007","Spain","Sulphur hexafluoride and nitrogen trifluoride (CO2 equivalent) ","Total - all NACE activities","Thousand tonnes",":"
"2007","France","Carbon dioxide","Total - all NACE activities","Thousand tonnes",":"
"2007","France","Methane (CO2 equivalent)","Total - all NACE activities","Thousand tonnes",":"
"2007","France","Nitrous oxide (CO2 equivalent)","Total - all NACE activities","Thousand tonnes",":"
"2007","France","Hydrofluorocarbones (CO2 equivalent)","Total - all NACE activities","Thousand tonnes",":"
"2007","France","Perfluorocarbones (CO2 equivalent)","Total - all NACE activities","Thousand tonnes",":"
"2007","France","Sulphur hexafluoride and nitrogen trifluoride (CO2 equivalent) ","Total - all NACE activities","Thousand tonnes",":"
"2007","Croatia","Carbon dioxide","Total - all NACE activities","Thousand tonnes",":"
"2007","Croatia","Methane (CO2 equivalent)","Total - all NACE activities","Thousand tonnes",":"
"2007","Croatia","Nitrous oxide (CO2 equivalent)","Total - all NACE activities","Thousand tonnes",":"
"2007","Croatia","Hydrofluorocarbones (CO2 equivalent)","Total - all NACE activities","Thousand tonnes",":"
"2007","Croatia","Perfluorocarbones (CO2 equivalent)","Total - all NACE activities","Thousand tonnes",":"
"2007","Croatia","Sulphur hexafluoride and nitrogen trifluoride (CO2 equivalent) ","Total - all NACE activities","Thousand tonnes",":"
"2007","Italy","Carbon dioxide","Total - all NACE activities","Thousand tonnes","378,333.901"
"2007","Italy","Methane (CO2 equivalent)","Total - all NACE activities","Thousand tonnes","47,500.6166"
"2007","Italy","Nitrous oxide (CO2 equivalent)","Total - all NACE activities","Thousand tonnes","21,020.72421"
"2007","Italy","Hydrofluorocarbones (CO2 equivalent)","Total - all NACE activities","Thousand tonnes","6,038.94915"
"2007","Italy","Perfluorocarbones (CO2 equivalent)","Total - all NACE activities","Thousand tonnes","1,886.2036"
"2007","Italy","Sulphur hexafluoride and nitrogen trifluoride (CO2 equivalent) ","Total - all NACE activities","Thousand tonnes","461.19124"
"2007","Cyprus","Carbon dioxide","Total - all NACE activities","Thousand tonnes",":"
"2007","Cyprus","Methane (CO2 equivalent)","Total - all NACE activities","Thousand tonnes",":"
"2007","Cyprus","Nitrous oxide (CO2 equivalent)","Total - all NACE activities","Thousand tonnes",":"
"2007","Cyprus","Hydrofluorocarbones (CO2 equivalent)","Total - all NACE activities","Thousand tonnes",":"
"2007","Cyprus","Perfluorocarbones (CO2 equivalent)","Total - all NACE activities","Thousand tonnes",":"
"2007","Cyprus","Sulphur hexafluoride and nitrogen trifluoride (CO2 equivalent) ","Total - all NACE activities","Thousand tonnes",":"
"2007","Latvia","Carbon dioxide","Total - all NACE activities","Thousand tonnes","8,730.168"
"2007","Latvia","Methane (CO2 equivalent)","Total - all NACE activities","Thousand tonnes","1,743.55452"
"2007","Latvia","Nitrous oxide (CO2 equivalent)","Total - all NACE activities","Thousand tonnes","1,615.07106"
"2007","Latvia","Hydrofluorocarbones (CO2 equivalent)","Total - all NACE activities","Thousand tonnes","82.88642"
"2007","Latvia","Perfluorocarbones (CO2 equivalent)","Total - all NACE activities","Thousand tonnes",":"
"2007","Latvia","Sulphur hexafluoride and nitrogen trifluoride (CO2 equivalent) ","Total - all NACE activities","Thousand tonnes","4.55022"
"2007","Lithuania","Carbon dioxide","Total - all NACE activities","Thousand tonnes",":"
"2007","Lithuania","Methane (CO2 equivalent)","Total - all NACE activities","Thousand tonnes",":"
"2007","Lithuania","Nitrous oxide (CO2 equivalent)","Total - all NACE activities","Thousand tonnes",":"
"2007","Lithuania","Hydrofluorocarbones (CO2 equivalent)","Total - all NACE activities","Thousand tonnes",":"
"2007","Lithuania","Perfluorocarbones (CO2 equivalent)","Total - all NACE activities","Thousand tonnes",":"
"2007","Lithuania","Sulphur hexafluoride and nitrogen trifluoride (CO2 equivalent) ","Total - all NACE activities","Thousand tonnes",":"
"2007","Luxembourg","Carbon dioxide","Total - all NACE activities","Thousand tonnes",":"
"2007","Luxembourg","Methane (CO2 equivalent)","Total - all NACE activities","Thousand tonnes",":"
"2007","Luxembourg","Nitrous oxide (CO2 equivalent)","Total - all NACE activities","Thousand tonnes",":"
"2007","Luxembourg","Hydrofluorocarbones (CO2 equivalent)","Total - all NACE activities","Thousand tonnes",":"
"2007","Luxembourg","Perfluorocarbones (CO2 equivalent)","Total - all NACE activities","Thousand tonnes",":"
"2007","Luxembourg","Sulphur hexafluoride and nitrogen trifluoride (CO2 equivalent) ","Total - all NACE activities","Thousand tonnes",":"
"2007","Hungary","Carbon dioxide","Total - all NACE activities","Thousand tonnes","44,857.628"
"2007","Hungary","Methane (CO2 equivalent)","Total - all NACE activities","Thousand tonnes","7,800.20568"
"2007","Hungary","Nitrous oxide (CO2 equivalent)","Total - all NACE activities","Thousand tonnes","4,522.95265"
"2007","Hungary","Hydrofluorocarbones (CO2 equivalent)","Total - all NACE activities","Thousand tonnes","888.13214"
"2007","Hungary","Perfluorocarbones (CO2 equivalent)","Total - all NACE activities","Thousand tonnes","4.54038"
"2007","Hungary","Sulphur hexafluoride and nitrogen trifluoride (CO2 equivalent) ","Total - all NACE activities","Thousand tonnes","110.23759"
"2007","Malta","Carbon dioxide","Total - all NACE activities","Thousand tonnes",":"
"2007","Malta","Methane (CO2 equivalent)","Total - all NACE activities","Thousand tonnes",":"
"2007","Malta","Nitrous oxide (CO2 equivalent)","Total - all NACE activities","Thousand tonnes",":"
"2007","Malta","Hydrofluorocarbones (CO2 equivalent)","Total - all NACE activities","Thousand tonnes",":"
"2007","Malta","Perfluorocarbones (CO2 equivalent)","Total - all NACE activities","Thousand tonnes",":"
"2007","Malta","Sulphur hexafluoride and nitrogen trifluoride (CO2 equivalent) ","Total - all NACE activities","Thousand tonnes",":"
"2007","Netherlands","Carbon dioxide","Total - all NACE activities","Thousand tonnes","167,758.359"
"2007","Netherlands","Methane (CO2 equivalent)","Total - all NACE activities","Thousand tonnes","19,634.36376"
"2007","Netherlands","Nitrous oxide (CO2 equivalent)","Total - all NACE activities","Thousand tonnes","12,332.9854"
"2007","Netherlands","Hydrofluorocarbones (CO2 equivalent)","Total - all NACE activities","Thousand tonnes","1,770.55453"
"2007","Netherlands","Perfluorocarbones (CO2 equivalent)","Total - all NACE activities","Thousand tonnes","433.70163"
"2007","Netherlands","Sulphur hexafluoride and nitrogen trifluoride (CO2 equivalent) ","Total - all NACE activities","Thousand tonnes",":"
"2007","Austria","Carbon dioxide","Total - all NACE activities","Thousand tonnes",":"
"2007","Austria","Methane (CO2 equivalent)","Total - all NACE activities","Thousand tonnes",":"
"2007","Austria","Nitrous oxide (CO2 equivalent)","Total - all NACE activities","Thousand tonnes",":"
"2007","Austria","Hydrofluorocarbones (CO2 equivalent)","Total - all NACE activities","Thousand tonnes",":"
"2007","Austria","Perfluorocarbones (CO2 equivalent)","Total - all NACE activities","Thousand tonnes",":"
"2007","Austria","Sulphur hexafluoride and nitrogen trifluoride (CO2 equivalent) ","Total - all NACE activities","Thousand tonnes",":"
"2007","Poland","Carbon dioxide","Total - all NACE activities","Thousand tonnes",":"
"2007","Poland","Methane (CO2 equivalent)","Total - all NACE activities","Thousand tonnes",":"
"2007","Poland","Nitrous oxide (CO2 equivalent)","Total - all NACE activities","Thousand tonnes",":"
"2007","Poland","Hydrofluorocarbones (CO2 equivalent)","Total - all NACE activities","Thousand tonnes",":"
"2007","Poland","Perfluorocarbones (CO2 equivalent)","Total - all NACE activities","Thousand tonnes",":"
"2007","Poland","Sulphur hexafluoride and nitrogen trifluoride (CO2 equivalent) ","Total - all NACE activities","Thousand tonnes",":"
"2007","Portugal","Carbon dioxide","Total - all NACE activities","Thousand tonnes","53,908.5"
"2007","Portugal","Methane (CO2 equivalent)","Total - all NACE activities","Thousand tonnes","12,306.95"
"2007","Portugal","Nitrous oxide (CO2 equivalent)","Total - all NACE activities","Thousand tonnes","3,660.6022"
"2007","Portugal","Hydrofluorocarbones (CO2 equivalent)","Total - all NACE activities","Thousand tonnes","702.5187"
"2007","Portugal","Perfluorocarbones (CO2 equivalent)","Total - all NACE activities","Thousand tonnes","4.7439"
"2007","Portugal","Sulphur hexafluoride and nitrogen trifluoride (CO2 equivalent) ","Total - all NACE activities","Thousand tonnes","31.3801"
"2007","Romania","Carbon dioxide","Total - all NACE activities","Thousand tonnes",":"
"2007","Romania","Methane (CO2 equivalent)","Total - all NACE activities","Thousand tonnes",":"
"2007","Romania","Nitrous oxide (CO2 equivalent)","Total - all NACE activities","Thousand tonnes",":"
"2007","Romania","Hydrofluorocarbones (CO2 equivalent)","Total - all NACE activities","Thousand tonnes",":"
"2007","Romania","Perfluorocarbones (CO2 equivalent)","Total - all NACE activities","Thousand tonnes",":"
"2007","Romania","Sulphur hexafluoride and nitrogen trifluoride (CO2 equivalent) ","Total - all NACE activities","Thousand tonnes",":"
"2007","Slovenia","Carbon dioxide","Total - all NACE activities","Thousand tonnes",":"
"2007","Slovenia","Methane (CO2 equivalent)","Total - all NACE activities","Thousand tonnes",":"
"2007","Slovenia","Nitrous oxide (CO2 equivalent)","Total - all NACE activities","Thousand tonnes",":"
"2007","Slovenia","Hydrofluorocarbones (CO2 equivalent)","Total - all NACE activities","Thousand tonnes",":"
"2007","Slovenia","Perfluorocarbones (CO2 equivalent)","Total - all NACE activities","Thousand tonnes",":"
"2007","Slovenia","Sulphur hexafluoride and nitrogen trifluoride (CO2 equivalent) ","Total - all NACE activities","Thousand tonnes",":"
"2007","Slovakia","Carbon dioxide","Total - all NACE activities","Thousand tonnes",":"
"2007","Slovakia","Methane (CO2 equivalent)","Total - all NACE activities","Thousand tonnes",":"
"2007","Slovakia","Nitrous oxide (CO2 equivalent)","Total - all NACE activities","Thousand tonnes",":"
"2007","Slovakia","Hydrofluorocarbones (CO2 equivalent)","Total - all NACE activities","Thousand tonnes",":"
"2007","Slovakia","Perfluorocarbones (CO2 equivalent)","Total - all NACE activities","Thousand tonnes",":"
"2007","Slovakia","Sulphur hexafluoride and nitrogen trifluoride (CO2 equivalent) ","Total - all NACE activities","Thousand tonnes",":"
"2007","Finland","Carbon dioxide","Total - all NACE activities","Thousand tonnes",":"
"2007","Finland","Methane (CO2 equivalent)","Total - all NACE activities","Thousand tonnes",":"
"2007","Finland","Nitrous oxide (CO2 equivalent)","Total - all NACE activities","Thousand tonnes",":"
"2007","Finland","Hydrofluorocarbones (CO2 equivalent)","Total - all NACE activities","Thousand tonnes",":"
"2007","Finland","Perfluorocarbones (CO2 equivalent)","Total - all NACE activities","Thousand tonnes",":"
"2007","Finland","Sulphur hexafluoride and nitrogen trifluoride (CO2 equivalent) ","Total - all NACE activities","Thousand tonnes",":"
"2007","Sweden","Carbon dioxide","Total - all NACE activities","Thousand tonnes",":"
"2007","Sweden","Methane (CO2 equivalent)","Total - all NACE activities","Thousand tonnes",":"
"2007","Sweden","Nitrous oxide (CO2 equivalent)","Total - all NACE activities","Thousand tonnes",":"
"2007","Sweden","Hydrofluorocarbones (CO2 equivalent)","Total - all NACE activities","Thousand tonnes",":"
"2007","Sweden","Perfluorocarbones (CO2 equivalent)","Total - all NACE activities","Thousand tonnes",":"
"2007","Sweden","Sulphur hexafluoride and nitrogen trifluoride (CO2 equivalent) ","Total - all NACE activities","Thousand tonnes",":"
"2007","United Kingdom","Carbon dioxide","Total - all NACE activities","Thousand tonnes","466,344.611"
"2007","United Kingdom","Methane (CO2 equivalent)","Total - all NACE activities","Thousand tonnes","81,339.89377"
"2007","United Kingdom","Nitrous oxide (CO2 equivalent)","Total - all NACE activities","Thousand tonnes","23,869.10739"
"2007","United Kingdom","Hydrofluorocarbones (CO2 equivalent)","Total - all NACE activities","Thousand tonnes","10,872.79757"
"2007","United Kingdom","Perfluorocarbones (CO2 equivalent)","Total - all NACE activities","Thousand tonnes","287.82941"
"2007","United Kingdom","Sulphur hexafluoride and nitrogen trifluoride (CO2 equivalent) ","Total - all NACE activities","Thousand tonnes","835.33167"
"2007","Norway","Carbon dioxide","Total - all NACE activities","Thousand tonnes","54,753.704"
"2007","Norway","Methane (CO2 equivalent)","Total - all NACE activities","Thousand tonnes","5,219.47937"
"2007","Norway","Nitrous oxide (CO2 equivalent)","Total - all NACE activities","Thousand tonnes","3,692.49494"
"2007","Norway","Hydrofluorocarbones (CO2 equivalent)","Total - all NACE activities","Thousand tonnes","539.06055"
"2007","Norway","Perfluorocarbones (CO2 equivalent)","Total - all NACE activities","Thousand tonnes","951.19203"
"2007","Norway","Sulphur hexafluoride and nitrogen trifluoride (CO2 equivalent) ","Total - all NACE activities","Thousand tonnes","62.74528"
"2007","Switzerland","Carbon dioxide","Total - all NACE activities","Thousand tonnes","27,190.489"
"2007","Switzerland","Methane (CO2 equivalent)","Total - all NACE activities","Thousand tonnes","5,189.68079"
"2007","Switzerland","Nitrous oxide (CO2 equivalent)","Total - all NACE activities","Thousand tonnes","2,362.63736"
"2007","Switzerland","Hydrofluorocarbones (CO2 equivalent)","Total - all NACE activities","Thousand tonnes","944.39385"
"2007","Switzerland","Perfluorocarbones (CO2 equivalent)","Total - all NACE activities","Thousand tonnes","49.01322"
"2007","Switzerland","Sulphur hexafluoride and nitrogen trifluoride (CO2 equivalent) ","Total - all NACE activities","Thousand tonnes","168.97496"
"2007","Serbia","Carbon dioxide","Total - all NACE activities","Thousand tonnes",":"
"2007","Serbia","Methane (CO2 equivalent)","Total - all NACE activities","Thousand tonnes",":"
"2007","Serbia","Nitrous oxide (CO2 equivalent)","Total - all NACE activities","Thousand tonnes",":"
"2007","Serbia","Hydrofluorocarbones (CO2 equivalent)","Total - all NACE activities","Thousand tonnes",":"
"2007","Serbia","Perfluorocarbones (CO2 equivalent)","Total - all NACE activities","Thousand tonnes",":"
"2007","Serbia","Sulphur hexafluoride and nitrogen trifluoride (CO2 equivalent) ","Total - all NACE activities","Thousand tonnes",":"
"2007","Turkey","Carbon dioxide","Total - all NACE activities","Thousand tonnes","257,227.427"
"2007","Turkey","Methane (CO2 equivalent)","Total - all NACE activities","Thousand tonnes","45,684.63616"
"2007","Turkey","Nitrous oxide (CO2 equivalent)","Total - all NACE activities","Thousand tonnes","26,564.61299"
"2007","Turkey","Hydrofluorocarbones (CO2 equivalent)","Total - all NACE activities","Thousand tonnes",":"
"2007","Turkey","Perfluorocarbones (CO2 equivalent)","Total - all NACE activities","Thousand tonnes",":"
"2007","Turkey","Sulphur hexafluoride and nitrogen trifluoride (CO2 equivalent) ","Total - all NACE activities","Thousand tonnes",":"
"2008","European Union (current composition)","Carbon dioxide","Total - all NACE activities","Thousand tonnes","3,491,370.155"
"2008","European Union (current composition)","Methane (CO2 equivalent)","Total - all NACE activities","Thousand tonnes","492,145.42589"
"2008","European Union (current composition)","Nitrous oxide (CO2 equivalent)","Total - all NACE activities","Thousand tonnes","255,277.70363"
"2008","European Union (current composition)","Hydrofluorocarbones (CO2 equivalent)","Total - all NACE activities","Thousand tonnes","74,113.85158"
"2008","European Union (current composition)","Perfluorocarbones (CO2 equivalent)","Total - all NACE activities","Thousand tonnes",":"
"2008","European Union (current composition)","Sulphur hexafluoride and nitrogen trifluoride (CO2 equivalent) ","Total - all NACE activities","Thousand tonnes",":"
"2008","Belgium","Carbon dioxide","Total - all NACE activities","Thousand tonnes","88,793.464"
"2008","Belgium","Methane (CO2 equivalent)","Total - all NACE activities","Thousand tonnes","8,626.03419"
"2008","Belgium","Nitrous oxide (CO2 equivalent)","Total - all NACE activities","Thousand tonnes","6,871.87906"
"2008","Belgium","Hydrofluorocarbones (CO2 equivalent)","Total - all NACE activities","Thousand tonnes","1,861.43056"
"2008","Belgium","Perfluorocarbones (CO2 equivalent)","Total - all NACE activities","Thousand tonnes","253.10355"
"2008","Belgium","Sulphur hexafluoride and nitrogen trifluoride (CO2 equivalent) ","Total - all NACE activities","Thousand tonnes","86.65618"
"2008","Bulgaria","Carbon dioxide","Total - all NACE activities","Thousand tonnes","51,791.919"
"2008","Bulgaria","Methane (CO2 equivalent)","Total - all NACE activities","Thousand tonnes","2,676.48693"
"2008","Bulgaria","Nitrous oxide (CO2 equivalent)","Total - all NACE activities","Thousand tonnes","2,849.37227"
"2008","Bulgaria","Hydrofluorocarbones (CO2 equivalent)","Total - all NACE activities","Thousand tonnes","398.28342"
"2008","Bulgaria","Perfluorocarbones (CO2 equivalent)","Total - all NACE activities","Thousand tonnes","0.02066"
"2008","Bulgaria","Sulphur hexafluoride and nitrogen trifluoride (CO2 equivalent) ","Total - all NACE activities","Thousand tonnes","9.15804"
"2008","Czech Republic","Carbon dioxide","Total - all NACE activities","Thousand tonnes","99,572.162"
"2008","Czech Republic","Methane (CO2 equivalent)","Total - all NACE activities","Thousand tonnes","14,464.10738"
"2008","Czech Republic","Nitrous oxide (CO2 equivalent)","Total - all NACE activities","Thousand tonnes","4,986.14988"
"2008","Czech Republic","Hydrofluorocarbones (CO2 equivalent)","Total - all NACE activities","Thousand tonnes","1,902.14233"
"2008","Czech Republic","Perfluorocarbones (CO2 equivalent)","Total - all NACE activities","Thousand tonnes","39.75877"
"2008","Czech Republic","Sulphur hexafluoride and nitrogen trifluoride (CO2 equivalent) ","Total - all NACE activities","Thousand tonnes","93.29049"
"2008","Denmark","Carbon dioxide","Total - all NACE activities","Thousand tonnes","86,400.854"
"2008","Denmark","Methane (CO2 equivalent)","Total - all NACE activities","Thousand tonnes","7,270.74521"
"2008","Denmark","Nitrous oxide (CO2 equivalent)","Total - all NACE activities","Thousand tonnes","5,732.61588"
"2008","Denmark","Hydrofluorocarbones (CO2 equivalent)","Total - all NACE activities","Thousand tonnes","868.47633"
"2008","Denmark","Perfluorocarbones (CO2 equivalent)","Total - all NACE activities","Thousand tonnes","18.44449"
"2008","Denmark","Sulphur hexafluoride and nitrogen trifluoride (CO2 equivalent) ","Total - all NACE activities","Thousand tonnes","29.31076"
"2008","Germany (until 1990 former territory of the FRG)","Carbon dioxide","Total - all NACE activities","Thousand tonnes","724,796.667"
"2008","Germany (until 1990 former territory of the FRG)","Methane (CO2 equivalent)","Total - all NACE activities","Thousand tonnes","59,851.9069"
"2008","Germany (until 1990 former territory of the FRG)","Nitrous oxide (CO2 equivalent)","Total - all NACE activities","Thousand tonnes","45,269.45881"
"2008","Germany (until 1990 former territory of the FRG)","Hydrofluorocarbones (CO2 equivalent)","Total - all NACE activities","Thousand tonnes","10,588.83161"
"2008","Germany (until 1990 former territory of the FRG)","Perfluorocarbones (CO2 equivalent)","Total - all NACE activities","Thousand tonnes","567.64808"
"2008","Germany (until 1990 former territory of the FRG)","Sulphur hexafluoride and nitrogen trifluoride (CO2 equivalent) ","Total - all NACE activities","Thousand tonnes","3,000.80869"
"2008","Estonia","Carbon dioxide","Total - all NACE activities","Thousand tonnes","17,698.243"
"2008","Estonia","Methane (CO2 equivalent)","Total - all NACE activities","Thousand tonnes","1,058.19825"
"2008","Estonia","Nitrous oxide (CO2 equivalent)","Total - all NACE activities","Thousand tonnes","765.80699"
"2008","Estonia","Hydrofluorocarbones (CO2 equivalent)","Total - all NACE activities","Thousand tonnes","127.68009"
"2008","Estonia","Perfluorocarbones (CO2 equivalent)","Total - all NACE activities","Thousand tonnes","0"
"2008","Estonia","Sulphur hexafluoride and nitrogen trifluoride (CO2 equivalent) ","Total - all NACE activities","Thousand tonnes","1.2876"
"2008","Ireland","Carbon dioxide","Total - all NACE activities","Thousand tonnes","32,543.846"
"2008","Ireland","Methane (CO2 equivalent)","Total - all NACE activities","Thousand tonnes","12,390.31113"
"2008","Ireland","Nitrous oxide (CO2 equivalent)","Total - all NACE activities","Thousand tonnes","6,892.48998"
"2008","Ireland","Hydrofluorocarbones (CO2 equivalent)","Total - all NACE activities","Thousand tonnes","552.83711"
"2008","Ireland","Perfluorocarbones (CO2 equivalent)","Total - all NACE activities","Thousand tonnes","136.13626"
"2008","Ireland","Sulphur hexafluoride and nitrogen trifluoride (CO2 equivalent) ","Total - all NACE activities","Thousand tonnes","54.42759"
"2008","Greece","Carbon dioxide","Total - all NACE activities","Thousand tonnes","89,200.859"
"2008","Greece","Methane (CO2 equivalent)","Total - all NACE activities","Thousand tonnes","10,921.32426"
"2008","Greece","Nitrous oxide (CO2 equivalent)","Total - all NACE activities","Thousand tonnes","5,470.13756"
"2008","Greece","Hydrofluorocarbones (CO2 equivalent)","Total - all NACE activities","Thousand tonnes","3,710.34822"
"2008","Greece","Perfluorocarbones (CO2 equivalent)","Total - all NACE activities","Thousand tonnes","118.95221"
"2008","Greece","Sulphur hexafluoride and nitrogen trifluoride (CO2 equivalent) ","Total - all NACE activities","Thousand tonnes","7.182"
"2008","Spain","Carbon dioxide","Total - all NACE activities","Thousand tonnes","275,697.892"
"2008","Spain","Methane (CO2 equivalent)","Total - all NACE activities","Thousand tonnes","39,097.10893"
"2008","Spain","Nitrous oxide (CO2 equivalent)","Total - all NACE activities","Thousand tonnes","14,836.83683"
"2008","Spain","Hydrofluorocarbones (CO2 equivalent)","Total - all NACE activities","Thousand tonnes","10,461.65326"
"2008","Spain","Perfluorocarbones (CO2 equivalent)","Total - all NACE activities","Thousand tonnes","163.60032"
"2008","Spain","Sulphur hexafluoride and nitrogen trifluoride (CO2 equivalent) ","Total - all NACE activities","Thousand tonnes","255.18623"
"2008","France","Carbon dioxide","Total - all NACE activities","Thousand tonnes","281,667.166"
"2008","France","Methane (CO2 equivalent)","Total - all NACE activities","Thousand tonnes","60,422.36544"
"2008","France","Nitrous oxide (CO2 equivalent)","Total - all NACE activities","Thousand tonnes","44,135.42973"
"2008","France","Hydrofluorocarbones (CO2 equivalent)","Total - all NACE activities","Thousand tonnes","11,592.72345"
"2008","France","Perfluorocarbones (CO2 equivalent)","Total - all NACE activities","Thousand tonnes","777.74679"
"2008","France","Sulphur hexafluoride and nitrogen trifluoride (CO2 equivalent) ","Total - all NACE activities","Thousand tonnes","1,192.88217"
"2008","Croatia","Carbon dioxide","Total - all NACE activities","Thousand tonnes","18,670.94"
"2008","Croatia","Methane (CO2 equivalent)","Total - all NACE activities","Thousand tonnes","2,956.25141"
"2008","Croatia","Nitrous oxide (CO2 equivalent)","Total - all NACE activities","Thousand tonnes","2,381.4514"
"2008","Croatia","Hydrofluorocarbones (CO2 equivalent)","Total - all NACE activities","Thousand tonnes","198.70433"
"2008","Croatia","Perfluorocarbones (CO2 equivalent)","Total - all NACE activities","Thousand tonnes",":"
"2008","Croatia","Sulphur hexafluoride and nitrogen trifluoride (CO2 equivalent) ","Total - all NACE activities","Thousand tonnes","11.97609"
"2008","Italy","Carbon dioxide","Total - all NACE activities","Thousand tonnes","370,569.922"
"2008","Italy","Methane (CO2 equivalent)","Total - all NACE activities","Thousand tonnes","46,745.32848"
"2008","Italy","Nitrous oxide (CO2 equivalent)","Total - all NACE activities","Thousand tonnes","19,316.419"
"2008","Italy","Hydrofluorocarbones (CO2 equivalent)","Total - all NACE activities","Thousand tonnes","6,652.17232"
"2008","Italy","Perfluorocarbones (CO2 equivalent)","Total - all NACE activities","Thousand tonnes","1,712.38598"
"2008","Italy","Sulphur hexafluoride and nitrogen trifluoride (CO2 equivalent) ","Total - all NACE activities","Thousand tonnes","511.59448"
"2008","Cyprus","Carbon dioxide","Total - all NACE activities","Thousand tonnes","7,545.833"
"2008","Cyprus","Methane (CO2 equivalent)","Total - all NACE activities","Thousand tonnes","887.8382"
"2008","Cyprus","Nitrous oxide (CO2 equivalent)","Total - all NACE activities","Thousand tonnes","276.18691"
"2008","Cyprus","Hydrofluorocarbones (CO2 equivalent)","Total - all NACE activities","Thousand tonnes","188.9242"
"2008","Cyprus","Perfluorocarbones (CO2 equivalent)","Total - all NACE activities","Thousand tonnes","0"
"2008","Cyprus","Sulphur hexafluoride and nitrogen trifluoride (CO2 equivalent) ","Total - all NACE activities","Thousand tonnes","0.15253"
"2008","Latvia","Carbon dioxide","Total - all NACE activities","Thousand tonnes","8,454.295"
"2008","Latvia","Methane (CO2 equivalent)","Total - all NACE activities","Thousand tonnes","1,728.01387"
"2008","Latvia","Nitrous oxide (CO2 equivalent)","Total - all NACE activities","Thousand tonnes","1,604.98302"
"2008","Latvia","Hydrofluorocarbones (CO2 equivalent)","Total - all NACE activities","Thousand tonnes","99.11423"
"2008","Latvia","Perfluorocarbones (CO2 equivalent)","Total - all NACE activities","Thousand tonnes","0"
"2008","Latvia","Sulphur hexafluoride and nitrogen trifluoride (CO2 equivalent) ","Total - all NACE activities","Thousand tonnes","5.23319"
"2008","Lithuania","Carbon dioxide","Total - all NACE activities","Thousand tonnes","15,080.868"
"2008","Lithuania","Methane (CO2 equivalent)","Total - all NACE activities","Thousand tonnes","3,627.40044"
"2008","Lithuania","Nitrous oxide (CO2 equivalent)","Total - all NACE activities","Thousand tonnes","5,324.76629"
"2008","Lithuania","Hydrofluorocarbones (CO2 equivalent)","Total - all NACE activities","Thousand tonnes","143.27168"
"2008","Lithuania","Perfluorocarbones (CO2 equivalent)","Total - all NACE activities","Thousand tonnes","0"
"2008","Lithuania","Sulphur hexafluoride and nitrogen trifluoride (CO2 equivalent) ","Total - all NACE activities","Thousand tonnes","3.47488"
"2008","Luxembourg","Carbon dioxide","Total - all NACE activities","Thousand tonnes","7,394.178"
"2008","Luxembourg","Methane (CO2 equivalent)","Total - all NACE activities","Thousand tonnes","621.4952"
"2008","Luxembourg","Nitrous oxide (CO2 equivalent)","Total - all NACE activities","Thousand tonnes","259.21977"
"2008","Luxembourg","Hydrofluorocarbones (CO2 equivalent)","Total - all NACE activities","Thousand tonnes","17.6524"
"2008","Luxembourg","Perfluorocarbones (CO2 equivalent)","Total - all NACE activities","Thousand tonnes","0"
"2008","Luxembourg","Sulphur hexafluoride and nitrogen trifluoride (CO2 equivalent) ","Total - all NACE activities","Thousand tonnes","6.0965"
"2008","Hungary","Carbon dioxide","Total - all NACE activities","Thousand tonnes","43,656.756"
"2008","Hungary","Methane (CO2 equivalent)","Total - all NACE activities","Thousand tonnes","7,753.58995"
"2008","Hungary","Nitrous oxide (CO2 equivalent)","Total - all NACE activities","Thousand tonnes","3,802.43967"
"2008","Hungary","Hydrofluorocarbones (CO2 equivalent)","Total - all NACE activities","Thousand tonnes","994.44648"
"2008","Hungary","Perfluorocarbones (CO2 equivalent)","Total - all NACE activities","Thousand tonnes","4.79871"
"2008","Hungary","Sulphur hexafluoride and nitrogen trifluoride (CO2 equivalent) ","Total - all NACE activities","Thousand tonnes","94.54282"
"2008","Malta","Carbon dioxide","Total - all NACE activities","Thousand tonnes","3,414.175"
"2008","Malta","Methane (CO2 equivalent)","Total - all NACE activities","Thousand tonnes","144.83201"
"2008","Malta","Nitrous oxide (CO2 equivalent)","Total - all NACE activities","Thousand tonnes","54.00658"
"2008","Malta","Hydrofluorocarbones (CO2 equivalent)","Total - all NACE activities","Thousand tonnes","66.73551"
"2008","Malta","Perfluorocarbones (CO2 equivalent)","Total - all NACE activities","Thousand tonnes","0"
"2008","Malta","Sulphur hexafluoride and nitrogen trifluoride (CO2 equivalent) ","Total - all NACE activities","Thousand tonnes","1.7339"
"2008","Netherlands","Carbon dioxide","Total - all NACE activities","Thousand tonnes","169,985.052"
"2008","Netherlands","Methane (CO2 equivalent)","Total - all NACE activities","Thousand tonnes","19,836.39447"
"2008","Netherlands","Nitrous oxide (CO2 equivalent)","Total - all NACE activities","Thousand tonnes","8,554.93782"
"2008","Netherlands","Hydrofluorocarbones (CO2 equivalent)","Total - all NACE activities","Thousand tonnes","1,862.8811"
"2008","Netherlands","Perfluorocarbones (CO2 equivalent)","Total - all NACE activities","Thousand tonnes","337.13692"
"2008","Netherlands","Sulphur hexafluoride and nitrogen trifluoride (CO2 equivalent) ","Total - all NACE activities","Thousand tonnes",":"
"2008","Austria","Carbon dioxide","Total - all NACE activities","Thousand tonnes","56,280.885"
"2008","Austria","Methane (CO2 equivalent)","Total - all NACE activities","Thousand tonnes","7,169.41013"
"2008","Austria","Nitrous oxide (CO2 equivalent)","Total - all NACE activities","Thousand tonnes","3,557.45547"
"2008","Austria","Hydrofluorocarbones (CO2 equivalent)","Total - all NACE activities","Thousand tonnes","1,047.76436"
"2008","Austria","Perfluorocarbones (CO2 equivalent)","Total - all NACE activities","Thousand tonnes","208.18649"
"2008","Austria","Sulphur hexafluoride and nitrogen trifluoride (CO2 equivalent) ","Total - all NACE activities","Thousand tonnes","372.89123"
"2008","Poland","Carbon dioxide","Total - all NACE activities","Thousand tonnes","287,560.044"
"2008","Poland","Methane (CO2 equivalent)","Total - all NACE activities","Thousand tonnes","46,346.51267"
"2008","Poland","Nitrous oxide (CO2 equivalent)","Total - all NACE activities","Thousand tonnes","22,787.76514"
"2008","Poland","Hydrofluorocarbones (CO2 equivalent)","Total - all NACE activities","Thousand tonnes","5,628.91427"
"2008","Poland","Perfluorocarbones (CO2 equivalent)","Total - all NACE activities","Thousand tonnes","161.22499"
"2008","Poland","Sulphur hexafluoride and nitrogen trifluoride (CO2 equivalent) ","Total - all NACE activities","Thousand tonnes","32.87051"
"2008","Portugal","Carbon dioxide","Total - all NACE activities","Thousand tonnes","51,891.3"
"2008","Portugal","Methane (CO2 equivalent)","Total - all NACE activities","Thousand tonnes","11,842.8625"
"2008","Portugal","Nitrous oxide (CO2 equivalent)","Total - all NACE activities","Thousand tonnes","3,565.8382"
"2008","Portugal","Hydrofluorocarbones (CO2 equivalent)","Total - all NACE activities","Thousand tonnes","861.9581"
"2008","Portugal","Perfluorocarbones (CO2 equivalent)","Total - all NACE activities","Thousand tonnes","5.5815"
"2008","Portugal","Sulphur hexafluoride and nitrogen trifluoride (CO2 equivalent) ","Total - all NACE activities","Thousand tonnes","30.3558"
"2008","Romania","Carbon dioxide","Total - all NACE activities","Thousand tonnes","93,039.627"
"2008","Romania","Methane (CO2 equivalent)","Total - all NACE activities","Thousand tonnes","32,597.69715"
"2008","Romania","Nitrous oxide (CO2 equivalent)","Total - all NACE activities","Thousand tonnes","7,764.59833"
"2008","Romania","Hydrofluorocarbones (CO2 equivalent)","Total - all NACE activities","Thousand tonnes","946.94509"
"2008","Romania","Perfluorocarbones (CO2 equivalent)","Total - all NACE activities","Thousand tonnes","17.86846"
"2008","Romania","Sulphur hexafluoride and nitrogen trifluoride (CO2 equivalent) ","Total - all NACE activities","Thousand tonnes","33.83053"
"2008","Slovenia","Carbon dioxide","Total - all NACE activities","Thousand tonnes","15,339.646"
"2008","Slovenia","Methane (CO2 equivalent)","Total - all NACE activities","Thousand tonnes","2,105.43846"
"2008","Slovenia","Nitrous oxide (CO2 equivalent)","Total - all NACE activities","Thousand tonnes","727.65663"
"2008","Slovenia","Hydrofluorocarbones (CO2 equivalent)","Total - all NACE activities","Thousand tonnes","93.90802"
"2008","Slovenia","Perfluorocarbones (CO2 equivalent)","Total - all NACE activities","Thousand tonnes","14.73526"
"2008","Slovenia","Sulphur hexafluoride and nitrogen trifluoride (CO2 equivalent) ","Total - all NACE activities","Thousand tonnes","19.37053"
"2008","Slovakia","Carbon dioxide","Total - all NACE activities","Thousand tonnes","39,086.514"
"2008","Slovakia","Methane (CO2 equivalent)","Total - all NACE activities","Thousand tonnes","4,827.08219"
"2008","Slovakia","Nitrous oxide (CO2 equivalent)","Total - all NACE activities","Thousand tonnes","3,255.37642"
"2008","Slovakia","Hydrofluorocarbones (CO2 equivalent)","Total - all NACE activities","Thousand tonnes","389.08982"
"2008","Slovakia","Perfluorocarbones (CO2 equivalent)","Total - all NACE activities","Thousand tonnes","42.75818"
"2008","Slovakia","Sulphur hexafluoride and nitrogen trifluoride (CO2 equivalent) ","Total - all NACE activities","Thousand tonnes","18.85118"
"2008","Finland","Carbon dioxide","Total - all NACE activities","Thousand tonnes","54,601.035"
"2008","Finland","Methane (CO2 equivalent)","Total - all NACE activities","Thousand tonnes","5,164.51512"
"2008","Finland","Nitrous oxide (CO2 equivalent)","Total - all NACE activities","Thousand tonnes","5,880.9204"
"2008","Finland","Hydrofluorocarbones (CO2 equivalent)","Total - all NACE activities","Thousand tonnes","953.44706"
"2008","Finland","Perfluorocarbones (CO2 equivalent)","Total - all NACE activities","Thousand tonnes","13.84864"
"2008","Finland","Sulphur hexafluoride and nitrogen trifluoride (CO2 equivalent) ","Total - all NACE activities","Thousand tonnes","26.65889"
"2008","Sweden","Carbon dioxide","Total - all NACE activities","Thousand tonnes","49,461.568"
"2008","Sweden","Methane (CO2 equivalent)","Total - all NACE activities","Thousand tonnes","5,491.53681"
"2008","Sweden","Nitrous oxide (CO2 equivalent)","Total - all NACE activities","Thousand tonnes","4,886.8174"
"2008","Sweden","Hydrofluorocarbones (CO2 equivalent)","Total - all NACE activities","Thousand tonnes","677.79669"
"2008","Sweden","Perfluorocarbones (CO2 equivalent)","Total - all NACE activities","Thousand tonnes","347.85189"
"2008","Sweden","Sulphur hexafluoride and nitrogen trifluoride (CO2 equivalent) ","Total - all NACE activities","Thousand tonnes","72.31862"
"2008","United Kingdom","Carbon dioxide","Total - all NACE activities","Thousand tonnes","451,174.448"
"2008","United Kingdom","Methane (CO2 equivalent)","Total - all NACE activities","Thousand tonnes","75,520.6382"
"2008","United Kingdom","Nitrous oxide (CO2 equivalent)","Total - all NACE activities","Thousand tonnes","23,466.6882"
"2008","United Kingdom","Hydrofluorocarbones (CO2 equivalent)","Total - all NACE activities","Thousand tonnes","11,225.71954"
"2008","United Kingdom","Perfluorocarbones (CO2 equivalent)","Total - all NACE activities","Thousand tonnes","266.2418"
"2008","United Kingdom","Sulphur hexafluoride and nitrogen trifluoride (CO2 equivalent) ","Total - all NACE activities","Thousand tonnes","682.5047"
"2008","Norway","Carbon dioxide","Total - all NACE activities","Thousand tonnes","53,923.203"
"2008","Norway","Methane (CO2 equivalent)","Total - all NACE activities","Thousand tonnes","5,079.22538"
"2008","Norway","Nitrous oxide (CO2 equivalent)","Total - all NACE activities","Thousand tonnes","3,254.7744"
"2008","Norway","Hydrofluorocarbones (CO2 equivalent)","Total - all NACE activities","Thousand tonnes","613.66462"
"2008","Norway","Perfluorocarbones (CO2 equivalent)","Total - all NACE activities","Thousand tonnes","895.99086"
"2008","Norway","Sulphur hexafluoride and nitrogen trifluoride (CO2 equivalent) ","Total - all NACE activities","Thousand tonnes","51.8663"
"2008","Switzerland","Carbon dioxide","Total - all NACE activities","Thousand tonnes","27,920.242"
"2008","Switzerland","Methane (CO2 equivalent)","Total - all NACE activities","Thousand tonnes","5,266.30399"
"2008","Switzerland","Nitrous oxide (CO2 equivalent)","Total - all NACE activities","Thousand tonnes","2,385.1142"
"2008","Switzerland","Hydrofluorocarbones (CO2 equivalent)","Total - all NACE activities","Thousand tonnes","979.09538"
"2008","Switzerland","Perfluorocarbones (CO2 equivalent)","Total - all NACE activities","Thousand tonnes","57.82443"
"2008","Switzerland","Sulphur hexafluoride and nitrogen trifluoride (CO2 equivalent) ","Total - all NACE activities","Thousand tonnes","218.59008"
"2008","Serbia","Carbon dioxide","Total - all NACE activities","Thousand tonnes",":"
"2008","Serbia","Methane (CO2 equivalent)","Total - all NACE activities","Thousand tonnes",":"
"2008","Serbia","Nitrous oxide (CO2 equivalent)","Total - all NACE activities","Thousand tonnes",":"
"2008","Serbia","Hydrofluorocarbones (CO2 equivalent)","Total - all NACE activities","Thousand tonnes",":"
"2008","Serbia","Perfluorocarbones (CO2 equivalent)","Total - all NACE activities","Thousand tonnes",":"
"2008","Serbia","Sulphur hexafluoride and nitrogen trifluoride (CO2 equivalent) ","Total - all NACE activities","Thousand tonnes",":"
"2008","Turkey","Carbon dioxide","Total - all NACE activities","Thousand tonnes","241,820.66"
"2008","Turkey","Methane (CO2 equivalent)","Total - all NACE activities","Thousand tonnes","45,547.71152"
"2008","Turkey","Nitrous oxide (CO2 equivalent)","Total - all NACE activities","Thousand tonnes","24,885.16029"
"2008","Turkey","Hydrofluorocarbones (CO2 equivalent)","Total - all NACE activities","Thousand tonnes",":"
"2008","Turkey","Perfluorocarbones (CO2 equivalent)","Total - all NACE activities","Thousand tonnes",":"
"2008","Turkey","Sulphur hexafluoride and nitrogen trifluoride (CO2 equivalent) ","Total - all NACE activities","Thousand tonnes",":"
"2009","European Union (current composition)","Carbon dioxide","Total - all NACE activities","Thousand tonnes","3,139,820.227"
"2009","European Union (current composition)","Methane (CO2 equivalent)","Total - all NACE activities","Thousand tonnes","479,324.48639"
"2009","European Union (current composition)","Nitrous oxide (CO2 equivalent)","Total - all NACE activities","Thousand tonnes","240,352.30328"
"2009","European Union (current composition)","Hydrofluorocarbones (CO2 equivalent)","Total - all NACE activities","Thousand tonnes","77,564.4668"
"2009","European Union (current composition)","Perfluorocarbones (CO2 equivalent)","Total - all NACE activities","Thousand tonnes","3,258.4315"
"2009","European Union (current composition)","Sulphur hexafluoride and nitrogen trifluoride (CO2 equivalent) ","Total - all NACE activities","Thousand tonnes",":"
"2009","Belgium","Carbon dioxide","Total - all NACE activities","Thousand tonnes","77,154.326"
"2009","Belgium","Methane (CO2 equivalent)","Total - all NACE activities","Thousand tonnes","8,553.13073"
"2009","Belgium","Nitrous oxide (CO2 equivalent)","Total - all NACE activities","Thousand tonnes","7,023.73489"
"2009","Belgium","Hydrofluorocarbones (CO2 equivalent)","Total - all NACE activities","Thousand tonnes","2,020.19811"
"2009","Belgium","Perfluorocarbones (CO2 equivalent)","Total - all NACE activities","Thousand tonnes","145.9211"
"2009","Belgium","Sulphur hexafluoride and nitrogen trifluoride (CO2 equivalent) ","Total - all NACE activities","Thousand tonnes","93.09224"
"2009","Bulgaria","Carbon dioxide","Total - all NACE activities","Thousand tonnes","43,709.115"
"2009","Bulgaria","Methane (CO2 equivalent)","Total - all NACE activities","Thousand tonnes","2,462.29186"
"2009","Bulgaria","Nitrous oxide (CO2 equivalent)","Total - all NACE activities","Thousand tonnes","2,475.79445"
"2009","Bulgaria","Hydrofluorocarbones (CO2 equivalent)","Total - all NACE activities","Thousand tonnes","406.69665"
"2009","Bulgaria","Perfluorocarbones (CO2 equivalent)","Total - all NACE activities","Thousand tonnes","0.05587"
"2009","Bulgaria","Sulphur hexafluoride and nitrogen trifluoride (CO2 equivalent) ","Total - all NACE activities","Thousand tonnes","9.5152"
"2009","Czech Republic","Carbon dioxide","Total - all NACE activities","Thousand tonnes","91,406.649"
"2009","Czech Republic","Methane (CO2 equivalent)","Total - all NACE activities","Thousand tonnes","14,107.00972"
"2009","Czech Republic","Nitrous oxide (CO2 equivalent)","Total - all NACE activities","Thousand tonnes","4,616.86024"
"2009","Czech Republic","Hydrofluorocarbones (CO2 equivalent)","Total - all NACE activities","Thousand tonnes","2,010.81748"
"2009","Czech Republic","Perfluorocarbones (CO2 equivalent)","Total - all NACE activities","Thousand tonnes","45.43598"
"2009","Czech Republic","Sulphur hexafluoride and nitrogen trifluoride (CO2 equivalent) ","Total - all NACE activities","Thousand tonnes","96.06354"
"2009","Denmark","Carbon dioxide","Total - all NACE activities","Thousand tonnes","80,026.006"
"2009","Denmark","Methane (CO2 equivalent)","Total - all NACE activities","Thousand tonnes","7,138.51244"
"2009","Denmark","Nitrous oxide (CO2 equivalent)","Total - all NACE activities","Thousand tonnes","5,442.98431"
"2009","Denmark","Hydrofluorocarbones (CO2 equivalent)","Total - all NACE activities","Thousand tonnes","852.05553"
"2009","Denmark","Perfluorocarbones (CO2 equivalent)","Total - all NACE activities","Thousand tonnes","19.97992"
"2009","Denmark","Sulphur hexafluoride and nitrogen trifluoride (CO2 equivalent) ","Total - all NACE activities","Thousand tonnes","34.16956"
"2009","Germany (until 1990 former territory of the FRG)","Carbon dioxide","Total - all NACE activities","Thousand tonnes","657,888.817"
"2009","Germany (until 1990 former territory of the FRG)","Methane (CO2 equivalent)","Total - all NACE activities","Thousand tonnes","57,600.35676"
"2009","Germany (until 1990 former territory of the FRG)","Nitrous oxide (CO2 equivalent)","Total - all NACE activities","Thousand tonnes","44,435.86602"
"2009","Germany (until 1990 former territory of the FRG)","Hydrofluorocarbones (CO2 equivalent)","Total - all NACE activities","Thousand tonnes","11,170.4777"
"2009","Germany (until 1990 former territory of the FRG)","Perfluorocarbones (CO2 equivalent)","Total - all NACE activities","Thousand tonnes","407.20596"
"2009","Germany (until 1990 former territory of the FRG)","Sulphur hexafluoride and nitrogen trifluoride (CO2 equivalent) ","Total - all NACE activities","Thousand tonnes","2,953.06041"
"2009","Estonia","Carbon dioxide","Total - all NACE activities","Thousand tonnes","14,273.815"
"2009","Estonia","Methane (CO2 equivalent)","Total - all NACE activities","Thousand tonnes","1,031.44705"
"2009","Estonia","Nitrous oxide (CO2 equivalent)","Total - all NACE activities","Thousand tonnes","719.92019"
"2009","Estonia","Hydrofluorocarbones (CO2 equivalent)","Total - all NACE activities","Thousand tonnes","134.58993"
"2009","Estonia","Perfluorocarbones (CO2 equivalent)","Total - all NACE activities","Thousand tonnes","0"
"2009","Estonia","Sulphur hexafluoride and nitrogen trifluoride (CO2 equivalent) ","Total - all NACE activities","Thousand tonnes","1.37848"
"2009","Ireland","Carbon dioxide","Total - all NACE activities","Thousand tonnes","27,767.515"
"2009","Ireland","Methane (CO2 equivalent)","Total - all NACE activities","Thousand tonnes","12,007.26349"
"2009","Ireland","Nitrous oxide (CO2 equivalent)","Total - all NACE activities","Thousand tonnes","6,804.23081"
"2009","Ireland","Hydrofluorocarbones (CO2 equivalent)","Total - all NACE activities","Thousand tonnes","615.97342"
"2009","Ireland","Perfluorocarbones (CO2 equivalent)","Total - all NACE activities","Thousand tonnes","83.63275"
"2009","Ireland","Sulphur hexafluoride and nitrogen trifluoride (CO2 equivalent) ","Total - all NACE activities","Thousand tonnes","38.91784"
"2009","Greece","Carbon dioxide","Total - all NACE activities","Thousand tonnes","82,100.983"
"2009","Greece","Methane (CO2 equivalent)","Total - all NACE activities","Thousand tonnes","10,581.71101"
"2009","Greece","Nitrous oxide (CO2 equivalent)","Total - all NACE activities","Thousand tonnes","5,123.11429"
"2009","Greece","Hydrofluorocarbones (CO2 equivalent)","Total - all NACE activities","Thousand tonnes","3,964.12466"
"2009","Greece","Perfluorocarbones (CO2 equivalent)","Total - all NACE activities","Thousand tonnes","91.3454"
"2009","Greece","Sulphur hexafluoride and nitrogen trifluoride (CO2 equivalent) ","Total - all NACE activities","Thousand tonnes","5.016"
"2009","Spain","Carbon dioxide","Total - all NACE activities","Thousand tonnes","237,738.601"
"2009","Spain","Methane (CO2 equivalent)","Total - all NACE activities","Thousand tonnes","40,667.11353"
"2009","Spain","Nitrous oxide (CO2 equivalent)","Total - all NACE activities","Thousand tonnes","14,726.15293"
"2009","Spain","Hydrofluorocarbones (CO2 equivalent)","Total - all NACE activities","Thousand tonnes","10,652.25902"
"2009","Spain","Perfluorocarbones (CO2 equivalent)","Total - all NACE activities","Thousand tonnes","109.12345"
"2009","Spain","Sulphur hexafluoride and nitrogen trifluoride (CO2 equivalent) ","Total - all NACE activities","Thousand tonnes","240.14213"
"2009","France","Carbon dioxide","Total - all NACE activities","Thousand tonnes","262,523.866"
"2009","France","Methane (CO2 equivalent)","Total - all NACE activities","Thousand tonnes","59,374.5206"
"2009","France","Nitrous oxide (CO2 equivalent)","Total - all NACE activities","Thousand tonnes","42,802.49467"
"2009","France","Hydrofluorocarbones (CO2 equivalent)","Total - all NACE activities","Thousand tonnes","12,172.36865"
"2009","France","Perfluorocarbones (CO2 equivalent)","Total - all NACE activities","Thousand tonnes","557.88206"
"2009","France","Sulphur hexafluoride and nitrogen trifluoride (CO2 equivalent) ","Total - all NACE activities","Thousand tonnes","986.60018"
"2009","Croatia","Carbon dioxide","Total - all NACE activities","Thousand tonnes","16,287.925"
"2009","Croatia","Methane (CO2 equivalent)","Total - all NACE activities","Thousand tonnes","3,018.89027"
"2009","Croatia","Nitrous oxide (CO2 equivalent)","Total - all NACE activities","Thousand tonnes","2,144.27942"
"2009","Croatia","Hydrofluorocarbones (CO2 equivalent)","Total - all NACE activities","Thousand tonnes","201.50445"
"2009","Croatia","Perfluorocarbones (CO2 equivalent)","Total - all NACE activities","Thousand tonnes","0.25788"
"2009","Croatia","Sulphur hexafluoride and nitrogen trifluoride (CO2 equivalent) ","Total - all NACE activities","Thousand tonnes","8.02796"
"2009","Italy","Carbon dioxide","Total - all NACE activities","Thousand tonnes","314,675.234"
"2009","Italy","Methane (CO2 equivalent)","Total - all NACE activities","Thousand tonnes","46,273.60168"
"2009","Italy","Nitrous oxide (CO2 equivalent)","Total - all NACE activities","Thousand tonnes","18,207.62507"
"2009","Italy","Hydrofluorocarbones (CO2 equivalent)","Total - all NACE activities","Thousand tonnes","7,236.15793"
"2009","Italy","Perfluorocarbones (CO2 equivalent)","Total - all NACE activities","Thousand tonnes","1,215.36019"
"2009","Italy","Sulphur hexafluoride and nitrogen trifluoride (CO2 equivalent) ","Total - all NACE activities","Thousand tonnes","486.83895"
"2009","Cyprus","Carbon dioxide","Total - all NACE activities","Thousand tonnes","7,260.636"
"2009","Cyprus","Methane (CO2 equivalent)","Total - all NACE activities","Thousand tonnes","884.85733"
"2009","Cyprus","Nitrous oxide (CO2 equivalent)","Total - all NACE activities","Thousand tonnes","272.27172"
"2009","Cyprus","Hydrofluorocarbones (CO2 equivalent)","Total - all NACE activities","Thousand tonnes","217.47878"
"2009","Cyprus","Perfluorocarbones (CO2 equivalent)","Total - all NACE activities","Thousand tonnes","0"
"2009","Cyprus","Sulphur hexafluoride and nitrogen trifluoride (CO2 equivalent) ","Total - all NACE activities","Thousand tonnes","0.16112"
"2009","Latvia","Carbon dioxide","Total - all NACE activities","Thousand tonnes","7,110.116"
"2009","Latvia","Methane (CO2 equivalent)","Total - all NACE activities","Thousand tonnes","1,693.57681"
"2009","Latvia","Nitrous oxide (CO2 equivalent)","Total - all NACE activities","Thousand tonnes","1,627.41064"
"2009","Latvia","Hydrofluorocarbones (CO2 equivalent)","Total - all NACE activities","Thousand tonnes","112.02491"
"2009","Latvia","Perfluorocarbones (CO2 equivalent)","Total - all NACE activities","Thousand tonnes","0"
"2009","Latvia","Sulphur hexafluoride and nitrogen trifluoride (CO2 equivalent) ","Total - all NACE activities","Thousand tonnes","7.32816"
"2009","Lithuania","Carbon dioxide","Total - all NACE activities","Thousand tonnes","12,395.841"
"2009","Lithuania","Methane (CO2 equivalent)","Total - all NACE activities","Thousand tonnes","3,519.37587"
"2009","Lithuania","Nitrous oxide (CO2 equivalent)","Total - all NACE activities","Thousand tonnes","3,205.26876"
"2009","Lithuania","Hydrofluorocarbones (CO2 equivalent)","Total - all NACE activities","Thousand tonnes","160.3999"
"2009","Lithuania","Perfluorocarbones (CO2 equivalent)","Total - all NACE activities","Thousand tonnes","0"
"2009","Lithuania","Sulphur hexafluoride and nitrogen trifluoride (CO2 equivalent) ","Total - all NACE activities","Thousand tonnes","3.05126"
"2009","Luxembourg","Carbon dioxide","Total - all NACE activities","Thousand tonnes","7,412.764"
"2009","Luxembourg","Methane (CO2 equivalent)","Total - all NACE activities","Thousand tonnes","622.1544"
"2009","Luxembourg","Nitrous oxide (CO2 equivalent)","Total - all NACE activities","Thousand tonnes","256.6379"
"2009","Luxembourg","Hydrofluorocarbones (CO2 equivalent)","Total - all NACE activities","Thousand tonnes","17.5267"
"2009","Luxembourg","Perfluorocarbones (CO2 equivalent)","Total - all NACE activities","Thousand tonnes","0"
"2009","Luxembourg","Sulphur hexafluoride and nitrogen trifluoride (CO2 equivalent) ","Total - all NACE activities","Thousand tonnes","6.4949"
"2009","Hungary","Carbon dioxide","Total - all NACE activities","Thousand tonnes","37,963.006"
"2009","Hungary","Methane (CO2 equivalent)","Total - all NACE activities","Thousand tonnes","7,558.58315"
"2009","Hungary","Nitrous oxide (CO2 equivalent)","Total - all NACE activities","Thousand tonnes","3,508.39288"
"2009","Hungary","Hydrofluorocarbones (CO2 equivalent)","Total - all NACE activities","Thousand tonnes","959.83441"
"2009","Hungary","Perfluorocarbones (CO2 equivalent)","Total - all NACE activities","Thousand tonnes","3.6989"
"2009","Hungary","Sulphur hexafluoride and nitrogen trifluoride (CO2 equivalent) ","Total - all NACE activities","Thousand tonnes","84.24073"
"2009","Malta","Carbon dioxide","Total - all NACE activities","Thousand tonnes","3,434.523"
"2009","Malta","Methane (CO2 equivalent)","Total - all NACE activities","Thousand tonnes","160.18436"
"2009","Malta","Nitrous oxide (CO2 equivalent)","Total - all NACE activities","Thousand tonnes","51.79853"
"2009","Malta","Hydrofluorocarbones (CO2 equivalent)","Total - all NACE activities","Thousand tonnes","82.25002"
"2009","Malta","Perfluorocarbones (CO2 equivalent)","Total - all NACE activities","Thousand tonnes","0"
"2009","Malta","Sulphur hexafluoride and nitrogen trifluoride (CO2 equivalent) ","Total - all NACE activities","Thousand tonnes","1.48391"
"2009","Netherlands","Carbon dioxide","Total - all NACE activities","Thousand tonnes","165,371.191"
"2009","Netherlands","Methane (CO2 equivalent)","Total - all NACE activities","Thousand tonnes","19,611.19409"
"2009","Netherlands","Nitrous oxide (CO2 equivalent)","Total - all NACE activities","Thousand tonnes","8,337.93617"
"2009","Netherlands","Hydrofluorocarbones (CO2 equivalent)","Total - all NACE activities","Thousand tonnes","1,968.79206"
"2009","Netherlands","Perfluorocarbones (CO2 equivalent)","Total - all NACE activities","Thousand tonnes","229.83232"
"2009","Netherlands","Sulphur hexafluoride and nitrogen trifluoride (CO2 equivalent) ","Total - all NACE activities","Thousand tonnes",":"
"2009","Austria","Carbon dioxide","Total - all NACE activities","Thousand tonnes","50,925.785"
"2009","Austria","Methane (CO2 equivalent)","Total - all NACE activities","Thousand tonnes","7,086.1544"
"2009","Austria","Nitrous oxide (CO2 equivalent)","Total - all NACE activities","Thousand tonnes","3,335.70386"
"2009","Austria","Hydrofluorocarbones (CO2 equivalent)","Total - all NACE activities","Thousand tonnes","1,098.70533"
"2009","Austria","Perfluorocarbones (CO2 equivalent)","Total - all NACE activities","Thousand tonnes","36.02206"
"2009","Austria","Sulphur hexafluoride and nitrogen trifluoride (CO2 equivalent) ","Total - all NACE activities","Thousand tonnes","294.40461"
"2009","Poland","Carbon dioxide","Total - all NACE activities","Thousand tonnes","273,194.05"
"2009","Poland","Methane (CO2 equivalent)","Total - all NACE activities","Thousand tonnes","45,141.18663"
"2009","Poland","Nitrous oxide (CO2 equivalent)","Total - all NACE activities","Thousand tonnes","19,625.73008"
"2009","Poland","Hydrofluorocarbones (CO2 equivalent)","Total - all NACE activities","Thousand tonnes","5,711.27706"
"2009","Poland","Perfluorocarbones (CO2 equivalent)","Total - all NACE activities","Thousand tonnes","16.17117"
"2009","Poland","Sulphur hexafluoride and nitrogen trifluoride (CO2 equivalent) ","Total - all NACE activities","Thousand tonnes","37.60295"
"2009","Portugal","Carbon dioxide","Total - all NACE activities","Thousand tonnes","48,126.7"
"2009","Portugal","Methane (CO2 equivalent)","Total - all NACE activities","Thousand tonnes","11,641.8325"
"2009","Portugal","Nitrous oxide (CO2 equivalent)","Total - all NACE activities","Thousand tonnes","3,272.2784"
"2009","Portugal","Hydrofluorocarbones (CO2 equivalent)","Total - all NACE activities","Thousand tonnes","976.0867"
"2009","Portugal","Perfluorocarbones (CO2 equivalent)","Total - all NACE activities","Thousand tonnes","6.6093"
"2009","Portugal","Sulphur hexafluoride and nitrogen trifluoride (CO2 equivalent) ","Total - all NACE activities","Thousand tonnes","33.1441"
"2009","Romania","Carbon dioxide","Total - all NACE activities","Thousand tonnes","73,545.149"
"2009","Romania","Methane (CO2 equivalent)","Total - all NACE activities","Thousand tonnes","31,045.55893"
"2009","Romania","Nitrous oxide (CO2 equivalent)","Total - all NACE activities","Thousand tonnes","7,081.51576"
"2009","Romania","Hydrofluorocarbones (CO2 equivalent)","Total - all NACE activities","Thousand tonnes","924.4245"
"2009","Romania","Perfluorocarbones (CO2 equivalent)","Total - all NACE activities","Thousand tonnes","8.1569"
"2009","Romania","Sulphur hexafluoride and nitrogen trifluoride (CO2 equivalent) ","Total - all NACE activities","Thousand tonnes","47.03341"
"2009","Slovenia","Carbon dioxide","Total - all NACE activities","Thousand tonnes","13,792.304"
"2009","Slovenia","Methane (CO2 equivalent)","Total - all NACE activities","Thousand tonnes","2,031.86877"
"2009","Slovenia","Nitrous oxide (CO2 equivalent)","Total - all NACE activities","Thousand tonnes","738.38462"
"2009","Slovenia","Hydrofluorocarbones (CO2 equivalent)","Total - all NACE activities","Thousand tonnes","108.65673"
"2009","Slovenia","Perfluorocarbones (CO2 equivalent)","Total - all NACE activities","Thousand tonnes","5.23651"
"2009","Slovenia","Sulphur hexafluoride and nitrogen trifluoride (CO2 equivalent) ","Total - all NACE activities","Thousand tonnes","17.16496"
"2009","Slovakia","Carbon dioxide","Total - all NACE activities","Thousand tonnes","35,389.182"
"2009","Slovakia","Methane (CO2 equivalent)","Total - all NACE activities","Thousand tonnes","4,409.70557"
"2009","Slovakia","Nitrous oxide (CO2 equivalent)","Total - all NACE activities","Thousand tonnes","2,959.96493"
"2009","Slovakia","Hydrofluorocarbones (CO2 equivalent)","Total - all NACE activities","Thousand tonnes","445.96124"
"2009","Slovakia","Perfluorocarbones (CO2 equivalent)","Total - all NACE activities","Thousand tonnes","21.00085"
"2009","Slovakia","Sulphur hexafluoride and nitrogen trifluoride (CO2 equivalent) ","Total - all NACE activities","Thousand tonnes","19.51135"
"2009","Finland","Carbon dioxide","Total - all NACE activities","Thousand tonnes","52,351.05"
"2009","Finland","Methane (CO2 equivalent)","Total - all NACE activities","Thousand tonnes","5,103.58248"
"2009","Finland","Nitrous oxide (CO2 equivalent)","Total - all NACE activities","Thousand tonnes","5,048.06081"
"2009","Finland","Hydrofluorocarbones (CO2 equivalent)","Total - all NACE activities","Thousand tonnes","912.45586"
"2009","Finland","Perfluorocarbones (CO2 equivalent)","Total - all NACE activities","Thousand tonnes","11.51217"
"2009","Finland","Sulphur hexafluoride and nitrogen trifluoride (CO2 equivalent) ","Total - all NACE activities","Thousand tonnes","26.71052"
"2009","Sweden","Carbon dioxide","Total - all NACE activities","Thousand tonnes","45,810.154"
"2009","Sweden","Methane (CO2 equivalent)","Total - all NACE activities","Thousand tonnes","5,316.91829"
"2009","Sweden","Nitrous oxide (CO2 equivalent)","Total - all NACE activities","Thousand tonnes","4,696.38677"
"2009","Sweden","Hydrofluorocarbones (CO2 equivalent)","Total - all NACE activities","Thousand tonnes","704.26158"
"2009","Sweden","Perfluorocarbones (CO2 equivalent)","Total - all NACE activities","Thousand tonnes","46.66016"
"2009","Sweden","Sulphur hexafluoride and nitrogen trifluoride (CO2 equivalent) ","Total - all NACE activities","Thousand tonnes","69.48228"
"2009","United Kingdom","Carbon dioxide","Total - all NACE activities","Thousand tonnes","400,184.923"
"2009","United Kingdom","Methane (CO2 equivalent)","Total - all NACE activities","Thousand tonnes","70,681.9037"
"2009","United Kingdom","Nitrous oxide (CO2 equivalent)","Total - all NACE activities","Thousand tonnes","21,811.50416"
"2009","United Kingdom","Hydrofluorocarbones (CO2 equivalent)","Total - all NACE activities","Thousand tonnes","11,727.10749"
"2009","United Kingdom","Perfluorocarbones (CO2 equivalent)","Total - all NACE activities","Thousand tonnes","197.33059"
"2009","United Kingdom","Sulphur hexafluoride and nitrogen trifluoride (CO2 equivalent) ","Total - all NACE activities","Thousand tonnes","592.49289"
"2009","Norway","Carbon dioxide","Total - all NACE activities","Thousand tonnes","51,053.005"
"2009","Norway","Methane (CO2 equivalent)","Total - all NACE activities","Thousand tonnes","5,116.35896"
"2009","Norway","Nitrous oxide (CO2 equivalent)","Total - all NACE activities","Thousand tonnes","2,704.4814"
"2009","Norway","Hydrofluorocarbones (CO2 equivalent)","Total - all NACE activities","Thousand tonnes","648.9287"
"2009","Norway","Perfluorocarbones (CO2 equivalent)","Total - all NACE activities","Thousand tonnes","438.34656"
"2009","Norway","Sulphur hexafluoride and nitrogen trifluoride (CO2 equivalent) ","Total - all NACE activities","Thousand tonnes","47.80802"
"2009","Switzerland","Carbon dioxide","Total - all NACE activities","Thousand tonnes","26,715.375"
"2009","Switzerland","Methane (CO2 equivalent)","Total - all NACE activities","Thousand tonnes","5,188.32624"
"2009","Switzerland","Nitrous oxide (CO2 equivalent)","Total - all NACE activities","Thousand tonnes","2,347.56877"
"2009","Switzerland","Hydrofluorocarbones (CO2 equivalent)","Total - all NACE activities","Thousand tonnes","979.52959"
"2009","Switzerland","Perfluorocarbones (CO2 equivalent)","Total - all NACE activities","Thousand tonnes","62.9106"
"2009","Switzerland","Sulphur hexafluoride and nitrogen trifluoride (CO2 equivalent) ","Total - all NACE activities","Thousand tonnes","180.21809"
"2009","Serbia","Carbon dioxide","Total - all NACE activities","Thousand tonnes",":"
"2009","Serbia","Methane (CO2 equivalent)","Total - all NACE activities","Thousand tonnes",":"
"2009","Serbia","Nitrous oxide (CO2 equivalent)","Total - all NACE activities","Thousand tonnes",":"
"2009","Serbia","Hydrofluorocarbones (CO2 equivalent)","Total - all NACE activities","Thousand tonnes",":"
"2009","Serbia","Perfluorocarbones (CO2 equivalent)","Total - all NACE activities","Thousand tonnes",":"
"2009","Serbia","Sulphur hexafluoride and nitrogen trifluoride (CO2 equivalent) ","Total - all NACE activities","Thousand tonnes",":"
"2009","Turkey","Carbon dioxide","Total - all NACE activities","Thousand tonnes","243,205.064"
"2009","Turkey","Methane (CO2 equivalent)","Total - all NACE activities","Thousand tonnes","44,930.76975"
"2009","Turkey","Nitrous oxide (CO2 equivalent)","Total - all NACE activities","Thousand tonnes","27,147.64964"
"2009","Turkey","Hydrofluorocarbones (CO2 equivalent)","Total - all NACE activities","Thousand tonnes",":"
"2009","Turkey","Perfluorocarbones (CO2 equivalent)","Total - all NACE activities","Thousand tonnes",":"
"2009","Turkey","Sulphur hexafluoride and nitrogen trifluoride (CO2 equivalent) ","Total - all NACE activities","Thousand tonnes",":"
"2010","European Union (current composition)","Carbon dioxide","Total - all NACE activities","Thousand tonnes","3,238,838.595"
"2010","European Union (current composition)","Methane (CO2 equivalent)","Total - all NACE activities","Thousand tonnes","468,325.70632"
"2010","European Union (current composition)","Nitrous oxide (CO2 equivalent)","Total - all NACE activities","Thousand tonnes","229,847.755"
"2010","European Union (current composition)","Hydrofluorocarbones (CO2 equivalent)","Total - all NACE activities","Thousand tonnes","83,792.01887"
"2010","European Union (current composition)","Perfluorocarbones (CO2 equivalent)","Total - all NACE activities","Thousand tonnes","3,832.45027"
"2010","European Union (current composition)","Sulphur hexafluoride and nitrogen trifluoride (CO2 equivalent) ","Total - all NACE activities","Thousand tonnes",":"
"2010","Belgium","Carbon dioxide","Total - all NACE activities","Thousand tonnes","82,575.303"
"2010","Belgium","Methane (CO2 equivalent)","Total - all NACE activities","Thousand tonnes","8,475.19188"
"2010","Belgium","Nitrous oxide (CO2 equivalent)","Total - all NACE activities","Thousand tonnes","7,568.89234"
"2010","Belgium","Hydrofluorocarbones (CO2 equivalent)","Total - all NACE activities","Thousand tonnes","2,118.46161"
"2010","Belgium","Perfluorocarbones (CO2 equivalent)","Total - all NACE activities","Thousand tonnes","106.61438"
"2010","Belgium","Sulphur hexafluoride and nitrogen trifluoride (CO2 equivalent) ","Total - all NACE activities","Thousand tonnes","101.82145"
"2010","Bulgaria","Carbon dioxide","Total - all NACE activities","Thousand tonnes","45,659.989"
"2010","Bulgaria","Methane (CO2 equivalent)","Total - all NACE activities","Thousand tonnes","2,550.26099"
"2010","Bulgaria","Nitrous oxide (CO2 equivalent)","Total - all NACE activities","Thousand tonnes","2,794.41449"
"2010","Bulgaria","Hydrofluorocarbones (CO2 equivalent)","Total - all NACE activities","Thousand tonnes","421.92615"
"2010","Bulgaria","Perfluorocarbones (CO2 equivalent)","Total - all NACE activities","Thousand tonnes","0.06374"
"2010","Bulgaria","Sulphur hexafluoride and nitrogen trifluoride (CO2 equivalent) ","Total - all NACE activities","Thousand tonnes","12.46781"
"2010","Czech Republic","Carbon dioxide","Total - all NACE activities","Thousand tonnes","93,577.574"
"2010","Czech Republic","Methane (CO2 equivalent)","Total - all NACE activities","Thousand tonnes","14,306.55019"
"2010","Czech Republic","Nitrous oxide (CO2 equivalent)","Total - all NACE activities","Thousand tonnes","4,433.63009"
"2010","Czech Republic","Hydrofluorocarbones (CO2 equivalent)","Total - all NACE activities","Thousand tonnes","2,348.97389"
"2010","Czech Republic","Perfluorocarbones (CO2 equivalent)","Total - all NACE activities","Thousand tonnes","48.0128"
"2010","Czech Republic","Sulphur hexafluoride and nitrogen trifluoride (CO2 equivalent) ","Total - all NACE activities","Thousand tonnes","80.22726"
"2010","Denmark","Carbon dioxide","Total - all NACE activities","Thousand tonnes","78,266.451"
"2010","Denmark","Methane (CO2 equivalent)","Total - all NACE activities","Thousand tonnes","7,201.38183"
"2010","Denmark","Nitrous oxide (CO2 equivalent)","Total - all NACE activities","Thousand tonnes","5,330.95057"
"2010","Denmark","Hydrofluorocarbones (CO2 equivalent)","Total - all NACE activities","Thousand tonnes","843.46499"
"2010","Denmark","Perfluorocarbones (CO2 equivalent)","Total - all NACE activities","Thousand tonnes","18.66069"
"2010","Denmark","Sulphur hexafluoride and nitrogen trifluoride (CO2 equivalent) ","Total - all NACE activities","Thousand tonnes","35.76403"
"2010","Germany (until 1990 former territory of the FRG)","Carbon dioxide","Total - all NACE activities","Thousand tonnes","695,626.532"
"2010","Germany (until 1990 former territory of the FRG)","Methane (CO2 equivalent)","Total - all NACE activities","Thousand tonnes","56,518.60051"
"2010","Germany (until 1990 former territory of the FRG)","Nitrous oxide (CO2 equivalent)","Total - all NACE activities","Thousand tonnes","36,338.76538"
"2010","Germany (until 1990 former territory of the FRG)","Hydrofluorocarbones (CO2 equivalent)","Total - all NACE activities","Thousand tonnes","10,752.93737"
"2010","Germany (until 1990 former territory of the FRG)","Perfluorocarbones (CO2 equivalent)","Total - all NACE activities","Thousand tonnes","345.88615"
"2010","Germany (until 1990 former territory of the FRG)","Sulphur hexafluoride and nitrogen trifluoride (CO2 equivalent) ","Total - all NACE activities","Thousand tonnes","3,161.46935"
"2010","Estonia","Carbon dioxide","Total - all NACE activities","Thousand tonnes","18,801.192"
"2010","Estonia","Methane (CO2 equivalent)","Total - all NACE activities","Thousand tonnes","1,058.53379"
"2010","Estonia","Nitrous oxide (CO2 equivalent)","Total - all NACE activities","Thousand tonnes","731.34802"
"2010","Estonia","Hydrofluorocarbones (CO2 equivalent)","Total - all NACE activities","Thousand tonnes","154.73978"
"2010","Estonia","Perfluorocarbones (CO2 equivalent)","Total - all NACE activities","Thousand tonnes","0"
"2010","Estonia","Sulphur hexafluoride and nitrogen trifluoride (CO2 equivalent) ","Total - all NACE activities","Thousand tonnes","1.72884"
"2010","Ireland","Carbon dioxide","Total - all NACE activities","Thousand tonnes","34,173.64"
"2010","Ireland","Methane (CO2 equivalent)","Total - all NACE activities","Thousand tonnes","11,766.24298"
"2010","Ireland","Nitrous oxide (CO2 equivalent)","Total - all NACE activities","Thousand tonnes","6,975.20456"
"2010","Ireland","Hydrofluorocarbones (CO2 equivalent)","Total - all NACE activities","Thousand tonnes","627.02941"
"2010","Ireland","Perfluorocarbones (CO2 equivalent)","Total - all NACE activities","Thousand tonnes","46.5838"
"2010","Ireland","Sulphur hexafluoride and nitrogen trifluoride (CO2 equivalent) ","Total - all NACE activities","Thousand tonnes","32.83796"
"2010","Greece","Carbon dioxide","Total - all NACE activities","Thousand tonnes","77,284.853"
"2010","Greece","Methane (CO2 equivalent)","Total - all NACE activities","Thousand tonnes","10,805.58574"
"2010","Greece","Nitrous oxide (CO2 equivalent)","Total - all NACE activities","Thousand tonnes","5,340.57521"
"2010","Greece","Hydrofluorocarbones (CO2 equivalent)","Total - all NACE activities","Thousand tonnes","4,388.66802"
"2010","Greece","Perfluorocarbones (CO2 equivalent)","Total - all NACE activities","Thousand tonnes","129.43835"
"2010","Greece","Sulphur hexafluoride and nitrogen trifluoride (CO2 equivalent) ","Total - all NACE activities","Thousand tonnes","5.8596"
"2010","Spain","Carbon dioxide","Total - all NACE activities","Thousand tonnes","222,995.098"
"2010","Spain","Methane (CO2 equivalent)","Total - all NACE activities","Thousand tonnes","38,271.14336"
"2010","Spain","Nitrous oxide (CO2 equivalent)","Total - all NACE activities","Thousand tonnes","15,142.63925"
"2010","Spain","Hydrofluorocarbones (CO2 equivalent)","Total - all NACE activities","Thousand tonnes","12,049.28549"
"2010","Spain","Perfluorocarbones (CO2 equivalent)","Total - all NACE activities","Thousand tonnes","95.61234"
"2010","Spain","Sulphur hexafluoride and nitrogen trifluoride (CO2 equivalent) ","Total - all NACE activities","Thousand tonnes","243.2743"
"2010","France","Carbon dioxide","Total - all NACE activities","Thousand tonnes","269,164.82"
"2010","France","Methane (CO2 equivalent)","Total - all NACE activities","Thousand tonnes","58,893.12005"
"2010","France","Nitrous oxide (CO2 equivalent)","Total - all NACE activities","Thousand tonnes","40,440.00619"
"2010","France","Hydrofluorocarbones (CO2 equivalent)","Total - all NACE activities","Thousand tonnes","13,159.82753"
"2010","France","Perfluorocarbones (CO2 equivalent)","Total - all NACE activities","Thousand tonnes","612.12022"
"2010","France","Sulphur hexafluoride and nitrogen trifluoride (CO2 equivalent) ","Total - all NACE activities","Thousand tonnes","919.68153"
"2010","Croatia","Carbon dioxide","Total - all NACE activities","Thousand tonnes","15,731.791"
"2010","Croatia","Methane (CO2 equivalent)","Total - all NACE activities","Thousand tonnes","3,022.39569"
"2010","Croatia","Nitrous oxide (CO2 equivalent)","Total - all NACE activities","Thousand tonnes","2,216.25297"
"2010","Croatia","Hydrofluorocarbones (CO2 equivalent)","Total - all NACE activities","Thousand tonnes","224.88271"
"2010","Croatia","Perfluorocarbones (CO2 equivalent)","Total - all NACE activities","Thousand tonnes","0.0339"
"2010","Croatia","Sulphur hexafluoride and nitrogen trifluoride (CO2 equivalent) ","Total - all NACE activities","Thousand tonnes","8.95073"
"2010","Italy","Carbon dioxide","Total - all NACE activities","Thousand tonnes","322,278.454"
"2010","Italy","Methane (CO2 equivalent)","Total - all NACE activities","Thousand tonnes","46,011.101"
"2010","Italy","Nitrous oxide (CO2 equivalent)","Total - all NACE activities","Thousand tonnes","17,496.52526"
"2010","Italy","Hydrofluorocarbones (CO2 equivalent)","Total - all NACE activities","Thousand tonnes","7,797.58255"
"2010","Italy","Perfluorocarbones (CO2 equivalent)","Total - all NACE activities","Thousand tonnes","1,520.38621"
"2010","Italy","Sulphur hexafluoride and nitrogen trifluoride (CO2 equivalent) ","Total - all NACE activities","Thousand tonnes","410.71669"
"2010","Cyprus","Carbon dioxide","Total - all NACE activities","Thousand tonnes","6,859.837"
"2010","Cyprus","Methane (CO2 equivalent)","Total - all NACE activities","Thousand tonnes","904.98572"
"2010","Cyprus","Nitrous oxide (CO2 equivalent)","Total - all NACE activities","Thousand tonnes","288.00805"
"2010","Cyprus","Hydrofluorocarbones (CO2 equivalent)","Total - all NACE activities","Thousand tonnes","244.14317"
"2010","Cyprus","Perfluorocarbones (CO2 equivalent)","Total - all NACE activities","Thousand tonnes","0"
"2010","Cyprus","Sulphur hexafluoride and nitrogen trifluoride (CO2 equivalent) ","Total - all NACE activities","Thousand tonnes","0.15071"
"2010","Latvia","Carbon dioxide","Total - all NACE activities","Thousand tonnes","8,444.242"
"2010","Latvia","Methane (CO2 equivalent)","Total - all NACE activities","Thousand tonnes","1,713.34577"
"2010","Latvia","Nitrous oxide (CO2 equivalent)","Total - all NACE activities","Thousand tonnes","1,665.30401"
"2010","Latvia","Hydrofluorocarbones (CO2 equivalent)","Total - all NACE activities","Thousand tonnes","123.88418"
"2010","Latvia","Perfluorocarbones (CO2 equivalent)","Total - all NACE activities","Thousand tonnes","0"
"2010","Latvia","Sulphur hexafluoride and nitrogen trifluoride (CO2 equivalent) ","Total - all NACE activities","Thousand tonnes","7.35117"
"2010","Lithuania","Carbon dioxide","Total - all NACE activities","Thousand tonnes","13,437.679"
"2010","Lithuania","Methane (CO2 equivalent)","Total - all NACE activities","Thousand tonnes","3,485.11739"
"2010","Lithuania","Nitrous oxide (CO2 equivalent)","Total - all NACE activities","Thousand tonnes","3,117.96825"
"2010","Lithuania","Hydrofluorocarbones (CO2 equivalent)","Total - all NACE activities","Thousand tonnes","198.39756"
"2010","Lithuania","Perfluorocarbones (CO2 equivalent)","Total - all NACE activities","Thousand tonnes","0"
"2010","Lithuania","Sulphur hexafluoride and nitrogen trifluoride (CO2 equivalent) ","Total - all NACE activities","Thousand tonnes","5.99405"
"2010","Luxembourg","Carbon dioxide","Total - all NACE activities","Thousand tonnes","7,509.86"
"2010","Luxembourg","Methane (CO2 equivalent)","Total - all NACE activities","Thousand tonnes","622.9841"
"2010","Luxembourg","Nitrous oxide (CO2 equivalent)","Total - all NACE activities","Thousand tonnes","256.40218"
"2010","Luxembourg","Hydrofluorocarbones (CO2 equivalent)","Total - all NACE activities","Thousand tonnes","18.2704"
"2010","Luxembourg","Perfluorocarbones (CO2 equivalent)","Total - all NACE activities","Thousand tonnes","0"
"2010","Luxembourg","Sulphur hexafluoride and nitrogen trifluoride (CO2 equivalent) ","Total - all NACE activities","Thousand tonnes","6.8706"
"2010","Hungary","Carbon dioxide","Total - all NACE activities","Thousand tonnes","39,271.688"
"2010","Hungary","Methane (CO2 equivalent)","Total - all NACE activities","Thousand tonnes","7,479.08625"
"2010","Hungary","Nitrous oxide (CO2 equivalent)","Total - all NACE activities","Thousand tonnes","3,443.02694"
"2010","Hungary","Hydrofluorocarbones (CO2 equivalent)","Total - all NACE activities","Thousand tonnes","1,048.45032"
"2010","Hungary","Perfluorocarbones (CO2 equivalent)","Total - all NACE activities","Thousand tonnes","1.52109"
"2010","Hungary","Sulphur hexafluoride and nitrogen trifluoride (CO2 equivalent) ","Total - all NACE activities","Thousand tonnes","87.33698"
"2010","Malta","Carbon dioxide","Total - all NACE activities","Thousand tonnes","3,722.536"
"2010","Malta","Methane (CO2 equivalent)","Total - all NACE activities","Thousand tonnes","178.41029"
"2010","Malta","Nitrous oxide (CO2 equivalent)","Total - all NACE activities","Thousand tonnes","51.41094"
"2010","Malta","Hydrofluorocarbones (CO2 equivalent)","Total - all NACE activities","Thousand tonnes","88.32357"
"2010","Malta","Perfluorocarbones (CO2 equivalent)","Total - all NACE activities","Thousand tonnes","0"
"2010","Malta","Sulphur hexafluoride and nitrogen trifluoride (CO2 equivalent) ","Total - all NACE activities","Thousand tonnes","1.6801"
"2010","Netherlands","Carbon dioxide","Total - all NACE activities","Thousand tonnes","173,356.032"
"2010","Netherlands","Methane (CO2 equivalent)","Total - all NACE activities","Thousand tonnes","19,508.27218"
"2010","Netherlands","Nitrous oxide (CO2 equivalent)","Total - all NACE activities","Thousand tonnes","8,041.22317"
"2010","Netherlands","Hydrofluorocarbones (CO2 equivalent)","Total - all NACE activities","Thousand tonnes","2,285.4186"
"2010","Netherlands","Perfluorocarbones (CO2 equivalent)","Total - all NACE activities","Thousand tonnes","286.82455"
"2010","Netherlands","Sulphur hexafluoride and nitrogen trifluoride (CO2 equivalent) ","Total - all NACE activities","Thousand tonnes",":"
"2010","Austria","Carbon dioxide","Total - all NACE activities","Thousand tonnes","54,833.156"
"2010","Austria","Methane (CO2 equivalent)","Total - all NACE activities","Thousand tonnes","6,961.37834"
"2010","Austria","Nitrous oxide (CO2 equivalent)","Total - all NACE activities","Thousand tonnes","3,124.36028"
"2010","Austria","Hydrofluorocarbones (CO2 equivalent)","Total - all NACE activities","Thousand tonnes","1,263.79716"
"2010","Austria","Perfluorocarbones (CO2 equivalent)","Total - all NACE activities","Thousand tonnes","78.04896"
"2010","Austria","Sulphur hexafluoride and nitrogen trifluoride (CO2 equivalent) ","Total - all NACE activities","Thousand tonnes","290.39573"
"2010","Poland","Carbon dioxide","Total - all NACE activities","Thousand tonnes","286,382.12"
"2010","Poland","Methane (CO2 equivalent)","Total - all NACE activities","Thousand tonnes","44,772.49347"
"2010","Poland","Nitrous oxide (CO2 equivalent)","Total - all NACE activities","Thousand tonnes","19,271.52529"
"2010","Poland","Hydrofluorocarbones (CO2 equivalent)","Total - all NACE activities","Thousand tonnes","6,452.21696"
"2010","Poland","Perfluorocarbones (CO2 equivalent)","Total - all NACE activities","Thousand tonnes","15.36261"
"2010","Poland","Sulphur hexafluoride and nitrogen trifluoride (CO2 equivalent) ","Total - all NACE activities","Thousand tonnes","35.36857"
"2010","Portugal","Carbon dioxide","Total - all NACE activities","Thousand tonnes","43,415"
"2010","Portugal","Methane (CO2 equivalent)","Total - all NACE activities","Thousand tonnes","11,656.2475"
"2010","Portugal","Nitrous oxide (CO2 equivalent)","Total - all NACE activities","Thousand tonnes","3,245.1306"
"2010","Portugal","Hydrofluorocarbones (CO2 equivalent)","Total - all NACE activities","Thousand tonnes","1,025.896"
"2010","Portugal","Perfluorocarbones (CO2 equivalent)","Total - all NACE activities","Thousand tonnes","7.9289"
"2010","Portugal","Sulphur hexafluoride and nitrogen trifluoride (CO2 equivalent) ","Total - all NACE activities","Thousand tonnes","34.6942"
"2010","Romania","Carbon dioxide","Total - all NACE activities","Thousand tonnes","72,476.293"
"2010","Romania","Methane (CO2 equivalent)","Total - all NACE activities","Thousand tonnes","28,900.89065"
"2010","Romania","Nitrous oxide (CO2 equivalent)","Total - all NACE activities","Thousand tonnes","7,309.60197"
"2010","Romania","Hydrofluorocarbones (CO2 equivalent)","Total - all NACE activities","Thousand tonnes","982.4649"
"2010","Romania","Perfluorocarbones (CO2 equivalent)","Total - all NACE activities","Thousand tonnes","9.13219"
"2010","Romania","Sulphur hexafluoride and nitrogen trifluoride (CO2 equivalent) ","Total - all NACE activities","Thousand tonnes","60.70523"
"2010","Slovenia","Carbon dioxide","Total - all NACE activities","Thousand tonnes","13,713.807"
"2010","Slovenia","Methane (CO2 equivalent)","Total - all NACE activities","Thousand tonnes","2,008.46128"
"2010","Slovenia","Nitrous oxide (CO2 equivalent)","Total - all NACE activities","Thousand tonnes","726.07769"
"2010","Slovenia","Hydrofluorocarbones (CO2 equivalent)","Total - all NACE activities","Thousand tonnes","121.86655"
"2010","Slovenia","Perfluorocarbones (CO2 equivalent)","Total - all NACE activities","Thousand tonnes","9.6398"
"2010","Slovenia","Sulphur hexafluoride and nitrogen trifluoride (CO2 equivalent) ","Total - all NACE activities","Thousand tonnes","17.94278"
"2010","Slovakia","Carbon dioxide","Total - all NACE activities","Thousand tonnes","35,949.618"
"2010","Slovakia","Methane (CO2 equivalent)","Total - all NACE activities","Thousand tonnes","4,448.41976"
"2010","Slovakia","Nitrous oxide (CO2 equivalent)","Total - all NACE activities","Thousand tonnes","2,806.41329"
"2010","Slovakia","Hydrofluorocarbones (CO2 equivalent)","Total - all NACE activities","Thousand tonnes","513.72006"
"2010","Slovakia","Perfluorocarbones (CO2 equivalent)","Total - all NACE activities","Thousand tonnes","25.01184"
"2010","Slovakia","Sulphur hexafluoride and nitrogen trifluoride (CO2 equivalent) ","Total - all NACE activities","Thousand tonnes","19.62419"
"2010","Finland","Carbon dioxide","Total - all NACE activities","Thousand tonnes","60,798.87"
"2010","Finland","Methane (CO2 equivalent)","Total - all NACE activities","Thousand tonnes","5,155.60371"
"2010","Finland","Nitrous oxide (CO2 equivalent)","Total - all NACE activities","Thousand tonnes","4,639.11117"
"2010","Finland","Hydrofluorocarbones (CO2 equivalent)","Total - all NACE activities","Thousand tonnes","1,211.96248"
"2010","Finland","Perfluorocarbones (CO2 equivalent)","Total - all NACE activities","Thousand tonnes","1.05437"
"2010","Finland","Sulphur hexafluoride and nitrogen trifluoride (CO2 equivalent) ","Total - all NACE activities","Thousand tonnes","21.7915"
"2010","Sweden","Carbon dioxide","Total - all NACE activities","Thousand tonnes","51,175.427"
"2010","Sweden","Methane (CO2 equivalent)","Total - all NACE activities","Thousand tonnes","5,208.11336"
"2010","Sweden","Nitrous oxide (CO2 equivalent)","Total - all NACE activities","Thousand tonnes","4,837.73077"
"2010","Sweden","Hydrofluorocarbones (CO2 equivalent)","Total - all NACE activities","Thousand tonnes","686.25486"
"2010","Sweden","Perfluorocarbones (CO2 equivalent)","Total - all NACE activities","Thousand tonnes","186.80528"
"2010","Sweden","Sulphur hexafluoride and nitrogen trifluoride (CO2 equivalent) ","Total - all NACE activities","Thousand tonnes","62.38115"
"2010","United Kingdom","Carbon dioxide","Total - all NACE activities","Thousand tonnes","411,356.733"
"2010","United Kingdom","Methane (CO2 equivalent)","Total - all NACE activities","Thousand tonnes","66,441.78854"
"2010","United Kingdom","Nitrous oxide (CO2 equivalent)","Total - all NACE activities","Thousand tonnes","22,215.25607"
"2010","United Kingdom","Hydrofluorocarbones (CO2 equivalent)","Total - all NACE activities","Thousand tonnes","12,639.17261"
"2010","United Kingdom","Perfluorocarbones (CO2 equivalent)","Total - all NACE activities","Thousand tonnes","287.70809"
"2010","United Kingdom","Sulphur hexafluoride and nitrogen trifluoride (CO2 equivalent) ","Total - all NACE activities","Thousand tonnes","686.53929"
"2010","Norway","Carbon dioxide","Total - all NACE activities","Thousand tonnes","54,956.434"
"2010","Norway","Methane (CO2 equivalent)","Total - all NACE activities","Thousand tonnes","5,115.37942"
"2010","Norway","Nitrous oxide (CO2 equivalent)","Total - all NACE activities","Thousand tonnes","2,628.42145"
"2010","Norway","Hydrofluorocarbones (CO2 equivalent)","Total - all NACE activities","Thousand tonnes","841.73885"
"2010","Norway","Perfluorocarbones (CO2 equivalent)","Total - all NACE activities","Thousand tonnes","238.39146"
"2010","Norway","Sulphur hexafluoride and nitrogen trifluoride (CO2 equivalent) ","Total - all NACE activities","Thousand tonnes","60.79768"
"2010","Switzerland","Carbon dioxide","Total - all NACE activities","Thousand tonnes","27,467.788"
"2010","Switzerland","Methane (CO2 equivalent)","Total - all NACE activities","Thousand tonnes","5,167.60094"
"2010","Switzerland","Nitrous oxide (CO2 equivalent)","Total - all NACE activities","Thousand tonnes","2,392.50051"
"2010","Switzerland","Hydrofluorocarbones (CO2 equivalent)","Total - all NACE activities","Thousand tonnes","1,046.11372"
"2010","Switzerland","Perfluorocarbones (CO2 equivalent)","Total - all NACE activities","Thousand tonnes","64.49699"
"2010","Switzerland","Sulphur hexafluoride and nitrogen trifluoride (CO2 equivalent) ","Total - all NACE activities","Thousand tonnes","151.40919"
"2010","Serbia","Carbon dioxide","Total - all NACE activities","Thousand tonnes","45,362.665"
"2010","Serbia","Methane (CO2 equivalent)","Total - all NACE activities","Thousand tonnes","2,081.65337"
"2010","Serbia","Nitrous oxide (CO2 equivalent)","Total - all NACE activities","Thousand tonnes","578.67228"
"2010","Serbia","Hydrofluorocarbones (CO2 equivalent)","Total - all NACE activities","Thousand tonnes","55.72774"
"2010","Serbia","Perfluorocarbones (CO2 equivalent)","Total - all NACE activities","Thousand tonnes",":"
"2010","Serbia","Sulphur hexafluoride and nitrogen trifluoride (CO2 equivalent) ","Total - all NACE activities","Thousand tonnes",":"
"2010","Turkey","Carbon dioxide","Total - all NACE activities","Thousand tonnes","246,878.547"
"2010","Turkey","Methane (CO2 equivalent)","Total - all NACE activities","Thousand tonnes","47,089.87278"
"2010","Turkey","Nitrous oxide (CO2 equivalent)","Total - all NACE activities","Thousand tonnes","28,035.55042"
"2010","Turkey","Hydrofluorocarbones (CO2 equivalent)","Total - all NACE activities","Thousand tonnes",":"
"2010","Turkey","Perfluorocarbones (CO2 equivalent)","Total - all NACE activities","Thousand tonnes",":"
"2010","Turkey","Sulphur hexafluoride and nitrogen trifluoride (CO2 equivalent) ","Total - all NACE activities","Thousand tonnes",":"
"2011","European Union (current composition)","Carbon dioxide","Total - all NACE activities","Thousand tonnes","3,177,930.25"
"2011","European Union (current composition)","Methane (CO2 equivalent)","Total - all NACE activities","Thousand tonnes","460,982.50974"
"2011","European Union (current composition)","Nitrous oxide (CO2 equivalent)","Total - all NACE activities","Thousand tonnes","226,594.32596"
"2011","European Union (current composition)","Hydrofluorocarbones (CO2 equivalent)","Total - all NACE activities","Thousand tonnes","85,977.38836"
"2011","European Union (current composition)","Perfluorocarbones (CO2 equivalent)","Total - all NACE activities","Thousand tonnes","4,193.65473"
"2011","European Union (current composition)","Sulphur hexafluoride and nitrogen trifluoride (CO2 equivalent) ","Total - all NACE activities","Thousand tonnes",":"
"2011","Belgium","Carbon dioxide","Total - all NACE activities","Thousand tonnes","76,802.461"
"2011","Belgium","Methane (CO2 equivalent)","Total - all NACE activities","Thousand tonnes","8,288.81922"
"2011","Belgium","Nitrous oxide (CO2 equivalent)","Total - all NACE activities","Thousand tonnes","6,392.09046"
"2011","Belgium","Hydrofluorocarbones (CO2 equivalent)","Total - all NACE activities","Thousand tonnes","2,206.66481"
"2011","Belgium","Perfluorocarbones (CO2 equivalent)","Total - all NACE activities","Thousand tonnes","225.5032"
"2011","Belgium","Sulphur hexafluoride and nitrogen trifluoride (CO2 equivalent) ","Total - all NACE activities","Thousand tonnes","111.91841"
"2011","Bulgaria","Carbon dioxide","Total - all NACE activities","Thousand tonnes","50,818.414"
"2011","Bulgaria","Methane (CO2 equivalent)","Total - all NACE activities","Thousand tonnes","2,779.4677"
"2011","Bulgaria","Nitrous oxide (CO2 equivalent)","Total - all NACE activities","Thousand tonnes","2,555.75936"
"2011","Bulgaria","Hydrofluorocarbones (CO2 equivalent)","Total - all NACE activities","Thousand tonnes","478.96544"
"2011","Bulgaria","Perfluorocarbones (CO2 equivalent)","Total - all NACE activities","Thousand tonnes","0.05531"
"2011","Bulgaria","Sulphur hexafluoride and nitrogen trifluoride (CO2 equivalent) ","Total - all NACE activities","Thousand tonnes","14.18877"
"2011","Czech Republic","Carbon dioxide","Total - all NACE activities","Thousand tonnes","90,720.828"
"2011","Czech Republic","Methane (CO2 equivalent)","Total - all NACE activities","Thousand tonnes","14,292.04326"
"2011","Czech Republic","Nitrous oxide (CO2 equivalent)","Total - all NACE activities","Thousand tonnes","4,654.16091"
"2011","Czech Republic","Hydrofluorocarbones (CO2 equivalent)","Total - all NACE activities","Thousand tonnes","2,620.17145"
"2011","Czech Republic","Perfluorocarbones (CO2 equivalent)","Total - all NACE activities","Thousand tonnes","8.12658"
"2011","Czech Republic","Sulphur hexafluoride and nitrogen trifluoride (CO2 equivalent) ","Total - all NACE activities","Thousand tonnes","85.38545"
"2011","Denmark","Carbon dioxide","Total - all NACE activities","Thousand tonnes","76,748.485"
"2011","Denmark","Methane (CO2 equivalent)","Total - all NACE activities","Thousand tonnes","7,066.18797"
"2011","Denmark","Nitrous oxide (CO2 equivalent)","Total - all NACE activities","Thousand tonnes","5,374.61702"
"2011","Denmark","Hydrofluorocarbones (CO2 equivalent)","Total - all NACE activities","Thousand tonnes","779.88333"
"2011","Denmark","Perfluorocarbones (CO2 equivalent)","Total - all NACE activities","Thousand tonnes","15.67945"
"2011","Denmark","Sulphur hexafluoride and nitrogen trifluoride (CO2 equivalent) ","Total - all NACE activities","Thousand tonnes","69.3888"
"2011","Germany (until 1990 former territory of the FRG)","Carbon dioxide","Total - all NACE activities","Thousand tonnes","685,589.587"
"2011","Germany (until 1990 former territory of the FRG)","Methane (CO2 equivalent)","Total - all NACE activities","Thousand tonnes","55,540.14382"
"2011","Germany (until 1990 former territory of the FRG)","Nitrous oxide (CO2 equivalent)","Total - all NACE activities","Thousand tonnes","37,693.70763"
"2011","Germany (until 1990 former territory of the FRG)","Hydrofluorocarbones (CO2 equivalent)","Total - all NACE activities","Thousand tonnes","10,953.04145"
"2011","Germany (until 1990 former territory of the FRG)","Perfluorocarbones (CO2 equivalent)","Total - all NACE activities","Thousand tonnes","278.95026"
"2011","Germany (until 1990 former territory of the FRG)","Sulphur hexafluoride and nitrogen trifluoride (CO2 equivalent) ","Total - all NACE activities","Thousand tonnes","3,224.2064"
"2011","Estonia","Carbon dioxide","Total - all NACE activities","Thousand tonnes","18,331.959"
"2011","Estonia","Methane (CO2 equivalent)","Total - all NACE activities","Thousand tonnes","1,006.54368"
"2011","Estonia","Nitrous oxide (CO2 equivalent)","Total - all NACE activities","Thousand tonnes","749.97448"
"2011","Estonia","Hydrofluorocarbones (CO2 equivalent)","Total - all NACE activities","Thousand tonnes","161.73919"
"2011","Estonia","Perfluorocarbones (CO2 equivalent)","Total - all NACE activities","Thousand tonnes","0"
"2011","Estonia","Sulphur hexafluoride and nitrogen trifluoride (CO2 equivalent) ","Total - all NACE activities","Thousand tonnes","1.76977"
"2011","Ireland","Carbon dioxide","Total - all NACE activities","Thousand tonnes","33,012.176"
"2011","Ireland","Methane (CO2 equivalent)","Total - all NACE activities","Thousand tonnes","11,737.91601"
"2011","Ireland","Nitrous oxide (CO2 equivalent)","Total - all NACE activities","Thousand tonnes","6,559.44379"
"2011","Ireland","Hydrofluorocarbones (CO2 equivalent)","Total - all NACE activities","Thousand tonnes","649.94223"
"2011","Ireland","Perfluorocarbones (CO2 equivalent)","Total - all NACE activities","Thousand tonnes","15.8758"
"2011","Ireland","Sulphur hexafluoride and nitrogen trifluoride (CO2 equivalent) ","Total - all NACE activities","Thousand tonnes","45.20116"
"2011","Greece","Carbon dioxide","Total - all NACE activities","Thousand tonnes","75,308.187"
"2011","Greece","Methane (CO2 equivalent)","Total - all NACE activities","Thousand tonnes","10,628.76026"
"2011","Greece","Nitrous oxide (CO2 equivalent)","Total - all NACE activities","Thousand tonnes","5,128.92914"
"2011","Greece","Hydrofluorocarbones (CO2 equivalent)","Total - all NACE activities","Thousand tonnes","4,661.3551"
"2011","Greece","Perfluorocarbones (CO2 equivalent)","Total - all NACE activities","Thousand tonnes","110.52613"
"2011","Greece","Sulphur hexafluoride and nitrogen trifluoride (CO2 equivalent) ","Total - all NACE activities","Thousand tonnes","5.13"
"2011","Spain","Carbon dioxide","Total - all NACE activities","Thousand tonnes","229,278.874"
"2011","Spain","Methane (CO2 equivalent)","Total - all NACE activities","Thousand tonnes","38,791.63601"
"2011","Spain","Nitrous oxide (CO2 equivalent)","Total - all NACE activities","Thousand tonnes","14,392.53316"
"2011","Spain","Hydrofluorocarbones (CO2 equivalent)","Total - all NACE activities","Thousand tonnes","12,610.82423"
"2011","Spain","Perfluorocarbones (CO2 equivalent)","Total - all NACE activities","Thousand tonnes","81.5466"
"2011","Spain","Sulphur hexafluoride and nitrogen trifluoride (CO2 equivalent) ","Total - all NACE activities","Thousand tonnes","248.82333"
"2011","France","Carbon dioxide","Total - all NACE activities","Thousand tonnes","256,433.399"
"2011","France","Methane (CO2 equivalent)","Total - all NACE activities","Thousand tonnes","58,360.49873"
"2011","France","Nitrous oxide (CO2 equivalent)","Total - all NACE activities","Thousand tonnes","38,963.26852"
"2011","France","Hydrofluorocarbones (CO2 equivalent)","Total - all NACE activities","Thousand tonnes","14,233.45938"
"2011","France","Perfluorocarbones (CO2 equivalent)","Total - all NACE activities","Thousand tonnes","763.31323"
"2011","France","Sulphur hexafluoride and nitrogen trifluoride (CO2 equivalent) ","Total - all NACE activities","Thousand tonnes","690.17637"
"2011","Croatia","Carbon dioxide","Total - all NACE activities","Thousand tonnes","15,515.506"
"2011","Croatia","Methane (CO2 equivalent)","Total - all NACE activities","Thousand tonnes","3,002.91083"
"2011","Croatia","Nitrous oxide (CO2 equivalent)","Total - all NACE activities","Thousand tonnes","2,284.13455"
"2011","Croatia","Hydrofluorocarbones (CO2 equivalent)","Total - all NACE activities","Thousand tonnes","241.77278"
"2011","Croatia","Perfluorocarbones (CO2 equivalent)","Total - all NACE activities","Thousand tonnes","0.01678"
"2011","Croatia","Sulphur hexafluoride and nitrogen trifluoride (CO2 equivalent) ","Total - all NACE activities","Thousand tonnes","9.36542"
"2011","Italy","Carbon dioxide","Total - all NACE activities","Thousand tonnes","314,967.261"
"2011","Italy","Methane (CO2 equivalent)","Total - all NACE activities","Thousand tonnes","45,161.34305"
"2011","Italy","Nitrous oxide (CO2 equivalent)","Total - all NACE activities","Thousand tonnes","17,442.48415"
"2011","Italy","Hydrofluorocarbones (CO2 equivalent)","Total - all NACE activities","Thousand tonnes","8,332.21214"
"2011","Italy","Perfluorocarbones (CO2 equivalent)","Total - all NACE activities","Thousand tonnes","1,661.28021"
"2011","Italy","Sulphur hexafluoride and nitrogen trifluoride (CO2 equivalent) ","Total - all NACE activities","Thousand tonnes","465.84463"
"2011","Cyprus","Carbon dioxide","Total - all NACE activities","Thousand tonnes","6,301.26"
"2011","Cyprus","Methane (CO2 equivalent)","Total - all NACE activities","Thousand tonnes","896.17265"
"2011","Cyprus","Nitrous oxide (CO2 equivalent)","Total - all NACE activities","Thousand tonnes","268.94037"
"2011","Cyprus","Hydrofluorocarbones (CO2 equivalent)","Total - all NACE activities","Thousand tonnes","273.65265"
"2011","Cyprus","Perfluorocarbones (CO2 equivalent)","Total - all NACE activities","Thousand tonnes","0"
"2011","Cyprus","Sulphur hexafluoride and nitrogen trifluoride (CO2 equivalent) ","Total - all NACE activities","Thousand tonnes","0.15226"
"2011","Latvia","Carbon dioxide","Total - all NACE activities","Thousand tonnes","7,521.222"
"2011","Latvia","Methane (CO2 equivalent)","Total - all NACE activities","Thousand tonnes","1,644.27869"
"2011","Latvia","Nitrous oxide (CO2 equivalent)","Total - all NACE activities","Thousand tonnes","1,672.04445"
"2011","Latvia","Hydrofluorocarbones (CO2 equivalent)","Total - all NACE activities","Thousand tonnes","142.35343"
"2011","Latvia","Perfluorocarbones (CO2 equivalent)","Total - all NACE activities","Thousand tonnes","0"
"2011","Latvia","Sulphur hexafluoride and nitrogen trifluoride (CO2 equivalent) ","Total - all NACE activities","Thousand tonnes","7.46948"
"2011","Lithuania","Carbon dioxide","Total - all NACE activities","Thousand tonnes","14,468.361"
"2011","Lithuania","Methane (CO2 equivalent)","Total - all NACE activities","Thousand tonnes","3,322.41051"
"2011","Lithuania","Nitrous oxide (CO2 equivalent)","Total - all NACE activities","Thousand tonnes","3,452.87947"
"2011","Lithuania","Hydrofluorocarbones (CO2 equivalent)","Total - all NACE activities","Thousand tonnes","237.41433"
"2011","Lithuania","Perfluorocarbones (CO2 equivalent)","Total - all NACE activities","Thousand tonnes","0"
"2011","Lithuania","Sulphur hexafluoride and nitrogen trifluoride (CO2 equivalent) ","Total - all NACE activities","Thousand tonnes","7.74372"
"2011","Luxembourg","Carbon dioxide","Total - all NACE activities","Thousand tonnes","6,698.232"
"2011","Luxembourg","Methane (CO2 equivalent)","Total - all NACE activities","Thousand tonnes","600.07008"
"2011","Luxembourg","Nitrous oxide (CO2 equivalent)","Total - all NACE activities","Thousand tonnes","257.70623"
"2011","Luxembourg","Hydrofluorocarbones (CO2 equivalent)","Total - all NACE activities","Thousand tonnes","19.4753"
"2011","Luxembourg","Perfluorocarbones (CO2 equivalent)","Total - all NACE activities","Thousand tonnes","0"
"2011","Luxembourg","Sulphur hexafluoride and nitrogen trifluoride (CO2 equivalent) ","Total - all NACE activities","Thousand tonnes","7.3086"
"2011","Hungary","Carbon dioxide","Total - all NACE activities","Thousand tonnes","39,277.098"
"2011","Hungary","Methane (CO2 equivalent)","Total - all NACE activities","Thousand tonnes","7,301.4478"
"2011","Hungary","Nitrous oxide (CO2 equivalent)","Total - all NACE activities","Thousand tonnes","3,622.34806"
"2011","Hungary","Hydrofluorocarbones (CO2 equivalent)","Total - all NACE activities","Thousand tonnes","1,174.13893"
"2011","Hungary","Perfluorocarbones (CO2 equivalent)","Total - all NACE activities","Thousand tonnes","2.15828"
"2011","Hungary","Sulphur hexafluoride and nitrogen trifluoride (CO2 equivalent) ","Total - all NACE activities","Thousand tonnes","74.18186"
"2011","Malta","Carbon dioxide","Total - all NACE activities","Thousand tonnes","3,704.146"
"2011","Malta","Methane (CO2 equivalent)","Total - all NACE activities","Thousand tonnes","166.43783"
"2011","Malta","Nitrous oxide (CO2 equivalent)","Total - all NACE activities","Thousand tonnes","45.66333"
"2011","Malta","Hydrofluorocarbones (CO2 equivalent)","Total - all NACE activities","Thousand tonnes","103.40056"
"2011","Malta","Perfluorocarbones (CO2 equivalent)","Total - all NACE activities","Thousand tonnes","0"
"2011","Malta","Sulphur hexafluoride and nitrogen trifluoride (CO2 equivalent) ","Total - all NACE activities","Thousand tonnes","4.55444"
"2011","Netherlands","Carbon dioxide","Total - all NACE activities","Thousand tonnes","166,183.439"
"2011","Netherlands","Methane (CO2 equivalent)","Total - all NACE activities","Thousand tonnes","19,039.53183"
"2011","Netherlands","Nitrous oxide (CO2 equivalent)","Total - all NACE activities","Thousand tonnes","7,864.12797"
"2011","Netherlands","Hydrofluorocarbones (CO2 equivalent)","Total - all NACE activities","Thousand tonnes","2,020.58855"
"2011","Netherlands","Perfluorocarbones (CO2 equivalent)","Total - all NACE activities","Thousand tonnes","246.0658"
"2011","Netherlands","Sulphur hexafluoride and nitrogen trifluoride (CO2 equivalent) ","Total - all NACE activities","Thousand tonnes",":"
"2011","Austria","Carbon dioxide","Total - all NACE activities","Thousand tonnes","54,162.265"
"2011","Austria","Methane (CO2 equivalent)","Total - all NACE activities","Thousand tonnes","6,778.06463"
"2011","Austria","Nitrous oxide (CO2 equivalent)","Total - all NACE activities","Thousand tonnes","3,222.26452"
"2011","Austria","Hydrofluorocarbones (CO2 equivalent)","Total - all NACE activities","Thousand tonnes","1,310.68824"
"2011","Austria","Perfluorocarbones (CO2 equivalent)","Total - all NACE activities","Thousand tonnes","73.51273"
"2011","Austria","Sulphur hexafluoride and nitrogen trifluoride (CO2 equivalent) ","Total - all NACE activities","Thousand tonnes","264.10403"
"2011","Poland","Carbon dioxide","Total - all NACE activities","Thousand tonnes","290,900.771"
"2011","Poland","Methane (CO2 equivalent)","Total - all NACE activities","Thousand tonnes","44,008.31011"
"2011","Poland","Nitrous oxide (CO2 equivalent)","Total - all NACE activities","Thousand tonnes","19,627.51825"
"2011","Poland","Hydrofluorocarbones (CO2 equivalent)","Total - all NACE activities","Thousand tonnes","7,046.73342"
"2011","Poland","Perfluorocarbones (CO2 equivalent)","Total - all NACE activities","Thousand tonnes","14.59448"
"2011","Poland","Sulphur hexafluoride and nitrogen trifluoride (CO2 equivalent) ","Total - all NACE activities","Thousand tonnes","39.0207"
"2011","Portugal","Carbon dioxide","Total - all NACE activities","Thousand tonnes","43,247"
"2011","Portugal","Methane (CO2 equivalent)","Total - all NACE activities","Thousand tonnes","11,752.15"
"2011","Portugal","Nitrous oxide (CO2 equivalent)","Total - all NACE activities","Thousand tonnes","2,975.0234"
"2011","Portugal","Hydrofluorocarbones (CO2 equivalent)","Total - all NACE activities","Thousand tonnes","1,097.7724"
"2011","Portugal","Perfluorocarbones (CO2 equivalent)","Total - all NACE activities","Thousand tonnes","9.0455"
"2011","Portugal","Sulphur hexafluoride and nitrogen trifluoride (CO2 equivalent) ","Total - all NACE activities","Thousand tonnes","28.969"
"2011","Romania","Carbon dioxide","Total - all NACE activities","Thousand tonnes","77,903.112"
"2011","Romania","Methane (CO2 equivalent)","Total - all NACE activities","Thousand tonnes","28,496.21763"
"2011","Romania","Nitrous oxide (CO2 equivalent)","Total - all NACE activities","Thousand tonnes","7,647.52338"
"2011","Romania","Hydrofluorocarbones (CO2 equivalent)","Total - all NACE activities","Thousand tonnes","1,092.14002"
"2011","Romania","Perfluorocarbones (CO2 equivalent)","Total - all NACE activities","Thousand tonnes","12.7156"
"2011","Romania","Sulphur hexafluoride and nitrogen trifluoride (CO2 equivalent) ","Total - all NACE activities","Thousand tonnes","47.8325"
"2011","Slovenia","Carbon dioxide","Total - all NACE activities","Thousand tonnes","13,903.479"
"2011","Slovenia","Methane (CO2 equivalent)","Total - all NACE activities","Thousand tonnes","2,005.12744"
"2011","Slovenia","Nitrous oxide (CO2 equivalent)","Total - all NACE activities","Thousand tonnes","731.1146"
"2011","Slovenia","Hydrofluorocarbones (CO2 equivalent)","Total - all NACE activities","Thousand tonnes","137.22892"
"2011","Slovenia","Perfluorocarbones (CO2 equivalent)","Total - all NACE activities","Thousand tonnes","20.15741"
"2011","Slovenia","Sulphur hexafluoride and nitrogen trifluoride (CO2 equivalent) ","Total - all NACE activities","Thousand tonnes","18.18142"
"2011","Slovakia","Carbon dioxide","Total - all NACE activities","Thousand tonnes","35,692.398"
"2011","Slovakia","Methane (CO2 equivalent)","Total - all NACE activities","Thousand tonnes","4,512.93892"
"2011","Slovakia","Nitrous oxide (CO2 equivalent)","Total - all NACE activities","Thousand tonnes","2,343.77227"
"2011","Slovakia","Hydrofluorocarbones (CO2 equivalent)","Total - all NACE activities","Thousand tonnes","525.31239"
"2011","Slovakia","Perfluorocarbones (CO2 equivalent)","Total - all NACE activities","Thousand tonnes","20.10596"
"2011","Slovakia","Sulphur hexafluoride and nitrogen trifluoride (CO2 equivalent) ","Total - all NACE activities","Thousand tonnes","20.80181"
"2011","Finland","Carbon dioxide","Total - all NACE activities","Thousand tonnes","54,091.832"
"2011","Finland","Methane (CO2 equivalent)","Total - all NACE activities","Thousand tonnes","5,022.48643"
"2011","Finland","Nitrous oxide (CO2 equivalent)","Total - all NACE activities","Thousand tonnes","4,531.1423"
"2011","Finland","Hydrofluorocarbones (CO2 equivalent)","Total - all NACE activities","Thousand tonnes","1,069.3902"
"2011","Finland","Perfluorocarbones (CO2 equivalent)","Total - all NACE activities","Thousand tonnes","2.28548"
"2011","Finland","Sulphur hexafluoride and nitrogen trifluoride (CO2 equivalent) ","Total - all NACE activities","Thousand tonnes","23.67411"
"2011","Sweden","Carbon dioxide","Total - all NACE activities","Thousand tonnes","47,389.652"
"2011","Sweden","Methane (CO2 equivalent)","Total - all NACE activities","Thousand tonnes","5,082.80027"
"2011","Sweden","Nitrous oxide (CO2 equivalent)","Total - all NACE activities","Thousand tonnes","4,913.89194"
"2011","Sweden","Hydrofluorocarbones (CO2 equivalent)","Total - all NACE activities","Thousand tonnes","669.79294"
"2011","Sweden","Perfluorocarbones (CO2 equivalent)","Total - all NACE activities","Thousand tonnes","215.24731"
"2011","Sweden","Sulphur hexafluoride and nitrogen trifluoride (CO2 equivalent) ","Total - all NACE activities","Thousand tonnes","54.24704"
"2011","United Kingdom","Carbon dioxide","Total - all NACE activities","Thousand tonnes","392,958.844"
"2011","United Kingdom","Methane (CO2 equivalent)","Total - all NACE activities","Thousand tonnes","63,697.79441"
"2011","United Kingdom","Nitrous oxide (CO2 equivalent)","Total - all NACE activities","Thousand tonnes","21,227.26224"
"2011","United Kingdom","Hydrofluorocarbones (CO2 equivalent)","Total - all NACE activities","Thousand tonnes","11,127.27456"
"2011","United Kingdom","Perfluorocarbones (CO2 equivalent)","Total - all NACE activities","Thousand tonnes","416.89266"
"2011","United Kingdom","Sulphur hexafluoride and nitrogen trifluoride (CO2 equivalent) ","Total - all NACE activities","Thousand tonnes","607.54427"
"2011","Norway","Carbon dioxide","Total - all NACE activities","Thousand tonnes","50,801.81"
"2011","Norway","Methane (CO2 equivalent)","Total - all NACE activities","Thousand tonnes","4,986.62863"
"2011","Norway","Nitrous oxide (CO2 equivalent)","Total - all NACE activities","Thousand tonnes","2,601.1698"
"2011","Norway","Hydrofluorocarbones (CO2 equivalent)","Total - all NACE activities","Thousand tonnes","859.29743"
"2011","Norway","Perfluorocarbones (CO2 equivalent)","Total - all NACE activities","Thousand tonnes","262.6393"
"2011","Norway","Sulphur hexafluoride and nitrogen trifluoride (CO2 equivalent) ","Total - all NACE activities","Thousand tonnes","49.36232"
"2011","Switzerland","Carbon dioxide","Total - all NACE activities","Thousand tonnes","26,382.192"
"2011","Switzerland","Methane (CO2 equivalent)","Total - all NACE activities","Thousand tonnes","5,125.47194"
"2011","Switzerland","Nitrous oxide (CO2 equivalent)","Total - all NACE activities","Thousand tonnes","2,350.20607"
"2011","Switzerland","Hydrofluorocarbones (CO2 equivalent)","Total - all NACE activities","Thousand tonnes","1,113.29956"
"2011","Switzerland","Perfluorocarbones (CO2 equivalent)","Total - all NACE activities","Thousand tonnes","67.71555"
"2011","Switzerland","Sulphur hexafluoride and nitrogen trifluoride (CO2 equivalent) ","Total - all NACE activities","Thousand tonnes","161.12887"
"2011","Serbia","Carbon dioxide","Total - all NACE activities","Thousand tonnes","48,114.365"
"2011","Serbia","Methane (CO2 equivalent)","Total - all NACE activities","Thousand tonnes","2,339.22115"
"2011","Serbia","Nitrous oxide (CO2 equivalent)","Total - all NACE activities","Thousand tonnes","709.59391"
"2011","Serbia","Hydrofluorocarbones (CO2 equivalent)","Total - all NACE activities","Thousand tonnes","64.9175"
"2011","Serbia","Perfluorocarbones (CO2 equivalent)","Total - all NACE activities","Thousand tonnes",":"
"2011","Serbia","Sulphur hexafluoride and nitrogen trifluoride (CO2 equivalent) ","Total - all NACE activities","Thousand tonnes",":"
"2011","Turkey","Carbon dioxide","Total - all NACE activities","Thousand tonnes","269,238.717"
"2011","Turkey","Methane (CO2 equivalent)","Total - all NACE activities","Thousand tonnes","49,963.25133"
"2011","Turkey","Nitrous oxide (CO2 equivalent)","Total - all NACE activities","Thousand tonnes","29,052.16644"
"2011","Turkey","Hydrofluorocarbones (CO2 equivalent)","Total - all NACE activities","Thousand tonnes",":"
"2011","Turkey","Perfluorocarbones (CO2 equivalent)","Total - all NACE activities","Thousand tonnes",":"
"2011","Turkey","Sulphur hexafluoride and nitrogen trifluoride (CO2 equivalent) ","Total - all NACE activities","Thousand tonnes",":"
"2012","European Union (current composition)","Carbon dioxide","Total - all NACE activities","Thousand tonnes","3,110,106.716"
"2012","European Union (current composition)","Methane (CO2 equivalent)","Total - all NACE activities","Thousand tonnes","454,588.66833"
"2012","European Union (current composition)","Nitrous oxide (CO2 equivalent)","Total - all NACE activities","Thousand tonnes","223,404.37634"
"2012","European Union (current composition)","Hydrofluorocarbones (CO2 equivalent)","Total - all NACE activities","Thousand tonnes","88,974.78588"
"2012","European Union (current composition)","Perfluorocarbones (CO2 equivalent)","Total - all NACE activities","Thousand tonnes","3,683.63559"
"2012","European Union (current composition)","Sulphur hexafluoride and nitrogen trifluoride (CO2 equivalent) ","Total - all NACE activities","Thousand tonnes",":"
"2012","Belgium","Carbon dioxide","Total - all NACE activities","Thousand tonnes","74,877.36"
"2012","Belgium","Methane (CO2 equivalent)","Total - all NACE activities","Thousand tonnes","8,123.45967"
"2012","Belgium","Nitrous oxide (CO2 equivalent)","Total - all NACE activities","Thousand tonnes","6,299.56006"
"2012","Belgium","Hydrofluorocarbones (CO2 equivalent)","Total - all NACE activities","Thousand tonnes","2,302.69351"
"2012","Belgium","Perfluorocarbones (CO2 equivalent)","Total - all NACE activities","Thousand tonnes","278.20958"
"2012","Belgium","Sulphur hexafluoride and nitrogen trifluoride (CO2 equivalent) ","Total - all NACE activities","Thousand tonnes","110.25102"
"2012","Bulgaria","Carbon dioxide","Total - all NACE activities","Thousand tonnes","46,001.328"
"2012","Bulgaria","Methane (CO2 equivalent)","Total - all NACE activities","Thousand tonnes","2,571.44577"
"2012","Bulgaria","Nitrous oxide (CO2 equivalent)","Total - all NACE activities","Thousand tonnes","2,566.90333"
"2012","Bulgaria","Hydrofluorocarbones (CO2 equivalent)","Total - all NACE activities","Thousand tonnes","523.80251"
"2012","Bulgaria","Perfluorocarbones (CO2 equivalent)","Total - all NACE activities","Thousand tonnes","0.04648"
"2012","Bulgaria","Sulphur hexafluoride and nitrogen trifluoride (CO2 equivalent) ","Total - all NACE activities","Thousand tonnes","20.97109"
"2012","Czech Republic","Carbon dioxide","Total - all NACE activities","Thousand tonnes","86,605.307"
"2012","Czech Republic","Methane (CO2 equivalent)","Total - all NACE activities","Thousand tonnes","14,289.18505"
"2012","Czech Republic","Nitrous oxide (CO2 equivalent)","Total - all NACE activities","Thousand tonnes","4,574.24353"
"2012","Czech Republic","Hydrofluorocarbones (CO2 equivalent)","Total - all NACE activities","Thousand tonnes","2,765.99384"
"2012","Czech Republic","Perfluorocarbones (CO2 equivalent)","Total - all NACE activities","Thousand tonnes","6.36228"
"2012","Czech Republic","Sulphur hexafluoride and nitrogen trifluoride (CO2 equivalent) ","Total - all NACE activities","Thousand tonnes","91.42923"
"2012","Denmark","Carbon dioxide","Total - all NACE activities","Thousand tonnes","70,307.605"
"2012","Denmark","Methane (CO2 equivalent)","Total - all NACE activities","Thousand tonnes","6,949.33975"
"2012","Denmark","Nitrous oxide (CO2 equivalent)","Total - all NACE activities","Thousand tonnes","5,246.89459"
"2012","Denmark","Hydrofluorocarbones (CO2 equivalent)","Total - all NACE activities","Thousand tonnes","709.96116"
"2012","Denmark","Perfluorocarbones (CO2 equivalent)","Total - all NACE activities","Thousand tonnes","12.17837"
"2012","Denmark","Sulphur hexafluoride and nitrogen trifluoride (CO2 equivalent) ","Total - all NACE activities","Thousand tonnes","111.999"
"2012","Germany (until 1990 former territory of the FRG)","Carbon dioxide","Total - all NACE activities","Thousand tonnes","692,618.471"
"2012","Germany (until 1990 former territory of the FRG)","Methane (CO2 equivalent)","Total - all NACE activities","Thousand tonnes","56,321.46868"
"2012","Germany (until 1990 former territory of the FRG)","Nitrous oxide (CO2 equivalent)","Total - all NACE activities","Thousand tonnes","36,977.40737"
"2012","Germany (until 1990 former territory of the FRG)","Hydrofluorocarbones (CO2 equivalent)","Total - all NACE activities","Thousand tonnes","11,140.27037"
"2012","Germany (until 1990 former territory of the FRG)","Perfluorocarbones (CO2 equivalent)","Total - all NACE activities","Thousand tonnes","242.5766"
"2012","Germany (until 1990 former territory of the FRG)","Sulphur hexafluoride and nitrogen trifluoride (CO2 equivalent) ","Total - all NACE activities","Thousand tonnes","3,190.09877"
"2012","Estonia","Carbon dioxide","Total - all NACE activities","Thousand tonnes","17,639.561"
"2012","Estonia","Methane (CO2 equivalent)","Total - all NACE activities","Thousand tonnes","1,019.74969"
"2012","Estonia","Nitrous oxide (CO2 equivalent)","Total - all NACE activities","Thousand tonnes","816.21429"
"2012","Estonia","Hydrofluorocarbones (CO2 equivalent)","Total - all NACE activities","Thousand tonnes","163.44827"
"2012","Estonia","Perfluorocarbones (CO2 equivalent)","Total - all NACE activities","Thousand tonnes","0"
"2012","Estonia","Sulphur hexafluoride and nitrogen trifluoride (CO2 equivalent) ","Total - all NACE activities","Thousand tonnes","1.87602"
"2012","Ireland","Carbon dioxide","Total - all NACE activities","Thousand tonnes","34,083.324"
"2012","Ireland","Methane (CO2 equivalent)","Total - all NACE activities","Thousand tonnes","12,043.63376"
"2012","Ireland","Nitrous oxide (CO2 equivalent)","Total - all NACE activities","Thousand tonnes","6,658.4436"
"2012","Ireland","Hydrofluorocarbones (CO2 equivalent)","Total - all NACE activities","Thousand tonnes","640.79672"
"2012","Ireland","Perfluorocarbones (CO2 equivalent)","Total - all NACE activities","Thousand tonnes","9.55906"
"2012","Ireland","Sulphur hexafluoride and nitrogen trifluoride (CO2 equivalent) ","Total - all NACE activities","Thousand tonnes","37.91964"
"2012","Greece","Carbon dioxide","Total - all NACE activities","Thousand tonnes","74,804.09"
"2012","Greece","Methane (CO2 equivalent)","Total - all NACE activities","Thousand tonnes","10,444.09675"
"2012","Greece","Nitrous oxide (CO2 equivalent)","Total - all NACE activities","Thousand tonnes","4,710.44604"
"2012","Greece","Hydrofluorocarbones (CO2 equivalent)","Total - all NACE activities","Thousand tonnes","5,061.77691"
"2012","Greece","Perfluorocarbones (CO2 equivalent)","Total - all NACE activities","Thousand tonnes","147.77119"
"2012","Greece","Sulphur hexafluoride and nitrogen trifluoride (CO2 equivalent) ","Total - all NACE activities","Thousand tonnes","5.04857"
"2012","Spain","Carbon dioxide","Total - all NACE activities","Thousand tonnes","227,795.601"
"2012","Spain","Methane (CO2 equivalent)","Total - all NACE activities","Thousand tonnes","37,973.66726"
"2012","Spain","Nitrous oxide (CO2 equivalent)","Total - all NACE activities","Thousand tonnes","14,008.62186"
"2012","Spain","Hydrofluorocarbones (CO2 equivalent)","Total - all NACE activities","Thousand tonnes","12,769.81845"
"2012","Spain","Perfluorocarbones (CO2 equivalent)","Total - all NACE activities","Thousand tonnes","49.13022"
"2012","Spain","Sulphur hexafluoride and nitrogen trifluoride (CO2 equivalent) ","Total - all NACE activities","Thousand tonnes","228.67668"
"2012","France","Carbon dioxide","Total - all NACE activities","Thousand tonnes","249,662.475"
"2012","France","Methane (CO2 equivalent)","Total - all NACE activities","Thousand tonnes","56,731.19358"
"2012","France","Nitrous oxide (CO2 equivalent)","Total - all NACE activities","Thousand tonnes","39,036.65174"
"2012","France","Hydrofluorocarbones (CO2 equivalent)","Total - all NACE activities","Thousand tonnes","14,634.33143"
"2012","France","Perfluorocarbones (CO2 equivalent)","Total - all NACE activities","Thousand tonnes","787.34543"
"2012","France","Sulphur hexafluoride and nitrogen trifluoride (CO2 equivalent) ","Total - all NACE activities","Thousand tonnes","687.14338"
"2012","Croatia","Carbon dioxide","Total - all NACE activities","Thousand tonnes","14,148.278"
"2012","Croatia","Methane (CO2 equivalent)","Total - all NACE activities","Thousand tonnes","2,932.6701"
"2012","Croatia","Nitrous oxide (CO2 equivalent)","Total - all NACE activities","Thousand tonnes","2,135.48736"
"2012","Croatia","Hydrofluorocarbones (CO2 equivalent)","Total - all NACE activities","Thousand tonnes","242.43981"
"2012","Croatia","Perfluorocarbones (CO2 equivalent)","Total - all NACE activities","Thousand tonnes","0.03117"
"2012","Croatia","Sulphur hexafluoride and nitrogen trifluoride (CO2 equivalent) ","Total - all NACE activities","Thousand tonnes","9.17686"
"2012","Italy","Carbon dioxide","Total - all NACE activities","Thousand tonnes","294,819.757"
"2012","Italy","Methane (CO2 equivalent)","Total - all NACE activities","Thousand tonnes","45,093.8476"
"2012","Italy","Nitrous oxide (CO2 equivalent)","Total - all NACE activities","Thousand tonnes","17,726.4403"
"2012","Italy","Hydrofluorocarbones (CO2 equivalent)","Total - all NACE activities","Thousand tonnes","8,834.36511"
"2012","Italy","Perfluorocarbones (CO2 equivalent)","Total - all NACE activities","Thousand tonnes","1,499.20564"
"2012","Italy","Sulphur hexafluoride and nitrogen trifluoride (CO2 equivalent) ","Total - all NACE activities","Thousand tonnes","467.13021"
"2012","Cyprus","Carbon dioxide","Total - all NACE activities","Thousand tonnes","5,747.26"
"2012","Cyprus","Methane (CO2 equivalent)","Total - all NACE activities","Thousand tonnes","885.45988"
"2012","Cyprus","Nitrous oxide (CO2 equivalent)","Total - all NACE activities","Thousand tonnes","261.95872"
"2012","Cyprus","Hydrofluorocarbones (CO2 equivalent)","Total - all NACE activities","Thousand tonnes","312.70164"
"2012","Cyprus","Perfluorocarbones (CO2 equivalent)","Total - all NACE activities","Thousand tonnes","0"
"2012","Cyprus","Sulphur hexafluoride and nitrogen trifluoride (CO2 equivalent) ","Total - all NACE activities","Thousand tonnes","0.15751"
"2012","Latvia","Carbon dioxide","Total - all NACE activities","Thousand tonnes","7,181.044"
"2012","Latvia","Methane (CO2 equivalent)","Total - all NACE activities","Thousand tonnes","1,719.66762"
"2012","Latvia","Nitrous oxide (CO2 equivalent)","Total - all NACE activities","Thousand tonnes","1,760.813"
"2012","Latvia","Hydrofluorocarbones (CO2 equivalent)","Total - all NACE activities","Thousand tonnes","146.18419"
"2012","Latvia","Perfluorocarbones (CO2 equivalent)","Total - all NACE activities","Thousand tonnes","0"
"2012","Latvia","Sulphur hexafluoride and nitrogen trifluoride (CO2 equivalent) ","Total - all NACE activities","Thousand tonnes","7.77687"
"2012","Lithuania","Carbon dioxide","Total - all NACE activities","Thousand tonnes","14,660.773"
"2012","Lithuania","Methane (CO2 equivalent)","Total - all NACE activities","Thousand tonnes","3,330.22577"
"2012","Lithuania","Nitrous oxide (CO2 equivalent)","Total - all NACE activities","Thousand tonnes","3,221.74876"
"2012","Lithuania","Hydrofluorocarbones (CO2 equivalent)","Total - all NACE activities","Thousand tonnes","270.96061"
"2012","Lithuania","Perfluorocarbones (CO2 equivalent)","Total - all NACE activities","Thousand tonnes","0"
"2012","Lithuania","Sulphur hexafluoride and nitrogen trifluoride (CO2 equivalent) ","Total - all NACE activities","Thousand tonnes","3.99244"
"2012","Luxembourg","Carbon dioxide","Total - all NACE activities","Thousand tonnes","6,714.865"
"2012","Luxembourg","Methane (CO2 equivalent)","Total - all NACE activities","Thousand tonnes","588.44973"
"2012","Luxembourg","Nitrous oxide (CO2 equivalent)","Total - all NACE activities","Thousand tonnes","244.11594"
"2012","Luxembourg","Hydrofluorocarbones (CO2 equivalent)","Total - all NACE activities","Thousand tonnes","20.5985"
"2012","Luxembourg","Perfluorocarbones (CO2 equivalent)","Total - all NACE activities","Thousand tonnes","0"
"2012","Luxembourg","Sulphur hexafluoride and nitrogen trifluoride (CO2 equivalent) ","Total - all NACE activities","Thousand tonnes","7.683"
"2012","Hungary","Carbon dioxide","Total - all NACE activities","Thousand tonnes","36,163.099"
"2012","Hungary","Methane (CO2 equivalent)","Total - all NACE activities","Thousand tonnes","7,304.38641"
"2012","Hungary","Nitrous oxide (CO2 equivalent)","Total - all NACE activities","Thousand tonnes","3,573.8824"
"2012","Hungary","Hydrofluorocarbones (CO2 equivalent)","Total - all NACE activities","Thousand tonnes","1,021.83915"
"2012","Hungary","Perfluorocarbones (CO2 equivalent)","Total - all NACE activities","Thousand tonnes","1.72305"
"2012","Hungary","Sulphur hexafluoride and nitrogen trifluoride (CO2 equivalent) ","Total - all NACE activities","Thousand tonnes","73.67609"
"2012","Malta","Carbon dioxide","Total - all NACE activities","Thousand tonnes","3,683.04"
"2012","Malta","Methane (CO2 equivalent)","Total - all NACE activities","Thousand tonnes","164.2772"
"2012","Malta","Nitrous oxide (CO2 equivalent)","Total - all NACE activities","Thousand tonnes","44.7837"
"2012","Malta","Hydrofluorocarbones (CO2 equivalent)","Total - all NACE activities","Thousand tonnes","122.19353"
"2012","Malta","Perfluorocarbones (CO2 equivalent)","Total - all NACE activities","Thousand tonnes","0"
"2012","Malta","Sulphur hexafluoride and nitrogen trifluoride (CO2 equivalent) ","Total - all NACE activities","Thousand tonnes","0.4476"
"2012","Netherlands","Carbon dioxide","Total - all NACE activities","Thousand tonnes","162,860.943"
"2012","Netherlands","Methane (CO2 equivalent)","Total - all NACE activities","Thousand tonnes","18,637.77289"
"2012","Netherlands","Nitrous oxide (CO2 equivalent)","Total - all NACE activities","Thousand tonnes","7,707.6677"
"2012","Netherlands","Hydrofluorocarbones (CO2 equivalent)","Total - all NACE activities","Thousand tonnes","1,989.76691"
"2012","Netherlands","Perfluorocarbones (CO2 equivalent)","Total - all NACE activities","Thousand tonnes","183.81755"
"2012","Netherlands","Sulphur hexafluoride and nitrogen trifluoride (CO2 equivalent) ","Total - all NACE activities","Thousand tonnes",":"
"2012","Austria","Carbon dioxide","Total - all NACE activities","Thousand tonnes","51,398.315"
"2012","Austria","Methane (CO2 equivalent)","Total - all NACE activities","Thousand tonnes","6,652.67105"
"2012","Austria","Nitrous oxide (CO2 equivalent)","Total - all NACE activities","Thousand tonnes","3,177.19869"
"2012","Austria","Hydrofluorocarbones (CO2 equivalent)","Total - all NACE activities","Thousand tonnes","1,381.95223"
"2012","Austria","Perfluorocarbones (CO2 equivalent)","Total - all NACE activities","Thousand tonnes","50.71524"
"2012","Austria","Sulphur hexafluoride and nitrogen trifluoride (CO2 equivalent) ","Total - all NACE activities","Thousand tonnes","275.33026"
"2012","Poland","Carbon dioxide","Total - all NACE activities","Thousand tonnes","283,119.975"
"2012","Poland","Methane (CO2 equivalent)","Total - all NACE activities","Thousand tonnes","43,590.49687"
"2012","Poland","Nitrous oxide (CO2 equivalent)","Total - all NACE activities","Thousand tonnes","19,713.33315"
"2012","Poland","Hydrofluorocarbones (CO2 equivalent)","Total - all NACE activities","Thousand tonnes","7,349.87389"
"2012","Poland","Perfluorocarbones (CO2 equivalent)","Total - all NACE activities","Thousand tonnes","13.86476"
"2012","Poland","Sulphur hexafluoride and nitrogen trifluoride (CO2 equivalent) ","Total - all NACE activities","Thousand tonnes","41.92187"
"2012","Portugal","Carbon dioxide","Total - all NACE activities","Thousand tonnes","42,803.5"
"2012","Portugal","Methane (CO2 equivalent)","Total - all NACE activities","Thousand tonnes","11,502.1825"
"2012","Portugal","Nitrous oxide (CO2 equivalent)","Total - all NACE activities","Thousand tonnes","2,993.0226"
"2012","Portugal","Hydrofluorocarbones (CO2 equivalent)","Total - all NACE activities","Thousand tonnes","1,166.4696"
"2012","Portugal","Perfluorocarbones (CO2 equivalent)","Total - all NACE activities","Thousand tonnes","10.1813"
"2012","Portugal","Sulphur hexafluoride and nitrogen trifluoride (CO2 equivalent) ","Total - all NACE activities","Thousand tonnes","30.4676"
"2012","Romania","Carbon dioxide","Total - all NACE activities","Thousand tonnes","74,124.076"
"2012","Romania","Methane (CO2 equivalent)","Total - all NACE activities","Thousand tonnes","29,053.4373"
"2012","Romania","Nitrous oxide (CO2 equivalent)","Total - all NACE activities","Thousand tonnes","6,918.63727"
"2012","Romania","Hydrofluorocarbones (CO2 equivalent)","Total - all NACE activities","Thousand tonnes","1,197.28683"
"2012","Romania","Perfluorocarbones (CO2 equivalent)","Total - all NACE activities","Thousand tonnes","7.4276"
"2012","Romania","Sulphur hexafluoride and nitrogen trifluoride (CO2 equivalent) ","Total - all NACE activities","Thousand tonnes","50.75674"
"2012","Slovenia","Carbon dioxide","Total - all NACE activities","Thousand tonnes","13,304.359"
"2012","Slovenia","Methane (CO2 equivalent)","Total - all NACE activities","Thousand tonnes","1,954.34718"
"2012","Slovenia","Nitrous oxide (CO2 equivalent)","Total - all NACE activities","Thousand tonnes","733.14928"
"2012","Slovenia","Hydrofluorocarbones (CO2 equivalent)","Total - all NACE activities","Thousand tonnes","161.89685"
"2012","Slovenia","Perfluorocarbones (CO2 equivalent)","Total - all NACE activities","Thousand tonnes","18.10977"
"2012","Slovenia","Sulphur hexafluoride and nitrogen trifluoride (CO2 equivalent) ","Total - all NACE activities","Thousand tonnes","15.93352"
"2012","Slovakia","Carbon dioxide","Total - all NACE activities","Thousand tonnes","33,530.695"
"2012","Slovakia","Methane (CO2 equivalent)","Total - all NACE activities","Thousand tonnes","4,124.58895"
"2012","Slovakia","Nitrous oxide (CO2 equivalent)","Total - all NACE activities","Thousand tonnes","2,295.09268"
"2012","Slovakia","Hydrofluorocarbones (CO2 equivalent)","Total - all NACE activities","Thousand tonnes","554.11738"
"2012","Slovakia","Perfluorocarbones (CO2 equivalent)","Total - all NACE activities","Thousand tonnes","25.66258"
"2012","Slovakia","Sulphur hexafluoride and nitrogen trifluoride (CO2 equivalent) ","Total - all NACE activities","Thousand tonnes","21.24367"
"2012","Finland","Carbon dioxide","Total - all NACE activities","Thousand tonnes","48,409.473"
"2012","Finland","Methane (CO2 equivalent)","Total - all NACE activities","Thousand tonnes","4,960.10444"
"2012","Finland","Nitrous oxide (CO2 equivalent)","Total - all NACE activities","Thousand tonnes","4,507.22361"
"2012","Finland","Hydrofluorocarbones (CO2 equivalent)","Total - all NACE activities","Thousand tonnes","1,220.95012"
"2012","Finland","Perfluorocarbones (CO2 equivalent)","Total - all NACE activities","Thousand tonnes","5.62277"
"2012","Finland","Sulphur hexafluoride and nitrogen trifluoride (CO2 equivalent) ","Total - all NACE activities","Thousand tonnes","22.15593"
"2012","Sweden","Carbon dioxide","Total - all NACE activities","Thousand tonnes","44,968.728"
"2012","Sweden","Methane (CO2 equivalent)","Total - all NACE activities","Thousand tonnes","4,932.52875"
"2012","Sweden","Nitrous oxide (CO2 equivalent)","Total - all NACE activities","Thousand tonnes","4,452.12439"
"2012","Sweden","Hydrofluorocarbones (CO2 equivalent)","Total - all NACE activities","Thousand tonnes","630.79647"
"2012","Sweden","Perfluorocarbones (CO2 equivalent)","Total - all NACE activities","Thousand tonnes","79.11382"
"2012","Sweden","Sulphur hexafluoride and nitrogen trifluoride (CO2 equivalent) ","Total - all NACE activities","Thousand tonnes","51.82146"
"2012","United Kingdom","Carbon dioxide","Total - all NACE activities","Thousand tonnes","398,073.417"
"2012","United Kingdom","Methane (CO2 equivalent)","Total - all NACE activities","Thousand tonnes","60,694.31413"
"2012","United Kingdom","Nitrous oxide (CO2 equivalent)","Total - all NACE activities","Thousand tonnes","21,042.31039"
"2012","United Kingdom","Hydrofluorocarbones (CO2 equivalent)","Total - all NACE activities","Thousand tonnes","11,637.49987"
"2012","United Kingdom","Perfluorocarbones (CO2 equivalent)","Total - all NACE activities","Thousand tonnes","254.98114"
"2012","United Kingdom","Sulphur hexafluoride and nitrogen trifluoride (CO2 equivalent) ","Total - all NACE activities","Thousand tonnes","588.94264"
"2012","Norway","Carbon dioxide","Total - all NACE activities","Thousand tonnes","50,159.959"
"2012","Norway","Methane (CO2 equivalent)","Total - all NACE activities","Thousand tonnes","4,930.70025"
"2012","Norway","Nitrous oxide (CO2 equivalent)","Total - all NACE activities","Thousand tonnes","2,599.89201"
"2012","Norway","Hydrofluorocarbones (CO2 equivalent)","Total - all NACE activities","Thousand tonnes","882.37457"
"2012","Norway","Perfluorocarbones (CO2 equivalent)","Total - all NACE activities","Thousand tonnes","200.50509"
"2012","Norway","Sulphur hexafluoride and nitrogen trifluoride (CO2 equivalent) ","Total - all NACE activities","Thousand tonnes","48.7009"
"2012","Switzerland","Carbon dioxide","Total - all NACE activities","Thousand tonnes","26,684.458"
"2012","Switzerland","Methane (CO2 equivalent)","Total - all NACE activities","Thousand tonnes","5,085.72945"
"2012","Switzerland","Nitrous oxide (CO2 equivalent)","Total - all NACE activities","Thousand tonnes","2,326.57534"
"2012","Switzerland","Hydrofluorocarbones (CO2 equivalent)","Total - all NACE activities","Thousand tonnes","1,181.23025"
"2012","Switzerland","Perfluorocarbones (CO2 equivalent)","Total - all NACE activities","Thousand tonnes","71.27118"
"2012","Switzerland","Sulphur hexafluoride and nitrogen trifluoride (CO2 equivalent) ","Total - all NACE activities","Thousand tonnes","205.02853"
"2012","Serbia","Carbon dioxide","Total - all NACE activities","Thousand tonnes","41,250.99"
"2012","Serbia","Methane (CO2 equivalent)","Total - all NACE activities","Thousand tonnes","2,354.91797"
"2012","Serbia","Nitrous oxide (CO2 equivalent)","Total - all NACE activities","Thousand tonnes","731.63754"
"2012","Serbia","Hydrofluorocarbones (CO2 equivalent)","Total - all NACE activities","Thousand tonnes","86.58637"
"2012","Serbia","Perfluorocarbones (CO2 equivalent)","Total - all NACE activities","Thousand tonnes",":"
"2012","Serbia","Sulphur hexafluoride and nitrogen trifluoride (CO2 equivalent) ","Total - all NACE activities","Thousand tonnes",":"
"2012","Turkey","Carbon dioxide","Total - all NACE activities","Thousand tonnes","265,346.051"
"2012","Turkey","Methane (CO2 equivalent)","Total - all NACE activities","Thousand tonnes","53,285.95033"
"2012","Turkey","Nitrous oxide (CO2 equivalent)","Total - all NACE activities","Thousand tonnes","29,927.35616"
"2012","Turkey","Hydrofluorocarbones (CO2 equivalent)","Total - all NACE activities","Thousand tonnes",":"
"2012","Turkey","Perfluorocarbones (CO2 equivalent)","Total - all NACE activities","Thousand tonnes",":"
"2012","Turkey","Sulphur hexafluoride and nitrogen trifluoride (CO2 equivalent) ","Total - all NACE activities","Thousand tonnes",":"
"2013","European Union (current composition)","Carbon dioxide","Total - all NACE activities","Thousand tonnes","3,008,741.03"
"2013","European Union (current composition)","Methane (CO2 equivalent)","Total - all NACE activities","Thousand tonnes","442,291.406"
"2013","European Union (current composition)","Nitrous oxide (CO2 equivalent)","Total - all NACE activities","Thousand tonnes","223,432.37673"
"2013","European Union (current composition)","Hydrofluorocarbones (CO2 equivalent)","Total - all NACE activities","Thousand tonnes","90,942.71523"
"2013","European Union (current composition)","Perfluorocarbones (CO2 equivalent)","Total - all NACE activities","Thousand tonnes","3,936.48874"
"2013","European Union (current composition)","Sulphur hexafluoride and nitrogen trifluoride (CO2 equivalent) ","Total - all NACE activities","Thousand tonnes",":"
"2013","Belgium","Carbon dioxide","Total - all NACE activities","Thousand tonnes","74,283.193"
"2013","Belgium","Methane (CO2 equivalent)","Total - all NACE activities","Thousand tonnes","7,952.90905"
"2013","Belgium","Nitrous oxide (CO2 equivalent)","Total - all NACE activities","Thousand tonnes","6,120.67074"
"2013","Belgium","Hydrofluorocarbones (CO2 equivalent)","Total - all NACE activities","Thousand tonnes","2,269.08469"
"2013","Belgium","Perfluorocarbones (CO2 equivalent)","Total - all NACE activities","Thousand tonnes","431.59111"
"2013","Belgium","Sulphur hexafluoride and nitrogen trifluoride (CO2 equivalent) ","Total - all NACE activities","Thousand tonnes","115.57936"
"2013","Bulgaria","Carbon dioxide","Total - all NACE activities","Thousand tonnes","40,575.405"
"2013","Bulgaria","Methane (CO2 equivalent)","Total - all NACE activities","Thousand tonnes","2,155.1637"
"2013","Bulgaria","Nitrous oxide (CO2 equivalent)","Total - all NACE activities","Thousand tonnes","2,756.13957"
"2013","Bulgaria","Hydrofluorocarbones (CO2 equivalent)","Total - all NACE activities","Thousand tonnes","616.22078"
"2013","Bulgaria","Perfluorocarbones (CO2 equivalent)","Total - all NACE activities","Thousand tonnes","0.03909"
"2013","Bulgaria","Sulphur hexafluoride and nitrogen trifluoride (CO2 equivalent) ","Total - all NACE activities","Thousand tonnes","20.41938"
"2013","Czech Republic","Carbon dioxide","Total - all NACE activities","Thousand tonnes","82,598.444"
"2013","Czech Republic","Methane (CO2 equivalent)","Total - all NACE activities","Thousand tonnes","13,726.55791"
"2013","Czech Republic","Nitrous oxide (CO2 equivalent)","Total - all NACE activities","Thousand tonnes","4,580.35383"
"2013","Czech Republic","Hydrofluorocarbones (CO2 equivalent)","Total - all NACE activities","Thousand tonnes","2,989.0172"
"2013","Czech Republic","Perfluorocarbones (CO2 equivalent)","Total - all NACE activities","Thousand tonnes","4.54552"
"2013","Czech Republic","Sulphur hexafluoride and nitrogen trifluoride (CO2 equivalent) ","Total - all NACE activities","Thousand tonnes","96.17118"
"2013","Denmark","Carbon dioxide","Total - all NACE activities","Thousand tonnes","68,574.401"
"2013","Denmark","Methane (CO2 equivalent)","Total - all NACE activities","Thousand tonnes","6,851.1167"
"2013","Denmark","Nitrous oxide (CO2 equivalent)","Total - all NACE activities","Thousand tonnes","5,220.67149"
"2013","Denmark","Hydrofluorocarbones (CO2 equivalent)","Total - all NACE activities","Thousand tonnes","690.22708"
"2013","Denmark","Perfluorocarbones (CO2 equivalent)","Total - all NACE activities","Thousand tonnes","10.83955"
"2013","Denmark","Sulphur hexafluoride and nitrogen trifluoride (CO2 equivalent) ","Total - all NACE activities","Thousand tonnes","130.58605"
"2013","Germany (until 1990 former territory of the FRG)","Carbon dioxide","Total - all NACE activities","Thousand tonnes","703,345.995"
"2013","Germany (until 1990 former territory of the FRG)","Methane (CO2 equivalent)","Total - all NACE activities","Thousand tonnes","55,687.13061"
"2013","Germany (until 1990 former territory of the FRG)","Nitrous oxide (CO2 equivalent)","Total - all NACE activities","Thousand tonnes","37,523.54532"
"2013","Germany (until 1990 former territory of the FRG)","Hydrofluorocarbones (CO2 equivalent)","Total - all NACE activities","Thousand tonnes","11,096.12573"
"2013","Germany (until 1990 former territory of the FRG)","Perfluorocarbones (CO2 equivalent)","Total - all NACE activities","Thousand tonnes","257.26997"
"2013","Germany (until 1990 former territory of the FRG)","Sulphur hexafluoride and nitrogen trifluoride (CO2 equivalent) ","Total - all NACE activities","Thousand tonnes","3,277.1762"
"2013","Estonia","Carbon dioxide","Total - all NACE activities","Thousand tonnes","19,426.054"
"2013","Estonia","Methane (CO2 equivalent)","Total - all NACE activities","Thousand tonnes","1,015.52376"
"2013","Estonia","Nitrous oxide (CO2 equivalent)","Total - all NACE activities","Thousand tonnes","791.2484"
"2013","Estonia","Hydrofluorocarbones (CO2 equivalent)","Total - all NACE activities","Thousand tonnes","174.80594"
"2013","Estonia","Perfluorocarbones (CO2 equivalent)","Total - all NACE activities","Thousand tonnes","0"
"2013","Estonia","Sulphur hexafluoride and nitrogen trifluoride (CO2 equivalent) ","Total - all NACE activities","Thousand tonnes","2.02706"
"2013","Ireland","Carbon dioxide","Total - all NACE activities","Thousand tonnes","30,794.469"
"2013","Ireland","Methane (CO2 equivalent)","Total - all NACE activities","Thousand tonnes","12,362.16001"
"2013","Ireland","Nitrous oxide (CO2 equivalent)","Total - all NACE activities","Thousand tonnes","7,021.85809"
"2013","Ireland","Hydrofluorocarbones (CO2 equivalent)","Total - all NACE activities","Thousand tonnes","744.2734"
"2013","Ireland","Perfluorocarbones (CO2 equivalent)","Total - all NACE activities","Thousand tonnes","8.32436"
"2013","Ireland","Sulphur hexafluoride and nitrogen trifluoride (CO2 equivalent) ","Total - all NACE activities","Thousand tonnes","44.18834"
"2013","Greece","Carbon dioxide","Total - all NACE activities","Thousand tonnes","67,104.38"
"2013","Greece","Methane (CO2 equivalent)","Total - all NACE activities","Thousand tonnes","10,228.6185"
"2013","Greece","Nitrous oxide (CO2 equivalent)","Total - all NACE activities","Thousand tonnes","4,421.50898"
"2013","Greece","Hydrofluorocarbones (CO2 equivalent)","Total - all NACE activities","Thousand tonnes","5,650.2186"
"2013","Greece","Perfluorocarbones (CO2 equivalent)","Total - all NACE activities","Thousand tonnes","172.57102"
"2013","Greece","Sulphur hexafluoride and nitrogen trifluoride (CO2 equivalent) ","Total - all NACE activities","Thousand tonnes","5.15117"
"2013","Spain","Carbon dioxide","Total - all NACE activities","Thousand tonnes","199,995.88"
"2013","Spain","Methane (CO2 equivalent)","Total - all NACE activities","Thousand tonnes","37,006.79689"
"2013","Spain","Nitrous oxide (CO2 equivalent)","Total - all NACE activities","Thousand tonnes","14,559.17786"
"2013","Spain","Hydrofluorocarbones (CO2 equivalent)","Total - all NACE activities","Thousand tonnes","11,993.56568"
"2013","Spain","Perfluorocarbones (CO2 equivalent)","Total - all NACE activities","Thousand tonnes","60.73789"
"2013","Spain","Sulphur hexafluoride and nitrogen trifluoride (CO2 equivalent) ","Total - all NACE activities","Thousand tonnes","222.12944"
"2013","France","Carbon dioxide","Total - all NACE activities","Thousand tonnes","248,581.553"
"2013","France","Methane (CO2 equivalent)","Total - all NACE activities","Thousand tonnes","55,446.15826"
"2013","France","Nitrous oxide (CO2 equivalent)","Total - all NACE activities","Thousand tonnes","38,738.09543"
"2013","France","Hydrofluorocarbones (CO2 equivalent)","Total - all NACE activities","Thousand tonnes","14,735.15622"
"2013","France","Perfluorocarbones (CO2 equivalent)","Total - all NACE activities","Thousand tonnes","667.49542"
"2013","France","Sulphur hexafluoride and nitrogen trifluoride (CO2 equivalent) ","Total - all NACE activities","Thousand tonnes","606.33001"
"2013","Croatia","Carbon dioxide","Total - all NACE activities","Thousand tonnes","13,830.08"
"2013","Croatia","Methane (CO2 equivalent)","Total - all NACE activities","Thousand tonnes","2,891.87566"
"2013","Croatia","Nitrous oxide (CO2 equivalent)","Total - all NACE activities","Thousand tonnes","1,620.79769"
"2013","Croatia","Hydrofluorocarbones (CO2 equivalent)","Total - all NACE activities","Thousand tonnes","253.00261"
"2013","Croatia","Perfluorocarbones (CO2 equivalent)","Total - all NACE activities","Thousand tonnes","0.05982"
"2013","Croatia","Sulphur hexafluoride and nitrogen trifluoride (CO2 equivalent) ","Total - all NACE activities","Thousand tonnes","6.1008"
"2013","Italy","Carbon dioxide","Total - all NACE activities","Thousand tonnes","268,329.631"
"2013","Italy","Methane (CO2 equivalent)","Total - all NACE activities","Thousand tonnes","42,904.26345"
"2013","Italy","Nitrous oxide (CO2 equivalent)","Total - all NACE activities","Thousand tonnes","16,775.53839"
"2013","Italy","Hydrofluorocarbones (CO2 equivalent)","Total - all NACE activities","Thousand tonnes","9,342.99247"
"2013","Italy","Perfluorocarbones (CO2 equivalent)","Total - all NACE activities","Thousand tonnes","1,705.41367"
"2013","Italy","Sulphur hexafluoride and nitrogen trifluoride (CO2 equivalent) ","Total - all NACE activities","Thousand tonnes","443.96202"
"2013","Cyprus","Carbon dioxide","Total - all NACE activities","Thousand tonnes","5,134.764"
"2013","Cyprus","Methane (CO2 equivalent)","Total - all NACE activities","Thousand tonnes","863.39985"
"2013","Cyprus","Nitrous oxide (CO2 equivalent)","Total - all NACE activities","Thousand tonnes","236.00122"
"2013","Cyprus","Hydrofluorocarbones (CO2 equivalent)","Total - all NACE activities","Thousand tonnes","318.52951"
"2013","Cyprus","Perfluorocarbones (CO2 equivalent)","Total - all NACE activities","Thousand tonnes","0"
"2013","Cyprus","Sulphur hexafluoride and nitrogen trifluoride (CO2 equivalent) ","Total - all NACE activities","Thousand tonnes","0.15026"
"2013","Latvia","Carbon dioxide","Total - all NACE activities","Thousand tonnes","6,942.736"
"2013","Latvia","Methane (CO2 equivalent)","Total - all NACE activities","Thousand tonnes","1,769.79714"
"2013","Latvia","Nitrous oxide (CO2 equivalent)","Total - all NACE activities","Thousand tonnes","1,796.83107"
"2013","Latvia","Hydrofluorocarbones (CO2 equivalent)","Total - all NACE activities","Thousand tonnes","155.17467"
"2013","Latvia","Perfluorocarbones (CO2 equivalent)","Total - all NACE activities","Thousand tonnes","0"
"2013","Latvia","Sulphur hexafluoride and nitrogen trifluoride (CO2 equivalent) ","Total - all NACE activities","Thousand tonnes","8.50316"
"2013","Lithuania","Carbon dioxide","Total - all NACE activities","Thousand tonnes","14,240.182"
"2013","Lithuania","Methane (CO2 equivalent)","Total - all NACE activities","Thousand tonnes","3,262.41733"
"2013","Lithuania","Nitrous oxide (CO2 equivalent)","Total - all NACE activities","Thousand tonnes","2,991.23164"
"2013","Lithuania","Hydrofluorocarbones (CO2 equivalent)","Total - all NACE activities","Thousand tonnes","313.15018"
"2013","Lithuania","Perfluorocarbones (CO2 equivalent)","Total - all NACE activities","Thousand tonnes","0"
"2013","Lithuania","Sulphur hexafluoride and nitrogen trifluoride (CO2 equivalent) ","Total - all NACE activities","Thousand tonnes","6.3785"
"2013","Luxembourg","Carbon dioxide","Total - all NACE activities","Thousand tonnes","6,708.057"
"2013","Luxembourg","Methane (CO2 equivalent)","Total - all NACE activities","Thousand tonnes","592.91788"
"2013","Luxembourg","Nitrous oxide (CO2 equivalent)","Total - all NACE activities","Thousand tonnes","251.2587"
"2013","Luxembourg","Hydrofluorocarbones (CO2 equivalent)","Total - all NACE activities","Thousand tonnes","20.8028"
"2013","Luxembourg","Perfluorocarbones (CO2 equivalent)","Total - all NACE activities","Thousand tonnes","0"
"2013","Luxembourg","Sulphur hexafluoride and nitrogen trifluoride (CO2 equivalent) ","Total - all NACE activities","Thousand tonnes","8.051"
"2013","Hungary","Carbon dioxide","Total - all NACE activities","Thousand tonnes","34,315.613"
"2013","Hungary","Methane (CO2 equivalent)","Total - all NACE activities","Thousand tonnes","7,093.51294"
"2013","Hungary","Nitrous oxide (CO2 equivalent)","Total - all NACE activities","Thousand tonnes","3,924.25151"
"2013","Hungary","Hydrofluorocarbones (CO2 equivalent)","Total - all NACE activities","Thousand tonnes","1,106.87896"
"2013","Hungary","Perfluorocarbones (CO2 equivalent)","Total - all NACE activities","Thousand tonnes","1.69134"
"2013","Hungary","Sulphur hexafluoride and nitrogen trifluoride (CO2 equivalent) ","Total - all NACE activities","Thousand tonnes","93.89554"
"2013","Malta","Carbon dioxide","Total - all NACE activities","Thousand tonnes","3,357.807"
"2013","Malta","Methane (CO2 equivalent)","Total - all NACE activities","Thousand tonnes","154.34014"
"2013","Malta","Nitrous oxide (CO2 equivalent)","Total - all NACE activities","Thousand tonnes","43.20445"
"2013","Malta","Hydrofluorocarbones (CO2 equivalent)","Total - all NACE activities","Thousand tonnes","132.25024"
"2013","Malta","Perfluorocarbones (CO2 equivalent)","Total - all NACE activities","Thousand tonnes","0"
"2013","Malta","Sulphur hexafluoride and nitrogen trifluoride (CO2 equivalent) ","Total - all NACE activities","Thousand tonnes","2.65358"
"2013","Netherlands","Carbon dioxide","Total - all NACE activities","Thousand tonnes","160,189.925"
"2013","Netherlands","Methane (CO2 equivalent)","Total - all NACE activities","Thousand tonnes","18,602.29472"
"2013","Netherlands","Nitrous oxide (CO2 equivalent)","Total - all NACE activities","Thousand tonnes","7,909.26164"
"2013","Netherlands","Hydrofluorocarbones (CO2 equivalent)","Total - all NACE activities","Thousand tonnes","2,055.86443"
"2013","Netherlands","Perfluorocarbones (CO2 equivalent)","Total - all NACE activities","Thousand tonnes","134.00235"
"2013","Netherlands","Sulphur hexafluoride and nitrogen trifluoride (CO2 equivalent) ","Total - all NACE activities","Thousand tonnes",":"
"2013","Austria","Carbon dioxide","Total - all NACE activities","Thousand tonnes","50,860.69"
"2013","Austria","Methane (CO2 equivalent)","Total - all NACE activities","Thousand tonnes","6,540.44966"
"2013","Austria","Nitrous oxide (CO2 equivalent)","Total - all NACE activities","Thousand tonnes","3,147.52308"
"2013","Austria","Hydrofluorocarbones (CO2 equivalent)","Total - all NACE activities","Thousand tonnes","1,366.15357"
"2013","Austria","Perfluorocarbones (CO2 equivalent)","Total - all NACE activities","Thousand tonnes","49.22899"
"2013","Austria","Sulphur hexafluoride and nitrogen trifluoride (CO2 equivalent) ","Total - all NACE activities","Thousand tonnes","271.03846"
"2013","Poland","Carbon dioxide","Total - all NACE activities","Thousand tonnes","279,432.195"
"2013","Poland","Methane (CO2 equivalent)","Total - all NACE activities","Thousand tonnes","43,949.08161"
"2013","Poland","Nitrous oxide (CO2 equivalent)","Total - all NACE activities","Thousand tonnes","19,807.998"
"2013","Poland","Hydrofluorocarbones (CO2 equivalent)","Total - all NACE activities","Thousand tonnes","7,761.42268"
"2013","Poland","Perfluorocarbones (CO2 equivalent)","Total - all NACE activities","Thousand tonnes","13.17152"
"2013","Poland","Sulphur hexafluoride and nitrogen trifluoride (CO2 equivalent) ","Total - all NACE activities","Thousand tonnes","47.53688"
"2013","Portugal","Carbon dioxide","Total - all NACE activities","Thousand tonnes","41,398.3"
"2013","Portugal","Methane (CO2 equivalent)","Total - all NACE activities","Thousand tonnes","11,212.8025"
"2013","Portugal","Nitrous oxide (CO2 equivalent)","Total - all NACE activities","Thousand tonnes","2,993.559"
"2013","Portugal","Hydrofluorocarbones (CO2 equivalent)","Total - all NACE activities","Thousand tonnes","1,272.5188"
"2013","Portugal","Perfluorocarbones (CO2 equivalent)","Total - all NACE activities","Thousand tonnes","11.3598"
"2013","Portugal","Sulphur hexafluoride and nitrogen trifluoride (CO2 equivalent) ","Total - all NACE activities","Thousand tonnes","30.9415"
"2013","Romania","Carbon dioxide","Total - all NACE activities","Thousand tonnes","66,038.378"
"2013","Romania","Methane (CO2 equivalent)","Total - all NACE activities","Thousand tonnes","28,750.7022"
"2013","Romania","Nitrous oxide (CO2 equivalent)","Total - all NACE activities","Thousand tonnes","7,094.10753"
"2013","Romania","Hydrofluorocarbones (CO2 equivalent)","Total - all NACE activities","Thousand tonnes","1,298.43557"
"2013","Romania","Perfluorocarbones (CO2 equivalent)","Total - all NACE activities","Thousand tonnes","6.149"
"2013","Romania","Sulphur hexafluoride and nitrogen trifluoride (CO2 equivalent) ","Total - all NACE activities","Thousand tonnes","57.20326"
"2013","Slovenia","Carbon dioxide","Total - all NACE activities","Thousand tonnes","12,838.981"
"2013","Slovenia","Methane (CO2 equivalent)","Total - all NACE activities","Thousand tonnes","1,906.02063"
"2013","Slovenia","Nitrous oxide (CO2 equivalent)","Total - all NACE activities","Thousand tonnes","704.82239"
"2013","Slovenia","Hydrofluorocarbones (CO2 equivalent)","Total - all NACE activities","Thousand tonnes","185.30694"
"2013","Slovenia","Perfluorocarbones (CO2 equivalent)","Total - all NACE activities","Thousand tonnes","15.31452"
"2013","Slovenia","Sulphur hexafluoride and nitrogen trifluoride (CO2 equivalent) ","Total - all NACE activities","Thousand tonnes","15.49228"
"2013","Slovakia","Carbon dioxide","Total - all NACE activities","Thousand tonnes","33,135.451"
"2013","Slovakia","Methane (CO2 equivalent)","Total - all NACE activities","Thousand tonnes","4,274.07809"
"2013","Slovakia","Nitrous oxide (CO2 equivalent)","Total - all NACE activities","Thousand tonnes","2,241.06973"
"2013","Slovakia","Hydrofluorocarbones (CO2 equivalent)","Total - all NACE activities","Thousand tonnes","573.65017"
"2013","Slovakia","Perfluorocarbones (CO2 equivalent)","Total - all NACE activities","Thousand tonnes","9.81045"
"2013","Slovakia","Sulphur hexafluoride and nitrogen trifluoride (CO2 equivalent) ","Total - all NACE activities","Thousand tonnes","22.30342"
"2013","Finland","Carbon dioxide","Total - all NACE activities","Thousand tonnes","49,456.611"
"2013","Finland","Methane (CO2 equivalent)","Total - all NACE activities","Thousand tonnes","4,841.05179"
"2013","Finland","Nitrous oxide (CO2 equivalent)","Total - all NACE activities","Thousand tonnes","4,570.68798"
"2013","Finland","Hydrofluorocarbones (CO2 equivalent)","Total - all NACE activities","Thousand tonnes","1,275.71147"
"2013","Finland","Perfluorocarbones (CO2 equivalent)","Total - all NACE activities","Thousand tonnes","6.62183"
"2013","Finland","Sulphur hexafluoride and nitrogen trifluoride (CO2 equivalent) ","Total - all NACE activities","Thousand tonnes","30.70041"
"2013","Sweden","Carbon dioxide","Total - all NACE activities","Thousand tonnes","42,965.094"
"2013","Sweden","Methane (CO2 equivalent)","Total - all NACE activities","Thousand tonnes","4,835.43743"
"2013","Sweden","Nitrous oxide (CO2 equivalent)","Total - all NACE activities","Thousand tonnes","4,623.58999"
"2013","Sweden","Hydrofluorocarbones (CO2 equivalent)","Total - all NACE activities","Thousand tonnes","606.08093"
"2013","Sweden","Perfluorocarbones (CO2 equivalent)","Total - all NACE activities","Thousand tonnes","51.53761"
"2013","Sweden","Sulphur hexafluoride and nitrogen trifluoride (CO2 equivalent) ","Total - all NACE activities","Thousand tonnes","40.70508"
"2013","United Kingdom","Carbon dioxide","Total - all NACE activities","Thousand tonnes","384,286.761"
"2013","United Kingdom","Methane (CO2 equivalent)","Total - all NACE activities","Thousand tonnes","55,414.82763"
"2013","United Kingdom","Nitrous oxide (CO2 equivalent)","Total - all NACE activities","Thousand tonnes","20,967.37302"
"2013","United Kingdom","Hydrofluorocarbones (CO2 equivalent)","Total - all NACE activities","Thousand tonnes","11,946.09391"
"2013","United Kingdom","Perfluorocarbones (CO2 equivalent)","Total - all NACE activities","Thousand tonnes","318.71392"
"2013","United Kingdom","Sulphur hexafluoride and nitrogen trifluoride (CO2 equivalent) ","Total - all NACE activities","Thousand tonnes","493.66679"
"2013","Norway","Carbon dioxide","Total - all NACE activities","Thousand tonnes","47,752.43"
"2013","Norway","Methane (CO2 equivalent)","Total - all NACE activities","Thousand tonnes","4,986.86103"
"2013","Norway","Nitrous oxide (CO2 equivalent)","Total - all NACE activities","Thousand tonnes","2,542.09182"
"2013","Norway","Hydrofluorocarbones (CO2 equivalent)","Total - all NACE activities","Thousand tonnes","895.66352"
"2013","Norway","Perfluorocarbones (CO2 equivalent)","Total - all NACE activities","Thousand tonnes","181.04021"
"2013","Norway","Sulphur hexafluoride and nitrogen trifluoride (CO2 equivalent) ","Total - all NACE activities","Thousand tonnes","51.48688"
"2013","Switzerland","Carbon dioxide","Total - all NACE activities","Thousand tonnes","27,009.815"
"2013","Switzerland","Methane (CO2 equivalent)","Total - all NACE activities","Thousand tonnes","5,023.77787"
"2013","Switzerland","Nitrous oxide (CO2 equivalent)","Total - all NACE activities","Thousand tonnes","2,283.09751"
"2013","Switzerland","Hydrofluorocarbones (CO2 equivalent)","Total - all NACE activities","Thousand tonnes","1,198.40158"
"2013","Switzerland","Perfluorocarbones (CO2 equivalent)","Total - all NACE activities","Thousand tonnes","51.93003"
"2013","Switzerland","Sulphur hexafluoride and nitrogen trifluoride (CO2 equivalent) ","Total - all NACE activities","Thousand tonnes","248.77522"
"2013","Serbia","Carbon dioxide","Total - all NACE activities","Thousand tonnes","42,272.631"
"2013","Serbia","Methane (CO2 equivalent)","Total - all NACE activities","Thousand tonnes","2,451.06115"
"2013","Serbia","Nitrous oxide (CO2 equivalent)","Total - all NACE activities","Thousand tonnes","794.25972"
"2013","Serbia","Hydrofluorocarbones (CO2 equivalent)","Total - all NACE activities","Thousand tonnes","115.60345"
"2013","Serbia","Perfluorocarbones (CO2 equivalent)","Total - all NACE activities","Thousand tonnes",":"
"2013","Serbia","Sulphur hexafluoride and nitrogen trifluoride (CO2 equivalent) ","Total - all NACE activities","Thousand tonnes",":"
"2013","Turkey","Carbon dioxide","Total - all NACE activities","Thousand tonnes","258,248.387"
"2013","Turkey","Methane (CO2 equivalent)","Total - all NACE activities","Thousand tonnes","52,134.03407"
"2013","Turkey","Nitrous oxide (CO2 equivalent)","Total - all NACE activities","Thousand tonnes","31,836.14081"
"2013","Turkey","Hydrofluorocarbones (CO2 equivalent)","Total - all NACE activities","Thousand tonnes",":"
"2013","Turkey","Perfluorocarbones (CO2 equivalent)","Total - all NACE activities","Thousand tonnes",":"
"2013","Turkey","Sulphur hexafluoride and nitrogen trifluoride (CO2 equivalent) ","Total - all NACE activities","Thousand tonnes",":"
"2014","European Union (current composition)","Carbon dioxide","Total - all NACE activities","Thousand tonnes","2,904,144.093"
"2014","European Union (current composition)","Methane (CO2 equivalent)","Total - all NACE activities","Thousand tonnes","437,522.74287"
"2014","European Union (current composition)","Nitrous oxide (CO2 equivalent)","Total - all NACE activities","Thousand tonnes","226,210.50359"
"2014","European Union (current composition)","Hydrofluorocarbones (CO2 equivalent)","Total - all NACE activities","Thousand tonnes","93,036.22192"
"2014","European Union (current composition)","Perfluorocarbones (CO2 equivalent)","Total - all NACE activities","Thousand tonnes","3,493.08653"
"2014","European Union (current composition)","Sulphur hexafluoride and nitrogen trifluoride (CO2 equivalent) ","Total - all NACE activities","Thousand tonnes",":"
"2014","Belgium","Carbon dioxide","Total - all NACE activities","Thousand tonnes","71,998.192"
"2014","Belgium","Methane (CO2 equivalent)","Total - all NACE activities","Thousand tonnes","7,945.23928"
"2014","Belgium","Nitrous oxide (CO2 equivalent)","Total - all NACE activities","Thousand tonnes","6,178.8468"
"2014","Belgium","Hydrofluorocarbones (CO2 equivalent)","Total - all NACE activities","Thousand tonnes","2,365.034"
"2014","Belgium","Perfluorocarbones (CO2 equivalent)","Total - all NACE activities","Thousand tonnes","306.96483"
"2014","Belgium","Sulphur hexafluoride and nitrogen trifluoride (CO2 equivalent) ","Total - all NACE activities","Thousand tonnes","95.05836"
"2014","Bulgaria","Carbon dioxide","Total - all NACE activities","Thousand tonnes","43,165.495"
"2014","Bulgaria","Methane (CO2 equivalent)","Total - all NACE activities","Thousand tonnes","2,236.62635"
"2014","Bulgaria","Nitrous oxide (CO2 equivalent)","Total - all NACE activities","Thousand tonnes","2,049.19524"
"2014","Bulgaria","Hydrofluorocarbones (CO2 equivalent)","Total - all NACE activities","Thousand tonnes","690.11526"
"2014","Bulgaria","Perfluorocarbones (CO2 equivalent)","Total - all NACE activities","Thousand tonnes","0.03289"
"2014","Bulgaria","Sulphur hexafluoride and nitrogen trifluoride (CO2 equivalent) ","Total - all NACE activities","Thousand tonnes","16.8773"
"2014","Czech Republic","Carbon dioxide","Total - all NACE activities","Thousand tonnes","81,823.628"
"2014","Czech Republic","Methane (CO2 equivalent)","Total - all NACE activities","Thousand tonnes","13,690.68059"
"2014","Czech Republic","Nitrous oxide (CO2 equivalent)","Total - all NACE activities","Thousand tonnes","4,788.06409"
"2014","Czech Republic","Hydrofluorocarbones (CO2 equivalent)","Total - all NACE activities","Thousand tonnes","3,229.52802"
"2014","Czech Republic","Perfluorocarbones (CO2 equivalent)","Total - all NACE activities","Thousand tonnes","3.01958"
"2014","Czech Republic","Sulphur hexafluoride and nitrogen trifluoride (CO2 equivalent) ","Total - all NACE activities","Thousand tonnes","97.08691"
"2014","Denmark","Carbon dioxide","Total - all NACE activities","Thousand tonnes","64,184.606"
"2014","Denmark","Methane (CO2 equivalent)","Total - all NACE activities","Thousand tonnes","6,868.5768"
"2014","Denmark","Nitrous oxide (CO2 equivalent)","Total - all NACE activities","Thousand tonnes","5,322.01519"
"2014","Denmark","Hydrofluorocarbones (CO2 equivalent)","Total - all NACE activities","Thousand tonnes","627.4708"
"2014","Denmark","Perfluorocarbones (CO2 equivalent)","Total - all NACE activities","Thousand tonnes","8.66384"
"2014","Denmark","Sulphur hexafluoride and nitrogen trifluoride (CO2 equivalent) ","Total - all NACE activities","Thousand tonnes","132.37147"
"2014","Germany (until 1990 former territory of the FRG)","Carbon dioxide","Total - all NACE activities","Thousand tonnes","678,168.19"
"2014","Germany (until 1990 former territory of the FRG)","Methane (CO2 equivalent)","Total - all NACE activities","Thousand tonnes","54,711.91163"
"2014","Germany (until 1990 former territory of the FRG)","Nitrous oxide (CO2 equivalent)","Total - all NACE activities","Thousand tonnes","38,223.718"
"2014","Germany (until 1990 former territory of the FRG)","Hydrofluorocarbones (CO2 equivalent)","Total - all NACE activities","Thousand tonnes","11,182.89951"
"2014","Germany (until 1990 former territory of the FRG)","Perfluorocarbones (CO2 equivalent)","Total - all NACE activities","Thousand tonnes","234.60428"
"2014","Germany (until 1990 former territory of the FRG)","Sulphur hexafluoride and nitrogen trifluoride (CO2 equivalent) ","Total - all NACE activities","Thousand tonnes","3,416.45061"
"2014","Estonia","Carbon dioxide","Total - all NACE activities","Thousand tonnes","18,607.407"
"2014","Estonia","Methane (CO2 equivalent)","Total - all NACE activities","Thousand tonnes","985.67436"
"2014","Estonia","Nitrous oxide (CO2 equivalent)","Total - all NACE activities","Thousand tonnes","822.66746"
"2014","Estonia","Hydrofluorocarbones (CO2 equivalent)","Total - all NACE activities","Thousand tonnes","183.60091"
"2014","Estonia","Perfluorocarbones (CO2 equivalent)","Total - all NACE activities","Thousand tonnes","0"
"2014","Estonia","Sulphur hexafluoride and nitrogen trifluoride (CO2 equivalent) ","Total - all NACE activities","Thousand tonnes","2.10039"
"2014","Ireland","Carbon dioxide","Total - all NACE activities","Thousand tonnes","31,162.341"
"2014","Ireland","Methane (CO2 equivalent)","Total - all NACE activities","Thousand tonnes","12,706.52139"
"2014","Ireland","Nitrous oxide (CO2 equivalent)","Total - all NACE activities","Thousand tonnes","6,961.10208"
"2014","Ireland","Hydrofluorocarbones (CO2 equivalent)","Total - all NACE activities","Thousand tonnes","821.58095"
"2014","Ireland","Perfluorocarbones (CO2 equivalent)","Total - all NACE activities","Thousand tonnes","3.56261"
"2014","Ireland","Sulphur hexafluoride and nitrogen trifluoride (CO2 equivalent) ","Total - all NACE activities","Thousand tonnes","38.11375"
"2014","Greece","Carbon dioxide","Total - all NACE activities","Thousand tonnes","64,272.66"
"2014","Greece","Methane (CO2 equivalent)","Total - all NACE activities","Thousand tonnes","10,156.6387"
"2014","Greece","Nitrous oxide (CO2 equivalent)","Total - all NACE activities","Thousand tonnes","4,395.19597"
"2014","Greece","Hydrofluorocarbones (CO2 equivalent)","Total - all NACE activities","Thousand tonnes","5,758.12864"
"2014","Greece","Perfluorocarbones (CO2 equivalent)","Total - all NACE activities","Thousand tonnes","134.6357"
"2014","Greece","Sulphur hexafluoride and nitrogen trifluoride (CO2 equivalent) ","Total - all NACE activities","Thousand tonnes","4.92154"
"2014","Spain","Carbon dioxide","Total - all NACE activities","Thousand tonnes","199,914.317"
"2014","Spain","Methane (CO2 equivalent)","Total - all NACE activities","Thousand tonnes","36,563.07734"
"2014","Spain","Nitrous oxide (CO2 equivalent)","Total - all NACE activities","Thousand tonnes","15,228.67777"
"2014","Spain","Hydrofluorocarbones (CO2 equivalent)","Total - all NACE activities","Thousand tonnes","11,471.61311"
"2014","Spain","Perfluorocarbones (CO2 equivalent)","Total - all NACE activities","Thousand tonnes","56.4862"
"2014","Spain","Sulphur hexafluoride and nitrogen trifluoride (CO2 equivalent) ","Total - all NACE activities","Thousand tonnes","217.77114"
"2014","France","Carbon dioxide","Total - all NACE activities","Thousand tonnes","229,121.45"
"2014","France","Methane (CO2 equivalent)","Total - all NACE activities","Thousand tonnes","56,478.33504"
"2014","France","Nitrous oxide (CO2 equivalent)","Total - all NACE activities","Thousand tonnes","40,128.22446"
"2014","France","Hydrofluorocarbones (CO2 equivalent)","Total - all NACE activities","Thousand tonnes","14,790.81342"
"2014","France","Perfluorocarbones (CO2 equivalent)","Total - all NACE activities","Thousand tonnes","600.77537"
"2014","France","Sulphur hexafluoride and nitrogen trifluoride (CO2 equivalent) ","Total - all NACE activities","Thousand tonnes","499.23972"
"2014","Croatia","Carbon dioxide","Total - all NACE activities","Thousand tonnes","13,099.476"
"2014","Croatia","Methane (CO2 equivalent)","Total - all NACE activities","Thousand tonnes","2,895.67636"
"2014","Croatia","Nitrous oxide (CO2 equivalent)","Total - all NACE activities","Thousand tonnes","1,539.82046"
"2014","Croatia","Hydrofluorocarbones (CO2 equivalent)","Total - all NACE activities","Thousand tonnes","256.83447"
"2014","Croatia","Perfluorocarbones (CO2 equivalent)","Total - all NACE activities","Thousand tonnes","0.05954"
"2014","Croatia","Sulphur hexafluoride and nitrogen trifluoride (CO2 equivalent) ","Total - all NACE activities","Thousand tonnes","6.81383"
"2014","Italy","Carbon dioxide","Total - all NACE activities","Thousand tonnes","258,109.089"
"2014","Italy","Methane (CO2 equivalent)","Total - all NACE activities","Thousand tonnes","42,103.28938"
"2014","Italy","Nitrous oxide (CO2 equivalent)","Total - all NACE activities","Thousand tonnes","16,474.10484"
"2014","Italy","Hydrofluorocarbones (CO2 equivalent)","Total - all NACE activities","Thousand tonnes","9,848.79564"
"2014","Italy","Perfluorocarbones (CO2 equivalent)","Total - all NACE activities","Thousand tonnes","1,564.34433"
"2014","Italy","Sulphur hexafluoride and nitrogen trifluoride (CO2 equivalent) ","Total - all NACE activities","Thousand tonnes","383.80312"
"2014","Cyprus","Carbon dioxide","Total - all NACE activities","Thousand tonnes","5,484.484"
"2014","Cyprus","Methane (CO2 equivalent)","Total - all NACE activities","Thousand tonnes","858.46544"
"2014","Cyprus","Nitrous oxide (CO2 equivalent)","Total - all NACE activities","Thousand tonnes","230.31184"
"2014","Cyprus","Hydrofluorocarbones (CO2 equivalent)","Total - all NACE activities","Thousand tonnes","314.4458"
"2014","Cyprus","Perfluorocarbones (CO2 equivalent)","Total - all NACE activities","Thousand tonnes","0"
"2014","Cyprus","Sulphur hexafluoride and nitrogen trifluoride (CO2 equivalent) ","Total - all NACE activities","Thousand tonnes","0.14833"
"2014","Latvia","Carbon dioxide","Total - all NACE activities","Thousand tonnes","6,721.683"
"2014","Latvia","Methane (CO2 equivalent)","Total - all NACE activities","Thousand tonnes","1,837.62418"
"2014","Latvia","Nitrous oxide (CO2 equivalent)","Total - all NACE activities","Thousand tonnes","1,857.64976"
"2014","Latvia","Hydrofluorocarbones (CO2 equivalent)","Total - all NACE activities","Thousand tonnes","157.07577"
"2014","Latvia","Perfluorocarbones (CO2 equivalent)","Total - all NACE activities","Thousand tonnes","0"
"2014","Latvia","Sulphur hexafluoride and nitrogen trifluoride (CO2 equivalent) ","Total - all NACE activities","Thousand tonnes","8.5779"
"2014","Lithuania","Carbon dioxide","Total - all NACE activities","Thousand tonnes","14,983.226"
"2014","Lithuania","Methane (CO2 equivalent)","Total - all NACE activities","Thousand tonnes","3,284.18315"
"2014","Lithuania","Nitrous oxide (CO2 equivalent)","Total - all NACE activities","Thousand tonnes","3,101.0401"
"2014","Lithuania","Hydrofluorocarbones (CO2 equivalent)","Total - all NACE activities","Thousand tonnes","356.06514"
"2014","Lithuania","Perfluorocarbones (CO2 equivalent)","Total - all NACE activities","Thousand tonnes","0"
"2014","Lithuania","Sulphur hexafluoride and nitrogen trifluoride (CO2 equivalent) ","Total - all NACE activities","Thousand tonnes","6.26741"
"2014","Luxembourg","Carbon dioxide","Total - all NACE activities","Thousand tonnes","6,751.907"
"2014","Luxembourg","Methane (CO2 equivalent)","Total - all NACE activities","Thousand tonnes","604.90313"
"2014","Luxembourg","Nitrous oxide (CO2 equivalent)","Total - all NACE activities","Thousand tonnes","248.98019"
"2014","Luxembourg","Hydrofluorocarbones (CO2 equivalent)","Total - all NACE activities","Thousand tonnes","25.1879"
"2014","Luxembourg","Perfluorocarbones (CO2 equivalent)","Total - all NACE activities","Thousand tonnes","0"
"2014","Luxembourg","Sulphur hexafluoride and nitrogen trifluoride (CO2 equivalent) ","Total - all NACE activities","Thousand tonnes","8.4285"
"2014","Hungary","Carbon dioxide","Total - all NACE activities","Thousand tonnes","34,839.468"
"2014","Hungary","Methane (CO2 equivalent)","Total - all NACE activities","Thousand tonnes","7,118.41085"
"2014","Hungary","Nitrous oxide (CO2 equivalent)","Total - all NACE activities","Thousand tonnes","4,062.81916"
"2014","Hungary","Hydrofluorocarbones (CO2 equivalent)","Total - all NACE activities","Thousand tonnes","1,575.81973"
"2014","Hungary","Perfluorocarbones (CO2 equivalent)","Total - all NACE activities","Thousand tonnes","1.45317"
"2014","Hungary","Sulphur hexafluoride and nitrogen trifluoride (CO2 equivalent) ","Total - all NACE activities","Thousand tonnes","108.50635"
"2014","Malta","Carbon dioxide","Total - all NACE activities","Thousand tonnes","3,417.754"
"2014","Malta","Methane (CO2 equivalent)","Total - all NACE activities","Thousand tonnes","170.37127"
"2014","Malta","Nitrous oxide (CO2 equivalent)","Total - all NACE activities","Thousand tonnes","43.48127"
"2014","Malta","Hydrofluorocarbones (CO2 equivalent)","Total - all NACE activities","Thousand tonnes","141.24068"
"2014","Malta","Perfluorocarbones (CO2 equivalent)","Total - all NACE activities","Thousand tonnes","0"
"2014","Malta","Sulphur hexafluoride and nitrogen trifluoride (CO2 equivalent) ","Total - all NACE activities","Thousand tonnes","0.57959"
"2014","Netherlands","Carbon dioxide","Total - all NACE activities","Thousand tonnes","160,574.57"
"2014","Netherlands","Methane (CO2 equivalent)","Total - all NACE activities","Thousand tonnes","18,303.45323"
"2014","Netherlands","Nitrous oxide (CO2 equivalent)","Total - all NACE activities","Thousand tonnes","8,040.6757"
"2014","Netherlands","Hydrofluorocarbones (CO2 equivalent)","Total - all NACE activities","Thousand tonnes","1,859.4969"
"2014","Netherlands","Perfluorocarbones (CO2 equivalent)","Total - all NACE activities","Thousand tonnes","96.51286"
"2014","Netherlands","Sulphur hexafluoride and nitrogen trifluoride (CO2 equivalent) ","Total - all NACE activities","Thousand tonnes",":"
"2014","Austria","Carbon dioxide","Total - all NACE activities","Thousand tonnes","48,677.863"
"2014","Austria","Methane (CO2 equivalent)","Total - all NACE activities","Thousand tonnes","6,446.65125"
"2014","Austria","Nitrous oxide (CO2 equivalent)","Total - all NACE activities","Thousand tonnes","3,233.03286"
"2014","Austria","Hydrofluorocarbones (CO2 equivalent)","Total - all NACE activities","Thousand tonnes","1,404.62249"
"2014","Austria","Perfluorocarbones (CO2 equivalent)","Total - all NACE activities","Thousand tonnes","53.02851"
"2014","Austria","Sulphur hexafluoride and nitrogen trifluoride (CO2 equivalent) ","Total - all NACE activities","Thousand tonnes","282.32417"
"2014","Poland","Carbon dioxide","Total - all NACE activities","Thousand tonnes","271,292.784"
"2014","Poland","Methane (CO2 equivalent)","Total - all NACE activities","Thousand tonnes","43,748.90242"
"2014","Poland","Nitrous oxide (CO2 equivalent)","Total - all NACE activities","Thousand tonnes","19,428.69754"
"2014","Poland","Hydrofluorocarbones (CO2 equivalent)","Total - all NACE activities","Thousand tonnes","8,374.33445"
"2014","Poland","Perfluorocarbones (CO2 equivalent)","Total - all NACE activities","Thousand tonnes","12.51294"
"2014","Poland","Sulphur hexafluoride and nitrogen trifluoride (CO2 equivalent) ","Total - all NACE activities","Thousand tonnes","52.7862"
"2014","Portugal","Carbon dioxide","Total - all NACE activities","Thousand tonnes","41,437.5"
"2014","Portugal","Methane (CO2 equivalent)","Total - all NACE activities","Thousand tonnes","10,998.1575"
"2014","Portugal","Nitrous oxide (CO2 equivalent)","Total - all NACE activities","Thousand tonnes","3,065.2876"
"2014","Portugal","Hydrofluorocarbones (CO2 equivalent)","Total - all NACE activities","Thousand tonnes","1,329.8036"
"2014","Portugal","Perfluorocarbones (CO2 equivalent)","Total - all NACE activities","Thousand tonnes","12.5911"
"2014","Portugal","Sulphur hexafluoride and nitrogen trifluoride (CO2 equivalent) ","Total - all NACE activities","Thousand tonnes","25.7775"
"2014","Romania","Carbon dioxide","Total - all NACE activities","Thousand tonnes","66,594.091"
"2014","Romania","Methane (CO2 equivalent)","Total - all NACE activities","Thousand tonnes","28,715.94327"
"2014","Romania","Nitrous oxide (CO2 equivalent)","Total - all NACE activities","Thousand tonnes","6,813.78037"
"2014","Romania","Hydrofluorocarbones (CO2 equivalent)","Total - all NACE activities","Thousand tonnes","1,373.0845"
"2014","Romania","Perfluorocarbones (CO2 equivalent)","Total - all NACE activities","Thousand tonnes","6.3449"
"2014","Romania","Sulphur hexafluoride and nitrogen trifluoride (CO2 equivalent) ","Total - all NACE activities","Thousand tonnes","51.78117"
"2014","Slovenia","Carbon dioxide","Total - all NACE activities","Thousand tonnes","11,455.744"
"2014","Slovenia","Methane (CO2 equivalent)","Total - all NACE activities","Thousand tonnes","1,836.8326"
"2014","Slovenia","Nitrous oxide (CO2 equivalent)","Total - all NACE activities","Thousand tonnes","719.50939"
"2014","Slovenia","Hydrofluorocarbones (CO2 equivalent)","Total - all NACE activities","Thousand tonnes","209.81776"
"2014","Slovenia","Perfluorocarbones (CO2 equivalent)","Total - all NACE activities","Thousand tonnes","15.22146"
"2014","Slovenia","Sulphur hexafluoride and nitrogen trifluoride (CO2 equivalent) ","Total - all NACE activities","Thousand tonnes","14.9982"
"2014","Slovakia","Carbon dioxide","Total - all NACE activities","Thousand tonnes","31,442.256"
"2014","Slovakia","Methane (CO2 equivalent)","Total - all NACE activities","Thousand tonnes","4,117.8592"
"2014","Slovakia","Nitrous oxide (CO2 equivalent)","Total - all NACE activities","Thousand tonnes","2,288.43447"
"2014","Slovakia","Hydrofluorocarbones (CO2 equivalent)","Total - all NACE activities","Thousand tonnes","574.33814"
"2014","Slovakia","Perfluorocarbones (CO2 equivalent)","Total - all NACE activities","Thousand tonnes","11.1475"
"2014","Slovakia","Sulphur hexafluoride and nitrogen trifluoride (CO2 equivalent) ","Total - all NACE activities","Thousand tonnes","14.16839"
"2014","Finland","Carbon dioxide","Total - all NACE activities","Thousand tonnes","44,947.597"
"2014","Finland","Methane (CO2 equivalent)","Total - all NACE activities","Thousand tonnes","4,739.79965"
"2014","Finland","Nitrous oxide (CO2 equivalent)","Total - all NACE activities","Thousand tonnes","4,610.93633"
"2014","Finland","Hydrofluorocarbones (CO2 equivalent)","Total - all NACE activities","Thousand tonnes","1,389.98152"
"2014","Finland","Perfluorocarbones (CO2 equivalent)","Total - all NACE activities","Thousand tonnes","10.24009"
"2014","Finland","Sulphur hexafluoride and nitrogen trifluoride (CO2 equivalent) ","Total - all NACE activities","Thousand tonnes","34.25064"
"2014","Sweden","Carbon dioxide","Total - all NACE activities","Thousand tonnes","41,951.993"
"2014","Sweden","Methane (CO2 equivalent)","Total - all NACE activities","Thousand tonnes","4,714.68452"
"2014","Sweden","Nitrous oxide (CO2 equivalent)","Total - all NACE activities","Thousand tonnes","4,710.57095"
"2014","Sweden","Hydrofluorocarbones (CO2 equivalent)","Total - all NACE activities","Thousand tonnes","587.32"
"2014","Sweden","Perfluorocarbones (CO2 equivalent)","Total - all NACE activities","Thousand tonnes","82.56984"
"2014","Sweden","Sulphur hexafluoride and nitrogen trifluoride (CO2 equivalent) ","Total - all NACE activities","Thousand tonnes","44.4822"
"2014","United Kingdom","Carbon dioxide","Total - all NACE activities","Thousand tonnes","359,944.323"
"2014","United Kingdom","Methane (CO2 equivalent)","Total - all NACE activities","Thousand tonnes","52,684.25402"
"2014","United Kingdom","Nitrous oxide (CO2 equivalent)","Total - all NACE activities","Thousand tonnes","21,643.6637"
"2014","United Kingdom","Hydrofluorocarbones (CO2 equivalent)","Total - all NACE activities","Thousand tonnes","12,137.17283"
"2014","United Kingdom","Perfluorocarbones (CO2 equivalent)","Total - all NACE activities","Thousand tonnes","278.31497"
"2014","United Kingdom","Sulphur hexafluoride and nitrogen trifluoride (CO2 equivalent) ","Total - all NACE activities","Thousand tonnes","476.93743"
"2014","Norway","Carbon dioxide","Total - all NACE activities","Thousand tonnes","46,249.232"
"2014","Norway","Methane (CO2 equivalent)","Total - all NACE activities","Thousand tonnes","5,105.60412"
"2014","Norway","Nitrous oxide (CO2 equivalent)","Total - all NACE activities","Thousand tonnes","2,551.37921"
"2014","Norway","Hydrofluorocarbones (CO2 equivalent)","Total - all NACE activities","Thousand tonnes","974.77918"
"2014","Norway","Perfluorocarbones (CO2 equivalent)","Total - all NACE activities","Thousand tonnes","178.92043"
"2014","Norway","Sulphur hexafluoride and nitrogen trifluoride (CO2 equivalent) ","Total - all NACE activities","Thousand tonnes","45.31821"
"2014","Switzerland","Carbon dioxide","Total - all NACE activities","Thousand tonnes","25,357.524"
"2014","Switzerland","Methane (CO2 equivalent)","Total - all NACE activities","Thousand tonnes","5,042.03086"
"2014","Switzerland","Nitrous oxide (CO2 equivalent)","Total - all NACE activities","Thousand tonnes","2,306.6599"
"2014","Switzerland","Hydrofluorocarbones (CO2 equivalent)","Total - all NACE activities","Thousand tonnes","1,202.00129"
"2014","Switzerland","Perfluorocarbones (CO2 equivalent)","Total - all NACE activities","Thousand tonnes","44.03084"
"2014","Switzerland","Sulphur hexafluoride and nitrogen trifluoride (CO2 equivalent) ","Total - all NACE activities","Thousand tonnes","256.0803"
"2014","Serbia","Carbon dioxide","Total - all NACE activities","Thousand tonnes",":"
"2014","Serbia","Methane (CO2 equivalent)","Total - all NACE activities","Thousand tonnes",":"
"2014","Serbia","Nitrous oxide (CO2 equivalent)","Total - all NACE activities","Thousand tonnes",":"
"2014","Serbia","Hydrofluorocarbones (CO2 equivalent)","Total - all NACE activities","Thousand tonnes",":"
"2014","Serbia","Perfluorocarbones (CO2 equivalent)","Total - all NACE activities","Thousand tonnes",":"
"2014","Serbia","Sulphur hexafluoride and nitrogen trifluoride (CO2 equivalent) ","Total - all NACE activities","Thousand tonnes",":"
"2014","Turkey","Carbon dioxide","Total - all NACE activities","Thousand tonnes","272,490.772"
"2014","Turkey","Methane (CO2 equivalent)","Total - all NACE activities","Thousand tonnes","54,000.68171"
"2014","Turkey","Nitrous oxide (CO2 equivalent)","Total - all NACE activities","Thousand tonnes","31,861.86562"
"2014","Turkey","Hydrofluorocarbones (CO2 equivalent)","Total - all NACE activities","Thousand tonnes",":"
"2014","Turkey","Perfluorocarbones (CO2 equivalent)","Total - all NACE activities","Thousand tonnes",":"
"2014","Turkey","Sulphur hexafluoride and nitrogen trifluoride (CO2 equivalent) ","Total - all NACE activities","Thousand tonnes",":"
"2015","European Union (current composition)","Carbon dioxide","Total - all NACE activities","Thousand tonnes","2,913,735.462"
"2015","European Union (current composition)","Methane (CO2 equivalent)","Total - all NACE activities","Thousand tonnes","434,824.46761"
"2015","European Union (current composition)","Nitrous oxide (CO2 equivalent)","Total - all NACE activities","Thousand tonnes","226,427.14853"
"2015","European Union (current composition)","Hydrofluorocarbones (CO2 equivalent)","Total - all NACE activities","Thousand tonnes","90,043.48025"
"2015","European Union (current composition)","Perfluorocarbones (CO2 equivalent)","Total - all NACE activities","Thousand tonnes","3,556.19244"
"2015","European Union (current composition)","Sulphur hexafluoride and nitrogen trifluoride (CO2 equivalent) ","Total - all NACE activities","Thousand tonnes",":"
"2015","Belgium","Carbon dioxide","Total - all NACE activities","Thousand tonnes","74,228.882"
"2015","Belgium","Methane (CO2 equivalent)","Total - all NACE activities","Thousand tonnes","7,853.60249"
"2015","Belgium","Nitrous oxide (CO2 equivalent)","Total - all NACE activities","Thousand tonnes","6,003.10073"
"2015","Belgium","Hydrofluorocarbones (CO2 equivalent)","Total - all NACE activities","Thousand tonnes","2,309.08667"
"2015","Belgium","Perfluorocarbones (CO2 equivalent)","Total - all NACE activities","Thousand tonnes","275.84712"
"2015","Belgium","Sulphur hexafluoride and nitrogen trifluoride (CO2 equivalent) ","Total - all NACE activities","Thousand tonnes","91.21508"
"2015","Bulgaria","Carbon dioxide","Total - all NACE activities","Thousand tonnes","45,763.738"
"2015","Bulgaria","Methane (CO2 equivalent)","Total - all NACE activities","Thousand tonnes","2,255.81166"
"2015","Bulgaria","Nitrous oxide (CO2 equivalent)","Total - all NACE activities","Thousand tonnes","2,488.41478"
"2015","Bulgaria","Hydrofluorocarbones (CO2 equivalent)","Total - all NACE activities","Thousand tonnes","733.17543"
"2015","Bulgaria","Perfluorocarbones (CO2 equivalent)","Total - all NACE activities","Thousand tonnes","0.02768"
"2015","Bulgaria","Sulphur hexafluoride and nitrogen trifluoride (CO2 equivalent) ","Total - all NACE activities","Thousand tonnes","18.405"
"2015","Czech Republic","Carbon dioxide","Total - all NACE activities","Thousand tonnes","80,616.685"
"2015","Czech Republic","Methane (CO2 equivalent)","Total - all NACE activities","Thousand tonnes","13,758.82563"
"2015","Czech Republic","Nitrous oxide (CO2 equivalent)","Total - all NACE activities","Thousand tonnes","4,785.92047"
"2015","Czech Republic","Hydrofluorocarbones (CO2 equivalent)","Total - all NACE activities","Thousand tonnes","3,455.08062"
"2015","Czech Republic","Perfluorocarbones (CO2 equivalent)","Total - all NACE activities","Thousand tonnes","1.95995"
"2015","Czech Republic","Sulphur hexafluoride and nitrogen trifluoride (CO2 equivalent) ","Total - all NACE activities","Thousand tonnes","92.83942"
"2015","Denmark","Carbon dioxide","Total - all NACE activities","Thousand tonnes","62,537.342"
"2015","Denmark","Methane (CO2 equivalent)","Total - all NACE activities","Thousand tonnes","6,758.26435"
"2015","Denmark","Nitrous oxide (CO2 equivalent)","Total - all NACE activities","Thousand tonnes","5,366.75314"
"2015","Denmark","Hydrofluorocarbones (CO2 equivalent)","Total - all NACE activities","Thousand tonnes","579.36654"
"2015","Denmark","Perfluorocarbones (CO2 equivalent)","Total - all NACE activities","Thousand tonnes","4.94881"
"2015","Denmark","Sulphur hexafluoride and nitrogen trifluoride (CO2 equivalent) ","Total - all NACE activities","Thousand tonnes","103.08445"
"2015","Germany (until 1990 former territory of the FRG)","Carbon dioxide","Total - all NACE activities","Thousand tonnes","675,104.031"
"2015","Germany (until 1990 former territory of the FRG)","Methane (CO2 equivalent)","Total - all NACE activities","Thousand tonnes","54,259.75657"
"2015","Germany (until 1990 former territory of the FRG)","Nitrous oxide (CO2 equivalent)","Total - all NACE activities","Thousand tonnes","38,710.49829"
"2015","Germany (until 1990 former territory of the FRG)","Hydrofluorocarbones (CO2 equivalent)","Total - all NACE activities","Thousand tonnes","11,355.51324"
"2015","Germany (until 1990 former territory of the FRG)","Perfluorocarbones (CO2 equivalent)","Total - all NACE activities","Thousand tonnes","253.66742"
"2015","Germany (until 1990 former territory of the FRG)","Sulphur hexafluoride and nitrogen trifluoride (CO2 equivalent) ","Total - all NACE activities","Thousand tonnes","3,573.55556"
"2015","Estonia","Carbon dioxide","Total - all NACE activities","Thousand tonnes","15,479.262"
"2015","Estonia","Methane (CO2 equivalent)","Total - all NACE activities","Thousand tonnes","942.36063"
"2015","Estonia","Nitrous oxide (CO2 equivalent)","Total - all NACE activities","Thousand tonnes","848.07361"
"2015","Estonia","Hydrofluorocarbones (CO2 equivalent)","Total - all NACE activities","Thousand tonnes","186.87248"
"2015","Estonia","Perfluorocarbones (CO2 equivalent)","Total - all NACE activities","Thousand tonnes","0"
"2015","Estonia","Sulphur hexafluoride and nitrogen trifluoride (CO2 equivalent) ","Total - all NACE activities","Thousand tonnes","2.25112"
"2015","Ireland","Carbon dioxide","Total - all NACE activities","Thousand tonnes","30,753.332"
"2015","Ireland","Methane (CO2 equivalent)","Total - all NACE activities","Thousand tonnes","13,089.02013"
"2015","Ireland","Nitrous oxide (CO2 equivalent)","Total - all NACE activities","Thousand tonnes","6,987.69136"
"2015","Ireland","Hydrofluorocarbones (CO2 equivalent)","Total - all NACE activities","Thousand tonnes","752.71873"
"2015","Ireland","Perfluorocarbones (CO2 equivalent)","Total - all NACE activities","Thousand tonnes","20.49736"
"2015","Ireland","Sulphur hexafluoride and nitrogen trifluoride (CO2 equivalent) ","Total - all NACE activities","Thousand tonnes","45.20908"
"2015","Greece","Carbon dioxide","Total - all NACE activities","Thousand tonnes","59,723.61"
"2015","Greece","Methane (CO2 equivalent)","Total - all NACE activities","Thousand tonnes","10,109.95338"
"2015","Greece","Nitrous oxide (CO2 equivalent)","Total - all NACE activities","Thousand tonnes","4,410.20332"
"2015","Greece","Hydrofluorocarbones (CO2 equivalent)","Total - all NACE activities","Thousand tonnes","5,902.68452"
"2015","Greece","Perfluorocarbones (CO2 equivalent)","Total - all NACE activities","Thousand tonnes","119.52248"
"2015","Greece","Sulphur hexafluoride and nitrogen trifluoride (CO2 equivalent) ","Total - all NACE activities","Thousand tonnes","5.06042"
"2015","Spain","Carbon dioxide","Total - all NACE activities","Thousand tonnes","212,525.788"
"2015","Spain","Methane (CO2 equivalent)","Total - all NACE activities","Thousand tonnes","37,436.21553"
"2015","Spain","Nitrous oxide (CO2 equivalent)","Total - all NACE activities","Thousand tonnes","15,304.28522"
"2015","Spain","Hydrofluorocarbones (CO2 equivalent)","Total - all NACE activities","Thousand tonnes","6,955.97879"
"2015","Spain","Perfluorocarbones (CO2 equivalent)","Total - all NACE activities","Thousand tonnes","78.18445"
"2015","Spain","Sulphur hexafluoride and nitrogen trifluoride (CO2 equivalent) ","Total - all NACE activities","Thousand tonnes","229.97818"
"2015","France","Carbon dioxide","Total - all NACE activities","Thousand tonnes","229,369.217"
"2015","France","Methane (CO2 equivalent)","Total - all NACE activities","Thousand tonnes","55,501.23258"
"2015","France","Nitrous oxide (CO2 equivalent)","Total - all NACE activities","Thousand tonnes","39,879.48415"
"2015","France","Hydrofluorocarbones (CO2 equivalent)","Total - all NACE activities","Thousand tonnes","14,557.83499"
"2015","France","Perfluorocarbones (CO2 equivalent)","Total - all NACE activities","Thousand tonnes","536.25612"
"2015","France","Sulphur hexafluoride and nitrogen trifluoride (CO2 equivalent) ","Total - all NACE activities","Thousand tonnes","531.3332"
"2015","Croatia","Carbon dioxide","Total - all NACE activities","Thousand tonnes","12,921.344"
"2015","Croatia","Methane (CO2 equivalent)","Total - all NACE activities","Thousand tonnes","3,052.80634"
"2015","Croatia","Nitrous oxide (CO2 equivalent)","Total - all NACE activities","Thousand tonnes","1,634.6435"
"2015","Croatia","Hydrofluorocarbones (CO2 equivalent)","Total - all NACE activities","Thousand tonnes","262.68906"
"2015","Croatia","Perfluorocarbones (CO2 equivalent)","Total - all NACE activities","Thousand tonnes","0.03379"
"2015","Croatia","Sulphur hexafluoride and nitrogen trifluoride (CO2 equivalent) ","Total - all NACE activities","Thousand tonnes","5.26461"
"2015","Italy","Carbon dioxide","Total - all NACE activities","Thousand tonnes","267,228.203"
"2015","Italy","Methane (CO2 equivalent)","Total - all NACE activities","Thousand tonnes","40,861.62003"
"2015","Italy","Nitrous oxide (CO2 equivalent)","Total - all NACE activities","Thousand tonnes","16,346.53402"
"2015","Italy","Hydrofluorocarbones (CO2 equivalent)","Total - all NACE activities","Thousand tonnes","10,207.28442"
"2015","Italy","Perfluorocarbones (CO2 equivalent)","Total - all NACE activities","Thousand tonnes","1,688.32567"
"2015","Italy","Sulphur hexafluoride and nitrogen trifluoride (CO2 equivalent) ","Total - all NACE activities","Thousand tonnes","458.34593"
"2015","Cyprus","Carbon dioxide","Total - all NACE activities","Thousand tonnes","5,264.801"
"2015","Cyprus","Methane (CO2 equivalent)","Total - all NACE activities","Thousand tonnes","866.21365"
"2015","Cyprus","Nitrous oxide (CO2 equivalent)","Total - all NACE activities","Thousand tonnes","245.8565"
"2015","Cyprus","Hydrofluorocarbones (CO2 equivalent)","Total - all NACE activities","Thousand tonnes","314.4458"
"2015","Cyprus","Perfluorocarbones (CO2 equivalent)","Total - all NACE activities","Thousand tonnes","0"
"2015","Cyprus","Sulphur hexafluoride and nitrogen trifluoride (CO2 equivalent) ","Total - all NACE activities","Thousand tonnes","0.14833"
"2015","Latvia","Carbon dioxide","Total - all NACE activities","Thousand tonnes","7,002.378"
"2015","Latvia","Methane (CO2 equivalent)","Total - all NACE activities","Thousand tonnes","1,769.90566"
"2015","Latvia","Nitrous oxide (CO2 equivalent)","Total - all NACE activities","Thousand tonnes","1,937.57476"
"2015","Latvia","Hydrofluorocarbones (CO2 equivalent)","Total - all NACE activities","Thousand tonnes","173.6949"
"2015","Latvia","Perfluorocarbones (CO2 equivalent)","Total - all NACE activities","Thousand tonnes","0"
"2015","Latvia","Sulphur hexafluoride and nitrogen trifluoride (CO2 equivalent) ","Total - all NACE activities","Thousand tonnes","10.11807"
"2015","Lithuania","Carbon dioxide","Total - all NACE activities","Thousand tonnes","15,243.511"
"2015","Lithuania","Methane (CO2 equivalent)","Total - all NACE activities","Thousand tonnes","3,234.86958"
"2015","Lithuania","Nitrous oxide (CO2 equivalent)","Total - all NACE activities","Thousand tonnes","3,087.89075"
"2015","Lithuania","Hydrofluorocarbones (CO2 equivalent)","Total - all NACE activities","Thousand tonnes","465.97255"
"2015","Lithuania","Perfluorocarbones (CO2 equivalent)","Total - all NACE activities","Thousand tonnes","0"
"2015","Lithuania","Sulphur hexafluoride and nitrogen trifluoride (CO2 equivalent) ","Total - all NACE activities","Thousand tonnes","5.80015"
"2015","Luxembourg","Carbon dioxide","Total - all NACE activities","Thousand tonnes","7,379.151"
"2015","Luxembourg","Methane (CO2 equivalent)","Total - all NACE activities","Thousand tonnes","611.6347"
"2015","Luxembourg","Nitrous oxide (CO2 equivalent)","Total - all NACE activities","Thousand tonnes","255.35054"
"2015","Luxembourg","Hydrofluorocarbones (CO2 equivalent)","Total - all NACE activities","Thousand tonnes","24.8194"
"2015","Luxembourg","Perfluorocarbones (CO2 equivalent)","Total - all NACE activities","Thousand tonnes","0"
"2015","Luxembourg","Sulphur hexafluoride and nitrogen trifluoride (CO2 equivalent) ","Total - all NACE activities","Thousand tonnes","8.8853"
"2015","Hungary","Carbon dioxide","Total - all NACE activities","Thousand tonnes","36,781.791"
"2015","Hungary","Methane (CO2 equivalent)","Total - all NACE activities","Thousand tonnes","7,008.82687"
"2015","Hungary","Nitrous oxide (CO2 equivalent)","Total - all NACE activities","Thousand tonnes","4,155.85"
"2015","Hungary","Hydrofluorocarbones (CO2 equivalent)","Total - all NACE activities","Thousand tonnes","1,977.78385"
"2015","Hungary","Perfluorocarbones (CO2 equivalent)","Total - all NACE activities","Thousand tonnes","1.14914"
"2015","Hungary","Sulphur hexafluoride and nitrogen trifluoride (CO2 equivalent) ","Total - all NACE activities","Thousand tonnes","111.87875"
"2015","Malta","Carbon dioxide","Total - all NACE activities","Thousand tonnes","3,009.523"
"2015","Malta","Methane (CO2 equivalent)","Total - all NACE activities","Thousand tonnes","176.97097"
"2015","Malta","Nitrous oxide (CO2 equivalent)","Total - all NACE activities","Thousand tonnes","42.40554"
"2015","Malta","Hydrofluorocarbones (CO2 equivalent)","Total - all NACE activities","Thousand tonnes","151.02822"
"2015","Malta","Perfluorocarbones (CO2 equivalent)","Total - all NACE activities","Thousand tonnes","0"
"2015","Malta","Sulphur hexafluoride and nitrogen trifluoride (CO2 equivalent) ","Total - all NACE activities","Thousand tonnes","0.18744"
"2015","Netherlands","Carbon dioxide","Total - all NACE activities","Thousand tonnes","166,613.276"
"2015","Netherlands","Methane (CO2 equivalent)","Total - all NACE activities","Thousand tonnes","18,510.94114"
"2015","Netherlands","Nitrous oxide (CO2 equivalent)","Total - all NACE activities","Thousand tonnes","8,302.7399"
"2015","Netherlands","Hydrofluorocarbones (CO2 equivalent)","Total - all NACE activities","Thousand tonnes","1,939.40679"
"2015","Netherlands","Perfluorocarbones (CO2 equivalent)","Total - all NACE activities","Thousand tonnes","99.99403"
"2015","Netherlands","Sulphur hexafluoride and nitrogen trifluoride (CO2 equivalent) ","Total - all NACE activities","Thousand tonnes",":"
"2015","Austria","Carbon dioxide","Total - all NACE activities","Thousand tonnes","50,313.794"
"2015","Austria","Methane (CO2 equivalent)","Total - all NACE activities","Thousand tonnes","6,351.54035"
"2015","Austria","Nitrous oxide (CO2 equivalent)","Total - all NACE activities","Thousand tonnes","3,229.44023"
"2015","Austria","Hydrofluorocarbones (CO2 equivalent)","Total - all NACE activities","Thousand tonnes","1,420.50878"
"2015","Austria","Perfluorocarbones (CO2 equivalent)","Total - all NACE activities","Thousand tonnes","49.54934"
"2015","Austria","Sulphur hexafluoride and nitrogen trifluoride (CO2 equivalent) ","Total - all NACE activities","Thousand tonnes","283.871"
"2015","Poland","Carbon dioxide","Total - all NACE activities","Thousand tonnes","274,552.781"
"2015","Poland","Methane (CO2 equivalent)","Total - all NACE activities","Thousand tonnes","44,371.5853"
"2015","Poland","Nitrous oxide (CO2 equivalent)","Total - all NACE activities","Thousand tonnes","18,631.62779"
"2015","Poland","Hydrofluorocarbones (CO2 equivalent)","Total - all NACE activities","Thousand tonnes","8,426.93517"
"2015","Poland","Perfluorocarbones (CO2 equivalent)","Total - all NACE activities","Thousand tonnes","11.88729"
"2015","Poland","Sulphur hexafluoride and nitrogen trifluoride (CO2 equivalent) ","Total - all NACE activities","Thousand tonnes","77.02595"
"2015","Portugal","Carbon dioxide","Total - all NACE activities","Thousand tonnes","45,754.3"
"2015","Portugal","Methane (CO2 equivalent)","Total - all NACE activities","Thousand tonnes","11,123.07"
"2015","Portugal","Nitrous oxide (CO2 equivalent)","Total - all NACE activities","Thousand tonnes","3,072.7674"
"2015","Portugal","Hydrofluorocarbones (CO2 equivalent)","Total - all NACE activities","Thousand tonnes","1,421.6404"
"2015","Portugal","Perfluorocarbones (CO2 equivalent)","Total - all NACE activities","Thousand tonnes","13.8888"
"2015","Portugal","Sulphur hexafluoride and nitrogen trifluoride (CO2 equivalent) ","Total - all NACE activities","Thousand tonnes","26.1887"
"2015","Romania","Carbon dioxide","Total - all NACE activities","Thousand tonnes","67,935.589"
"2015","Romania","Methane (CO2 equivalent)","Total - all NACE activities","Thousand tonnes","28,609.54041"
"2015","Romania","Nitrous oxide (CO2 equivalent)","Total - all NACE activities","Thousand tonnes","6,926.70325"
"2015","Romania","Hydrofluorocarbones (CO2 equivalent)","Total - all NACE activities","Thousand tonnes","1,636.76161"
"2015","Romania","Perfluorocarbones (CO2 equivalent)","Total - all NACE activities","Thousand tonnes","6.5666"
"2015","Romania","Sulphur hexafluoride and nitrogen trifluoride (CO2 equivalent) ","Total - all NACE activities","Thousand tonnes","52.27077"
"2015","Slovenia","Carbon dioxide","Total - all NACE activities","Thousand tonnes","11,603.415"
"2015","Slovenia","Methane (CO2 equivalent)","Total - all NACE activities","Thousand tonnes","1,886.00363"
"2015","Slovenia","Nitrous oxide (CO2 equivalent)","Total - all NACE activities","Thousand tonnes","782.7594"
"2015","Slovenia","Hydrofluorocarbones (CO2 equivalent)","Total - all NACE activities","Thousand tonnes","235.73725"
"2015","Slovenia","Perfluorocarbones (CO2 equivalent)","Total - all NACE activities","Thousand tonnes","15.7403"
"2015","Slovenia","Sulphur hexafluoride and nitrogen trifluoride (CO2 equivalent) ","Total - all NACE activities","Thousand tonnes","14.74432"
"2015","Slovakia","Carbon dioxide","Total - all NACE activities","Thousand tonnes","31,109.983"
"2015","Slovakia","Methane (CO2 equivalent)","Total - all NACE activities","Thousand tonnes","4,241.68055"
"2015","Slovakia","Nitrous oxide (CO2 equivalent)","Total - all NACE activities","Thousand tonnes","2,280.14045"
"2015","Slovakia","Hydrofluorocarbones (CO2 equivalent)","Total - all NACE activities","Thousand tonnes","647.43409"
"2015","Slovakia","Perfluorocarbones (CO2 equivalent)","Total - all NACE activities","Thousand tonnes","8.5042"
"2015","Slovakia","Sulphur hexafluoride and nitrogen trifluoride (CO2 equivalent) ","Total - all NACE activities","Thousand tonnes","14.31387"
"2015","Finland","Carbon dioxide","Total - all NACE activities","Thousand tonnes","41,631.049"
"2015","Finland","Methane (CO2 equivalent)","Total - all NACE activities","Thousand tonnes","4,705.30025"
"2015","Finland","Nitrous oxide (CO2 equivalent)","Total - all NACE activities","Thousand tonnes","4,620.74286"
"2015","Finland","Hydrofluorocarbones (CO2 equivalent)","Total - all NACE activities","Thousand tonnes","1,255.61612"
"2015","Finland","Perfluorocarbones (CO2 equivalent)","Total - all NACE activities","Thousand tonnes","6.57495"
"2015","Finland","Sulphur hexafluoride and nitrogen trifluoride (CO2 equivalent) ","Total - all NACE activities","Thousand tonnes","37.55099"
"2015","Sweden","Carbon dioxide","Total - all NACE activities","Thousand tonnes","42,102.118"
"2015","Sweden","Methane (CO2 equivalent)","Total - all NACE activities","Thousand tonnes","4,608.31209"
"2015","Sweden","Nitrous oxide (CO2 equivalent)","Total - all NACE activities","Thousand tonnes","4,644.24313"
"2015","Sweden","Hydrofluorocarbones (CO2 equivalent)","Total - all NACE activities","Thousand tonnes","564.70239"
"2015","Sweden","Perfluorocarbones (CO2 equivalent)","Total - all NACE activities","Thousand tonnes","35.83763"
"2015","Sweden","Sulphur hexafluoride and nitrogen trifluoride (CO2 equivalent) ","Total - all NACE activities","Thousand tonnes","53.78067"
"2015","United Kingdom","Carbon dioxide","Total - all NACE activities","Thousand tonnes","341,186.57"
"2015","United Kingdom","Methane (CO2 equivalent)","Total - all NACE activities","Thousand tonnes","50,868.60314"
"2015","United Kingdom","Nitrous oxide (CO2 equivalent)","Total - all NACE activities","Thousand tonnes","21,445.45345"
"2015","United Kingdom","Hydrofluorocarbones (CO2 equivalent)","Total - all NACE activities","Thousand tonnes","12,128.70746"
"2015","United Kingdom","Perfluorocarbones (CO2 equivalent)","Total - all NACE activities","Thousand tonnes","327.2293"
"2015","United Kingdom","Sulphur hexafluoride and nitrogen trifluoride (CO2 equivalent) ","Total - all NACE activities","Thousand tonnes","457.91908"
"2015","Norway","Carbon dioxide","Total - all NACE activities","Thousand tonnes","47,211.212"
"2015","Norway","Methane (CO2 equivalent)","Total - all NACE activities","Thousand tonnes","4,970.98317"
"2015","Norway","Nitrous oxide (CO2 equivalent)","Total - all NACE activities","Thousand tonnes","2,591.85032"
"2015","Norway","Hydrofluorocarbones (CO2 equivalent)","Total - all NACE activities","Thousand tonnes","972.61089"
"2015","Norway","Perfluorocarbones (CO2 equivalent)","Total - all NACE activities","Thousand tonnes","146.38838"
"2015","Norway","Sulphur hexafluoride and nitrogen trifluoride (CO2 equivalent) ","Total - all NACE activities","Thousand tonnes","45.54894"
"2015","Switzerland","Carbon dioxide","Total - all NACE activities","Thousand tonnes","25,319.503"
"2015","Switzerland","Methane (CO2 equivalent)","Total - all NACE activities","Thousand tonnes","5,006.00623"
"2015","Switzerland","Nitrous oxide (CO2 equivalent)","Total - all NACE activities","Thousand tonnes","2,260.08241"
"2015","Switzerland","Hydrofluorocarbones (CO2 equivalent)","Total - all NACE activities","Thousand tonnes","1,219.62634"
"2015","Switzerland","Perfluorocarbones (CO2 equivalent)","Total - all NACE activities","Thousand tonnes","57.20706"
"2015","Switzerland","Sulphur hexafluoride and nitrogen trifluoride (CO2 equivalent) ","Total - all NACE activities","Thousand tonnes","253.5475"
"2015","Serbia","Carbon dioxide","Total - all NACE activities","Thousand tonnes",":"
"2015","Serbia","Methane (CO2 equivalent)","Total - all NACE activities","Thousand tonnes",":"
"2015","Serbia","Nitrous oxide (CO2 equivalent)","Total - all NACE activities","Thousand tonnes",":"
"2015","Serbia","Hydrofluorocarbones (CO2 equivalent)","Total - all NACE activities","Thousand tonnes",":"
"2015","Serbia","Perfluorocarbones (CO2 equivalent)","Total - all NACE activities","Thousand tonnes",":"
"2015","Serbia","Sulphur hexafluoride and nitrogen trifluoride (CO2 equivalent) ","Total - all NACE activities","Thousand tonnes",":"
"2015","Turkey","Carbon dioxide","Total - all NACE activities","Thousand tonnes","311,784.402"
"2015","Turkey","Methane (CO2 equivalent)","Total - all NACE activities","Thousand tonnes","49,727.86255"
"2015","Turkey","Nitrous oxide (CO2 equivalent)","Total - all NACE activities","Thousand tonnes","32,466.03239"
"2015","Turkey","Hydrofluorocarbones (CO2 equivalent)","Total - all NACE activities","Thousand tonnes",":"
"2015","Turkey","Perfluorocarbones (CO2 equivalent)","Total - all NACE activities","Thousand tonnes",":"
"2015","Turkey","Sulphur hexafluoride and nitrogen trifluoride (CO2 equivalent) ","Total - all NACE activities","Thousand tonnes",":"
