Code Région;Région;Code Département;Nom Département;Code Type Prod;Type Production;ID_type_inj;Type Injection;Tranche;Stockage Existence;Fin De Trimestre;FA_en_cours_nbr;FA_en_cours_puiss;entrée_FA_nbr;entrée_FA_puiss;sortie_FA_nbr;sortie_FA_puiss
84;Auvergne-Rhône-Alpes;1;Ain;200;Eolien;3;Autoconsommation sans injection;"a-]0;36]";NON;2020-12-31;0;0.0;0;0.0;0;0.0
84;Auvergne-Rhône-Alpes;1;Ain;300;Hydraulique;1;Injection totale;"b-]36;100]";NON;2020-12-31;1;0.09;0;0.0;0;0.0
84;Auvergne-Rhône-Alpes;1;Ain;400;Bio énergie;1;Injection totale;"d-]250;...[";NON;2020-12-31;0;0.0;0;0.0;1;0.499
84;Auvergne-Rhône-Alpes;1;Ain;500;Cogénération;1;Injection totale;"d-]250;...[";NON;2020-12-31;0;0.0;0;0.0;0;0.0
84;Auvergne-Rhône-Alpes;3;Allier;100;Photovoltaïque;1;Injection totale;"b-]36;100]";NON;2020-12-31;294;27.14156;70;6.53707;39;3.66181
84;Auvergne-Rhône-Alpes;3;Allier;100;Photovoltaïque;2;Injection du surplus;"d-]250;...[";NON;2020-12-31;0;0.0;0;0.0;0;0.0
84;Auvergne-Rhône-Alpes;3;Allier;100;Photovoltaïque;3;Autoconsommation sans injection;"c-]100;250]";NON;2020-12-31;0;0.0;0;0.0;0;0.0
84;Auvergne-Rhône-Alpes;3;Allier;200;Eolien;1;Injection totale;"a-]0;36]";NON;2020-12-31;0;0.0;0;0.0;0;0.0
84;Auvergne-Rhône-Alpes;7;Ardèche;100;Photovoltaïque;2;Injection du surplus;"a-]0;36]";OUI;2020-12-31;2;0.0066;1;0.003;3;0.012
84;Auvergne-Rhône-Alpes;7;Ardèche;100;Photovoltaïque;3;Autoconsommation sans injection;"c-]100;250]";NON;2020-12-31;2;0.363;1;0.143;0;0.0
84;Auvergne-Rhône-Alpes;7;Ardèche;100;Photovoltaïque;3;Autoconsommation sans injection;"d-]250;...[";NON;2020-12-31;1;0.476;1;0.476;0;0.0
84;Auvergne-Rhône-Alpes;7;Ardèche;200;Eolien;1;Injection totale;"b-]36;100]";NON;2020-12-31;0;0.0;0;0.0;0;0.0
84;Auvergne-Rhône-Alpes;7;Ardèche;200;Eolien;2;Injection du surplus;"a-]0;36]";NON;2020-12-31;0;0.0;0;0.0;0;0.0
84;Auvergne-Rhône-Alpes;7;Ardèche;300;Hydraulique;3;Autoconsommation sans injection;"d-]250;...[";NON;2020-12-31;0;0.0;0;0.0;0;0.0
84;Auvergne-Rhône-Alpes;7;Ardèche;600;Autres;1;Injection totale;"c-]100;250]";NON;2020-12-31;0;0.0;0;0.0;0;0.0
84;Auvergne-Rhône-Alpes;15;Cantal;100;Photovoltaïque;2;Injection du surplus;"a-]0;36]";NON;2020-12-31;40;0.18864;37;0.12914;23;0.08196
84;Auvergne-Rhône-Alpes;26;Drôme;100;Photovoltaïque;1;Injection totale;"b-]36;100]";NON;2020-12-31;246;22.90351;35;3.28335;35;3.07857
84;Auvergne-Rhône-Alpes;26;Drôme;300;Hydraulique;1;Injection totale;"a-]0;36]";NON;2020-12-31;0;0.0;0;0.0;0;0.0
84;Auvergne-Rhône-Alpes;26;Drôme;500;Cogénération;1;Injection totale;"c-]100;250]";NON;2020-12-31;0;0.0;0;0.0;0;0.0
84;Auvergne-Rhône-Alpes;26;Drôme;600;Autres;1;Injection totale;"b-]36;100]";NON;2020-12-31;0;0.0;0;0.0;0;0.0
84;Auvergne-Rhône-Alpes;38;Isère;100;Photovoltaïque;3;Autoconsommation sans injection;"c-]100;250]";NON;2020-12-31;3;0.586;0;0.0;0;0.0
84;Auvergne-Rhône-Alpes;38;Isère;200;Eolien;2;Injection du surplus;"a-]0;36]";NON;2020-12-31;0;0.0;0;0.0;0;0.0
84;Auvergne-Rhône-Alpes;38;Isère;300;Hydraulique;1;Injection totale;"a-]0;36]";NON;2020-12-31;0;0.0;0;0.0;0;0.0
84;Auvergne-Rhône-Alpes;38;Isère;300;Hydraulique;2;Injection du surplus;"a-]0;36]";NON;2020-12-31;0;0.0;0;0.0;0;0.0
84;Auvergne-Rhône-Alpes;38;Isère;300;Hydraulique;3;Autoconsommation sans injection;"a-]0;36]";NON;2020-12-31;0;0.0;0;0.0;0;0.0
84;Auvergne-Rhône-Alpes;38;Isère;500;Cogénération;1;Injection totale;"b-]36;100]";NON;2020-12-31;0;0.0;0;0.0;0;0.0
84;Auvergne-Rhône-Alpes;38;Isère;600;Autres;1;Injection totale;"d-]250;...[";NON;2020-12-31;0;0.0;0;0.0;0;0.0
84;Auvergne-Rhône-Alpes;42;Loire;100;Photovoltaïque;2;Injection du surplus;"c-]100;250]";NON;2020-12-31;1;0.249;0;0.0;0;0.0
84;Auvergne-Rhône-Alpes;42;Loire;600;Autres;1;Injection totale;"a-]0;36]";NON;2020-12-31;0;0.0;0;0.0;0;0.0
84;Auvergne-Rhône-Alpes;43;Haute-Loire;100;Photovoltaïque;1;Injection totale;"a-]0;36]";OUI;2020-12-31;0;0.0;0;0.0;0;0.0
84;Auvergne-Rhône-Alpes;43;Haute-Loire;100;Photovoltaïque;1;Injection totale;"b-]36;100]";NON;2020-12-31;108;9.63323;24;2.10113;14;1.2959
84;Auvergne-Rhône-Alpes;43;Haute-Loire;100;Photovoltaïque;2;Injection du surplus;"b-]36;100]";NON;2020-12-31;3;0.2478;1;0.0828;1;0.048
84;Auvergne-Rhône-Alpes;43;Haute-Loire;100;Photovoltaïque;3;Autoconsommation sans injection;"a-]0;36]";NON;2020-12-31;0;0.0;6;0.00811;6;0.00811
84;Auvergne-Rhône-Alpes;43;Haute-Loire;400;Bio énergie;2;Injection du surplus;"a-]0;36]";NON;2020-12-31;0;0.0;0;0.0;0;0.0
84;Auvergne-Rhône-Alpes;69;Rhône;100;Photovoltaïque;1;Injection totale;"a-]0;36]";NON;2020-12-31;60;0.89744;14;0.1509;16;0.3223
84;Auvergne-Rhône-Alpes;69;Rhône;400;Bio énergie;1;Injection totale;"a-]0;36]";NON;2020-12-31;0;0.0;0;0.0;0;0.0
84;Auvergne-Rhône-Alpes;69;Rhône;500;Cogénération;3;Autoconsommation sans injection;"c-]100;250]";NON;2020-12-31;0;0.0;0;0.0;0;0.0
84;Auvergne-Rhône-Alpes;69;Rhône;600;Autres;1;Injection totale;"a-]0;36]";NON;2020-12-31;0;0.0;0;0.0;0;0.0
84;Auvergne-Rhône-Alpes;69;Rhône;600;Autres;1;Injection totale;"d-]250;...[";NON;2020-12-31;0;0.0;0;0.0;0;0.0
84;Auvergne-Rhône-Alpes;73;Savoie;100;Photovoltaïque;2;Injection du surplus;"c-]100;250]";NON;2020-12-31;1;0.15;0;0.0;0;0.0
84;Auvergne-Rhône-Alpes;73;Savoie;100;Photovoltaïque;3;Autoconsommation sans injection;"a-]0;36]";NON;2020-12-31;1;0.015;12;0.04607;13;0.04607
84;Auvergne-Rhône-Alpes;73;Savoie;100;Photovoltaïque;3;Autoconsommation sans injection;"b-]36;100]";NON;2020-12-31;2;0.116;0;0.0;0;0.0
84;Auvergne-Rhône-Alpes;73;Savoie;300;Hydraulique;1;Injection totale;"a-]0;36]";NON;2020-12-31;1;0.018;0;0.0;0;0.0
84;Auvergne-Rhône-Alpes;73;Savoie;300;Hydraulique;1;Injection totale;"c-]100;250]";NON;2020-12-31;1;0.15;0;0.0;1;0.24
84;Auvergne-Rhône-Alpes;73;Savoie;500;Cogénération;1;Injection totale;"a-]0;36]";NON;2020-12-31;0;0.0;0;0.0;0;0.0
84;Auvergne-Rhône-Alpes;74;Haute-Savoie;300;Hydraulique;1;Injection totale;"d-]250;...[";NON;2020-12-31;3;5.264;0;0.0;0;0.0
84;Auvergne-Rhône-Alpes;74;Haute-Savoie;500;Cogénération;1;Injection totale;"b-]36;100]";NON;2020-12-31;1;0.05;0;0.0;0;0.0
84;Auvergne-Rhône-Alpes;43;Haute-Loire;100;Photovoltaïque;3;Autoconsommation sans injection;"c-]100;250]";NON;2020-09-30;2;0.438;1;0.238;0;0.0
84;Auvergne-Rhône-Alpes;74;Haute-Savoie;100;Photovoltaïque;2;Injection du surplus;"a-]0;36]";NON;2020-09-30;192;0.93504;149;0.65059;88;0.3871
84;Auvergne-Rhône-Alpes;1;Ain;100;Photovoltaïque;2;Injection du surplus;"a-]0;36]";NON;2020-09-30;179;1.01394;145;0.69598;95;0.45254
84;Auvergne-Rhône-Alpes;26;Drôme;100;Photovoltaïque;2;Injection du surplus;"b-]36;100]";NON;2020-09-30;6;0.41;1;0.1;0;0.0
84;Auvergne-Rhône-Alpes;73;Savoie;100;Photovoltaïque;1;Injection totale;"d-]250;...[";NON;2020-09-30;1;4.176;0;0.0;0;0.0
84;Auvergne-Rhône-Alpes;3;Allier;100;Photovoltaïque;3;Autoconsommation sans injection;"a-]0;36]";NON;2020-09-30;0;0.0;7;0.02243;7;0.02243
84;Auvergne-Rhône-Alpes;7;Ardèche;100;Photovoltaïque;1;Injection totale;"b-]36;100]";NON;2020-09-30;79;7.25099;7;0.66529;9;0.81
84;Auvergne-Rhône-Alpes;15;Cantal;100;Photovoltaïque;1;Injection totale;"d-]250;...[";NON;2020-09-30;3;4.989;0;0.0;0;0.0
84;Auvergne-Rhône-Alpes;26;Drôme;100;Photovoltaïque;3;Autoconsommation sans injection;"b-]36;100]";NON;2020-09-30;0;0.0;0;0.0;0;0.0
84;Auvergne-Rhône-Alpes;38;Isère;100;Photovoltaïque;1;Injection totale;"b-]36;100]";NON;2020-09-30;111;10.28226;27;2.48742;9;0.7862
84;Auvergne-Rhône-Alpes;42;Loire;100;Photovoltaïque;2;Injection du surplus;"a-]0;36]";OUI;2020-09-30;1;0.003;1;0.003;0;0.0
84;Auvergne-Rhône-Alpes;63;Puy-de-Dôme;100;Photovoltaïque;3;Autoconsommation sans injection;"a-]0;36]";OUI;2020-09-30;0;0.0;0;0.0;0;0.0
84;Auvergne-Rhône-Alpes;43;Haute-Loire;100;Photovoltaïque;1;Injection totale;"a-]0;36]";OUI;2020-09-30;0;0.0;0;0.0;0;0.0
84;Auvergne-Rhône-Alpes;43;Haute-Loire;100;Photovoltaïque;2;Injection du surplus;"b-]36;100]";NON;2020-09-30;3;0.213;1;0.099;0;0.0
84;Auvergne-Rhône-Alpes;43;Haute-Loire;100;Photovoltaïque;3;Autoconsommation sans injection;"a-]0;36]";NON;2020-09-30;0;0.0;7;0.03562;7;0.03562
84;Auvergne-Rhône-Alpes;63;Puy-de-Dôme;100;Photovoltaïque;3;Autoconsommation sans injection;"c-]100;250]";NON;2020-09-30;0;0.0;0;0.0;0;0.0
84;Auvergne-Rhône-Alpes;73;Savoie;100;Photovoltaïque;3;Autoconsommation sans injection;"c-]100;250]";NON;2020-09-30;1;0.146;0;0.0;0;0.0
84;Auvergne-Rhône-Alpes;74;Haute-Savoie;100;Photovoltaïque;1;Injection totale;"c-]100;250]";NON;2020-09-30;0;0.0;0;0.0;0;0.0
84;Auvergne-Rhône-Alpes;74;Haute-Savoie;100;Photovoltaïque;1;Injection totale;"d-]250;...[";NON;2020-09-30;3;2.5848;0;0.0;0;0.0
84;Auvergne-Rhône-Alpes;74;Haute-Savoie;100;Photovoltaïque;3;Autoconsommation sans injection;"d-]250;...[";NON;2020-09-30;1;0.33;0;0.0;0;0.0
84;Auvergne-Rhône-Alpes;69;Rhône;200;Eolien;2;Injection du surplus;"a-]0;36]";NON;2020-09-30;0;0.0;0;0.0;0;0.0
84;Auvergne-Rhône-Alpes;1;Ain;200;Eolien;3;Autoconsommation sans injection;"a-]0;36]";NON;2020-09-30;0;0.0;0;0.0;0;0.0
84;Auvergne-Rhône-Alpes;3;Allier;200;Eolien;3;Autoconsommation sans injection;"a-]0;36]";NON;2020-09-30;0;0.0;0;0.0;0;0.0
84;Auvergne-Rhône-Alpes;7;Ardèche;200;Eolien;1;Injection totale;"b-]36;100]";NON;2020-09-30;0;0.0;0;0.0;0;0.0
84;Auvergne-Rhône-Alpes;63;Puy-de-Dôme;300;Hydraulique;1;Injection totale;"c-]100;250]";NON;2020-09-30;0;0.0;0;0.0;0;0.0
84;Auvergne-Rhône-Alpes;15;Cantal;300;Hydraulique;1;Injection totale;"b-]36;100]";NON;2020-09-30;1;0.06539;0;0.0;0;0.0
84;Auvergne-Rhône-Alpes;43;Haute-Loire;300;Hydraulique;1;Injection totale;"a-]0;36]";NON;2020-09-30;1;0.01;0;0.0;0;0.0
84;Auvergne-Rhône-Alpes;3;Allier;300;Hydraulique;1;Injection totale;"d-]250;...[";NON;2020-09-30;2;1.025;1;0.665;0;0.0
84;Auvergne-Rhône-Alpes;26;Drôme;300;Hydraulique;1;Injection totale;"d-]250;...[";NON;2020-09-30;0;0.0;0;0.0;0;0.0
84;Auvergne-Rhône-Alpes;38;Isère;300;Hydraulique;3;Autoconsommation sans injection;"a-]0;36]";NON;2020-09-30;0;0.0;0;0.0;0;0.0
84;Auvergne-Rhône-Alpes;69;Rhône;300;Hydraulique;1;Injection totale;"d-]250;...[";NON;2020-09-30;0;0.0;0;0.0;0;0.0
84;Auvergne-Rhône-Alpes;63;Puy-de-Dôme;400;Bio énergie;1;Injection totale;"d-]250;...[";NON;2020-09-30;2;2.999;0;0.0;0;0.0
84;Auvergne-Rhône-Alpes;42;Loire;400;Bio énergie;1;Injection totale;"c-]100;250]";NON;2020-09-30;2;0.45;0;0.0;0;0.0
84;Auvergne-Rhône-Alpes;26;Drôme;400;Bio énergie;1;Injection totale;"b-]36;100]";NON;2020-09-30;0;0.0;0;0.0;0;0.0
84;Auvergne-Rhône-Alpes;1;Ain;400;Bio énergie;1;Injection totale;"c-]100;250]";NON;2020-09-30;0;0.0;0;0.0;1;0.16
84;Auvergne-Rhône-Alpes;43;Haute-Loire;400;Bio énergie;1;Injection totale;"c-]100;250]";NON;2020-09-30;3;0.459;0;0.0;1;0.15
84;Auvergne-Rhône-Alpes;74;Haute-Savoie;400;Bio énergie;2;Injection du surplus;"c-]100;250]";NON;2020-09-30;0;0.0;0;0.0;0;0.0
84;Auvergne-Rhône-Alpes;74;Haute-Savoie;500;Cogénération;1;Injection totale;"d-]250;...[";NON;2020-09-30;0;0.0;0;0.0;0;0.0
84;Auvergne-Rhône-Alpes;1;Ain;500;Cogénération;2;Injection du surplus;"a-]0;36]";NON;2020-09-30;0;0.0;0;0.0;0;0.0
84;Auvergne-Rhône-Alpes;15;Cantal;500;Cogénération;3;Autoconsommation sans injection;"a-]0;36]";NON;2020-09-30;0;0.0;0;0.0;0;0.0
84;Auvergne-Rhône-Alpes;63;Puy-de-Dôme;500;Cogénération;1;Injection totale;"d-]250;...[";NON;2020-09-30;0;0.0;0;0.0;0;0.0
84;Auvergne-Rhône-Alpes;69;Rhône;500;Cogénération;3;Autoconsommation sans injection;"c-]100;250]";NON;2020-09-30;0;0.0;0;0.0;0;0.0
84;Auvergne-Rhône-Alpes;74;Haute-Savoie;600;Autres;1;Injection totale;"d-]250;...[";NON;2020-09-30;0;0.0;0;0.0;0;0.0
84;Auvergne-Rhône-Alpes;43;Haute-Loire;600;Autres;1;Injection totale;"a-]0;36]";NON;2020-09-30;0;0.0;0;0.0;0;0.0
84;Auvergne-Rhône-Alpes;42;Loire;600;Autres;1;Injection totale;"d-]250;...[";OUI;2020-09-30;0;0.0;0;0.0;0;0.0
84;Auvergne-Rhône-Alpes;38;Isère;600;Autres;2;Injection du surplus;"c-]100;250]";OUI;2020-09-30;0;0.0;0;0.0;0;0.0
84;Auvergne-Rhône-Alpes;7;Ardèche;600;Autres;1;Injection totale;"b-]36;100]";NON;2020-09-30;0;0.0;0;0.0;0;0.0
84;Auvergne-Rhône-Alpes;15;Cantal;600;Autres;2;Injection du surplus;"a-]0;36]";NON;2020-09-30;1;0.001;0;0.0;0;0.0
84;Auvergne-Rhône-Alpes;74;Haute-Savoie;600;Autres;1;Injection totale;"c-]100;250]";NON;2020-09-30;0;0.0;0;0.0;0;0.0
84;Auvergne-Rhône-Alpes;01;Ain;300;Hydraulique;3;Autoconsommation sans injection;"a-]0;36]";Non Dispo;2020-03-31;0;0.0;0;0.0;0;0.0
84;Auvergne-Rhône-Alpes;01;Ain;300;Hydraulique;1;Injection totale;"d-]250;...[";Non Dispo;2020-03-31;0;0.0;0;0.0;0;0.0
84;Auvergne-Rhône-Alpes;01;Ain;600;Autres;2;Injection du surplus;"a-]0;36]";Non Dispo;2020-03-31;0;0.0;0;0.0;0;0.0
84;Auvergne-Rhône-Alpes;03;Allier;100;Photovoltaïque;1;Injection totale;"a-]0;36]";Non Dispo;2020-03-31;24;0.4311;4;0.06;5;0.1091
84;Auvergne-Rhône-Alpes;03;Allier;500;Cogénération;1;Injection totale;"a-]0;36]";Non Dispo;2020-03-31;0;0.0;0;0.0;0;0.0
84;Auvergne-Rhône-Alpes;07;Ardèche;100;Photovoltaïque;3;Autoconsommation sans injection;"a-]0;36]";Non Dispo;2020-03-31;1;0.01575;3;0.009;4;0.015
84;Auvergne-Rhône-Alpes;07;Ardèche;100;Photovoltaïque;3;Autoconsommation sans injection;"d-]250;...[";Non Dispo;2020-03-31;0;0.0;0;0.0;0;0.0
84;Auvergne-Rhône-Alpes;07;Ardèche;400;Bio énergie;1;Injection totale;"c-]100;250]";Non Dispo;2020-03-31;0;0.0;0;0.0;0;0.0
84;Auvergne-Rhône-Alpes;07;Ardèche;500;Cogénération;1;Injection totale;"d-]250;...[";Non Dispo;2020-03-31;1;1.96;0;0.0;0;0.0
84;Auvergne-Rhône-Alpes;07;Ardèche;600;Autres;1;Injection totale;"a-]0;36]";Non Dispo;2020-03-31;0;0.0;0;0.0;0;0.0
84;Auvergne-Rhône-Alpes;15;Cantal;100;Photovoltaïque;1;Injection totale;"c-]100;250]";Non Dispo;2020-03-31;23;5.0084;2;0.4189;1;0.24
84;Auvergne-Rhône-Alpes;15;Cantal;100;Photovoltaïque;1;Injection totale;"a-]0;36]";Non Dispo;2020-03-31;24;0.6345;4;0.132;2;0.054
84;Auvergne-Rhône-Alpes;15;Cantal;200;Eolien;2;Injection du surplus;"a-]0;36]";Non Dispo;2020-03-31;0;0.0;0;0.0;0;0.0
84;Auvergne-Rhône-Alpes;15;Cantal;300;Hydraulique;1;Injection totale;"c-]100;250]";Non Dispo;2020-03-31;0;0.0;0;0.0;0;0.0
84;Auvergne-Rhône-Alpes;15;Cantal;300;Hydraulique;1;Injection totale;"d-]250;...[";Non Dispo;2020-03-31;0;0.0;0;0.0;0;0.0
84;Auvergne-Rhône-Alpes;15;Cantal;600;Autres;1;Injection totale;"c-]100;250]";Non Dispo;2020-03-31;0;0.0;0;0.0;0;0.0
84;Auvergne-Rhône-Alpes;26;Drôme;100;Photovoltaïque;2;Injection du surplus;"a-]0;36]";Non Dispo;2020-03-31;79;0.4087;103;0.4394;141;0.5977
84;Auvergne-Rhône-Alpes;26;Drôme;300;Hydraulique;1;Injection totale;"b-]36;100]";Non Dispo;2020-03-31;0;0.0;0;0.0;0;0.0
84;Auvergne-Rhône-Alpes;26;Drôme;500;Cogénération;1;Injection totale;"a-]0;36]";Non Dispo;2020-03-31;0;0.0;0;0.0;0;0.0
84;Auvergne-Rhône-Alpes;26;Drôme;600;Autres;2;Injection du surplus;"d-]250;...[";Non Dispo;2020-03-31;0;0.0;0;0.0;0;0.0
84;Auvergne-Rhône-Alpes;38;Isère;100;Photovoltaïque;1;Injection totale;"c-]100;250]";Non Dispo;2020-03-31;14;2.921;1;0.132;2;0.396
84;Auvergne-Rhône-Alpes;38;Isère;100;Photovoltaïque;1;Injection totale;"d-]250;...[";Non Dispo;2020-03-31;13;35.815;5;22.12;1;0.45
84;Auvergne-Rhône-Alpes;38;Isère;300;Hydraulique;2;Injection du surplus;"a-]0;36]";Non Dispo;2020-03-31;0;0.0;0;0.0;0;0.0
84;Auvergne-Rhône-Alpes;38;Isère;500;Cogénération;1;Injection totale;"d-]250;...[";Non Dispo;2020-03-31;2;12.973;0;0.0;1;0.8
84;Auvergne-Rhône-Alpes;42;Loire;100;Photovoltaïque;1;Injection totale;"d-]250;...[";Non Dispo;2020-03-31;5;14.287;1;1.56;1;2.035
84;Auvergne-Rhône-Alpes;42;Loire;100;Photovoltaïque;1;Injection totale;"a-]0;36]";Non Dispo;2020-03-31;34;0.5193;8;0.1563;7;0.0757
84;Auvergne-Rhône-Alpes;42;Loire;100;Photovoltaïque;2;Injection du surplus;"c-]100;250]";Non Dispo;2020-03-31;0;0.0;0;0.0;0;0.0
84;Auvergne-Rhône-Alpes;42;Loire;100;Photovoltaïque;3;Autoconsommation sans injection;"a-]0;36]";Non Dispo;2020-03-31;0;0.0;16;0.03615;16;0.03615
84;Auvergne-Rhône-Alpes;42;Loire;400;Bio énergie;1;Injection totale;"c-]100;250]";Non Dispo;2020-03-31;3;0.697;0;0.0;1;0.15
84;Auvergne-Rhône-Alpes;43;Haute-Loire;300;Hydraulique;1;Injection totale;"c-]100;250]";Non Dispo;2020-03-31;1;0.21;0;0.0;0;0.0
84;Auvergne-Rhône-Alpes;43;Haute-Loire;400;Bio énergie;1;Injection totale;"d-]250;...[";Non Dispo;2020-03-31;0;0.0;0;0.0;0;0.0
84;Auvergne-Rhône-Alpes;43;Haute-Loire;400;Bio énergie;1;Injection totale;"b-]36;100]";Non Dispo;2020-03-31;0;0.0;0;0.0;0;0.0
84;Auvergne-Rhône-Alpes;63;Puy-de-Dôme;100;Photovoltaïque;2;Injection du surplus;"d-]250;...[";Non Dispo;2020-03-31;1;0.45;0;0.0;0;0.0
84;Auvergne-Rhône-Alpes;63;Puy-de-Dôme;100;Photovoltaïque;2;Injection du surplus;"b-]36;100]";Non Dispo;2020-03-31;3;0.193;2;0.148;1;0.0999
84;Auvergne-Rhône-Alpes;63;Puy-de-Dôme;300;Hydraulique;2;Injection du surplus;"a-]0;36]";Non Dispo;2020-03-31;0;0.0;0;0.0;0;0.0
84;Auvergne-Rhône-Alpes;63;Puy-de-Dôme;500;Cogénération;1;Injection totale;"a-]0;36]";Non Dispo;2020-03-31;0;0.0;0;0.0;0;0.0
84;Auvergne-Rhône-Alpes;69;Rhône;100;Photovoltaïque;3;Autoconsommation sans injection;"d-]250;...[";Non Dispo;2020-03-31;2;0.882;1;0.462;0;0.0
84;Auvergne-Rhône-Alpes;69;Rhône;200;Eolien;2;Injection du surplus;"a-]0;36]";Non Dispo;2020-03-31;0;0.0;0;0.0;0;0.0
84;Auvergne-Rhône-Alpes;69;Rhône;300;Hydraulique;1;Injection totale;"d-]250;...[";Non Dispo;2020-03-31;0;0.0;0;0.0;0;0.0
84;Auvergne-Rhône-Alpes;69;Rhône;500;Cogénération;1;Injection totale;"a-]0;36]";Non Dispo;2020-03-31;1;0.0;0;0.0;0;0.0
84;Auvergne-Rhône-Alpes;69;Rhône;500;Cogénération;3;Autoconsommation sans injection;"d-]250;...[";Non Dispo;2020-03-31;0;0.0;0;0.0;0;0.0
84;Auvergne-Rhône-Alpes;69;Rhône;500;Cogénération;2;Injection du surplus;"d-]250;...[";Non Dispo;2020-03-31;0;0.0;0;0.0;0;0.0
84;Auvergne-Rhône-Alpes;73;Savoie;100;Photovoltaïque;1;Injection totale;"d-]250;...[";Non Dispo;2020-03-31;1;4.224;0;0.0;0;0.0
84;Auvergne-Rhône-Alpes;73;Savoie;100;Photovoltaïque;1;Injection totale;"c-]100;250]";Non Dispo;2020-03-31;2;0.468;1;0.25;0;0.0
84;Auvergne-Rhône-Alpes;73;Savoie;300;Hydraulique;2;Injection du surplus;"d-]250;...[";Non Dispo;2020-03-31;1;1.78;0;0.0;0;0.0
84;Auvergne-Rhône-Alpes;73;Savoie;300;Hydraulique;1;Injection totale;"b-]36;100]";Non Dispo;2020-03-31;0;0.0;0;0.0;0;0.0
84;Auvergne-Rhône-Alpes;74;Haute-Savoie;100;Photovoltaïque;2;Injection du surplus;"a-]0;36]";Non Dispo;2020-03-31;148;0.8164;80;0.3487;88;0.3719
84;Auvergne-Rhône-Alpes;74;Haute-Savoie;100;Photovoltaïque;3;Autoconsommation sans injection;"d-]250;...[";Non Dispo;2020-03-31;1;0.6572;0;0.0;0;0.0
84;Auvergne-Rhône-Alpes;74;Haute-Savoie;300;Hydraulique;2;Injection du surplus;"c-]100;250]";Non Dispo;2020-03-31;0;0.0;0;0.0;0;0.0
84;Auvergne-Rhône-Alpes;74;Haute-Savoie;500;Cogénération;1;Injection totale;"c-]100;250]";Non Dispo;2020-03-31;0;0.0;0;0.0;0;0.0
84;Auvergne-Rhône-Alpes;74;Haute-Savoie;600;Autres;1;Injection totale;"c-]100;250]";Non Dispo;2020-03-31;0;0.0;0;0.0;0;0.0
84;Auvergne-Rhône-Alpes;1;Ain;100;Photovoltaïque;2;Injection du surplus;"a-]0;36]";OUI;2021-03-31;5;0.02262;4;0.01962;2;0.012
84;Auvergne-Rhône-Alpes;1;Ain;300;Hydraulique;1;Injection totale;"c-]100;250]";NON;2021-03-31;1;0.125;0;0.0;0;0.0
84;Auvergne-Rhône-Alpes;1;Ain;400;Bio énergie;1;Injection totale;"b-]36;100]";NON;2021-03-31;1;0.044;1;0.044;0;0.0
84;Auvergne-Rhône-Alpes;1;Ain;500;Cogénération;1;Injection totale;"d-]250;...[";OUI;2021-03-31;0;0.0;0;0.0;0;0.0
84;Auvergne-Rhône-Alpes;3;Allier;100;Photovoltaïque;1;Injection totale;"a-]0;36]";OUI;2021-03-31;0;0.0;0;0.0;0;0.0
84;Auvergne-Rhône-Alpes;3;Allier;100;Photovoltaïque;3;Autoconsommation sans injection;"a-]0;36]";NON;2021-03-31;0;0.0;10;0.09452;10;0.09452
84;Auvergne-Rhône-Alpes;3;Allier;100;Photovoltaïque;3;Autoconsommation sans injection;"b-]36;100]";NON;2021-03-31;1;0.04;1;0.04;0;0.0
84;Auvergne-Rhône-Alpes;3;Allier;500;Cogénération;1;Injection totale;"d-]250;...[";NON;2021-03-31;0;0.0;0;0.0;0;0.0
84;Auvergne-Rhône-Alpes;7;Ardèche;200;Eolien;1;Injection totale;"b-]36;100]";NON;2021-03-31;0;0.0;0;0.0;0;0.0
84;Auvergne-Rhône-Alpes;7;Ardèche;300;Hydraulique;2;Injection du surplus;"a-]0;36]";NON;2021-03-31;0;0.0;0;0.0;0;0.0
84;Auvergne-Rhône-Alpes;7;Ardèche;400;Bio énergie;1;Injection totale;"b-]36;100]";NON;2021-03-31;0;0.0;0;0.0;0;0.0
84;Auvergne-Rhône-Alpes;15;Cantal;100;Photovoltaïque;1;Injection totale;"c-]100;250]";NON;2021-03-31;26;5.73864;2;0.49968;1;0.235
84;Auvergne-Rhône-Alpes;15;Cantal;100;Photovoltaïque;2;Injection du surplus;"a-]0;36]";NON;2021-03-31;20;0.122;25;0.09848;38;0.13684
84;Auvergne-Rhône-Alpes;15;Cantal;400;Bio énergie;1;Injection totale;"c-]100;250]";NON;2021-03-31;0;0.0;0;0.0;0;0.0
84;Auvergne-Rhône-Alpes;15;Cantal;500;Cogénération;3;Autoconsommation sans injection;"a-]0;36]";NON;2021-03-31;0;0.0;0;0.0;0;0.0
84;Auvergne-Rhône-Alpes;15;Cantal;600;Autres;1;Injection totale;"c-]100;250]";NON;2021-03-31;0;0.0;0;0.0;0;0.0
84;Auvergne-Rhône-Alpes;26;Drôme;100;Photovoltaïque;3;Autoconsommation sans injection;"c-]100;250]";NON;2021-03-31;1;0.22;0;0.0;1;0.169
84;Auvergne-Rhône-Alpes;26;Drôme;400;Bio énergie;1;Injection totale;"b-]36;100]";NON;2021-03-31;0;0.0;0;0.0;0;0.0
84;Auvergne-Rhône-Alpes;26;Drôme;400;Bio énergie;1;Injection totale;"d-]250;...[";NON;2021-03-31;0;0.0;0;0.0;0;0.0
84;Auvergne-Rhône-Alpes;26;Drôme;500;Cogénération;1;Injection totale;"a-]0;36]";NON;2021-03-31;0;0.0;0;0.0;0;0.0
84;Auvergne-Rhône-Alpes;26;Drôme;600;Autres;1;Injection totale;"b-]36;100]";NON;2021-03-31;0;0.0;0;0.0;0;0.0
84;Auvergne-Rhône-Alpes;38;Isère;100;Photovoltaïque;3;Autoconsommation sans injection;"b-]36;100]";NON;2021-03-31;1;0.066;0;0.0;0;0.0
84;Auvergne-Rhône-Alpes;38;Isère;500;Cogénération;3;Autoconsommation sans injection;"c-]100;250]";NON;2021-03-31;0;0.0;0;0.0;0;0.0
84;Auvergne-Rhône-Alpes;38;Isère;600;Autres;1;Injection totale;"d-]250;...[";NON;2021-03-31;0;0.0;0;0.0;0;0.0
84;Auvergne-Rhône-Alpes;42;Loire;300;Hydraulique;3;Autoconsommation sans injection;"a-]0;36]";NON;2021-03-31;0;0.0;0;0.0;0;0.0
84;Auvergne-Rhône-Alpes;42;Loire;400;Bio énergie;2;Injection du surplus;"b-]36;100]";NON;2021-03-31;0;0.0;0;0.0;0;0.0
84;Auvergne-Rhône-Alpes;42;Loire;500;Cogénération;1;Injection totale;"a-]0;36]";NON;2021-03-31;1;0.0;0;0.0;0;0.0
84;Auvergne-Rhône-Alpes;43;Haute-Loire;400;Bio énergie;1;Injection totale;"b-]36;100]";NON;2021-03-31;0;0.0;0;0.0;0;0.0
84;Auvergne-Rhône-Alpes;43;Haute-Loire;500;Cogénération;1;Injection totale;"a-]0;36]";NON;2021-03-31;0;0.0;0;0.0;0;0.0
84;Auvergne-Rhône-Alpes;43;Haute-Loire;600;Autres;1;Injection totale;"a-]0;36]";NON;2021-03-31;0;0.0;0;0.0;0;0.0
84;Auvergne-Rhône-Alpes;63;Puy-de-Dôme;100;Photovoltaïque;1;Injection totale;"b-]36;100]";NON;2021-03-31;173;16.0225;33;3.061;30;2.75171
84;Auvergne-Rhône-Alpes;63;Puy-de-Dôme;100;Photovoltaïque;3;Autoconsommation sans injection;"a-]0;36]";NON;2021-03-31;0;0.0;16;0.01659;16;0.01659
84;Auvergne-Rhône-Alpes;63;Puy-de-Dôme;200;Eolien;2;Injection du surplus;"a-]0;36]";NON;2021-03-31;0;0.0;0;0.0;0;0.0
84;Auvergne-Rhône-Alpes;63;Puy-de-Dôme;500;Cogénération;1;Injection totale;"d-]250;...[";NON;2021-03-31;0;0.0;0;0.0;0;0.0
84;Auvergne-Rhône-Alpes;63;Puy-de-Dôme;600;Autres;1;Injection totale;"a-]0;36]";NON;2021-03-31;0;0.0;0;0.0;0;0.0
84;Auvergne-Rhône-Alpes;69;Rhône;100;Photovoltaïque;1;Injection totale;"c-]100;250]";NON;2021-03-31;5;0.96296;2;0.403;2;0.2766
84;Auvergne-Rhône-Alpes;69;Rhône;400;Bio énergie;2;Injection du surplus;"d-]250;...[";NON;2021-03-31;0;0.0;0;0.0;0;0.0
84;Auvergne-Rhône-Alpes;69;Rhône;500;Cogénération;1;Injection totale;"d-]250;...[";NON;2021-03-31;0;0.0;0;0.0;0;0.0
84;Auvergne-Rhône-Alpes;69;Rhône;500;Cogénération;3;Autoconsommation sans injection;"c-]100;250]";NON;2021-03-31;0;0.0;0;0.0;0;0.0
84;Auvergne-Rhône-Alpes;73;Savoie;100;Photovoltaïque;1;Injection totale;"b-]36;100]";NON;2021-03-31;16;1.40704;4;0.35124;4;0.362
84;Auvergne-Rhône-Alpes;73;Savoie;400;Bio énergie;1;Injection totale;"d-]250;...[";NON;2021-03-31;0;0.0;0;0.0;0;0.0
84;Auvergne-Rhône-Alpes;73;Savoie;550;Stockage hors hydraulique;1;Injection totale;"a-]0;36]";OUI;2021-03-31;0;0.0;0;0.0;0;0.0
84;Auvergne-Rhône-Alpes;74;Haute-Savoie;100;Photovoltaïque;1;Injection totale;"a-]0;36]";NON;2021-03-31;24;0.2236;0;0.0;1;0.009
84;Auvergne-Rhône-Alpes;74;Haute-Savoie;400;Bio énergie;2;Injection du surplus;"d-]250;...[";NON;2021-03-31;1;1.1;1;1.1;0;0.0
84;Auvergne-Rhône-Alpes;74;Haute-Savoie;500;Cogénération;1;Injection totale;"b-]36;100]";NON;2021-03-31;1;0.05;0;0.0;0;0.0
84;Auvergne-Rhône-Alpes;38;Isère;100;Photovoltaïque;2;Injection du surplus;"a-]0;36]";NON;2020-06-30;294;1.31376;132;0.59176;120;0.476
84;Auvergne-Rhône-Alpes;63;Puy-de-Dôme;100;Photovoltaïque;3;Autoconsommation sans injection;"a-]0;36]";OUI;2020-06-30;;;;;;
84;Auvergne-Rhône-Alpes;26;Drôme;100;Photovoltaïque;1;Injection totale;"a-]0;36]";NON;2020-06-30;61;1.119;13;0.1995;;
84;Auvergne-Rhône-Alpes;69;Rhône;100;Photovoltaïque;2;Injection du surplus;"a-]0;36]";OUI;2020-06-30;;;;;;
84;Auvergne-Rhône-Alpes;63;Puy-de-Dôme;100;Photovoltaïque;1;Injection totale;"d-]250;...[";NON;2020-06-30;10;29.282;2;1.54;0;0.0
84;Auvergne-Rhône-Alpes;69;Rhône;100;Photovoltaïque;3;Autoconsommation sans injection;"a-]0;36]";NON;2020-06-30;;;19;0.06716;19;0.06716
84;Auvergne-Rhône-Alpes;1;Ain;100;Photovoltaïque;3;Autoconsommation sans injection;"a-]0;36]";OUI;2020-06-30;;;;;;
84;Auvergne-Rhône-Alpes;3;Allier;100;Photovoltaïque;3;Autoconsommation sans injection;"a-]0;36]";NON;2020-06-30;;;;;;
84;Auvergne-Rhône-Alpes;3;Allier;100;Photovoltaïque;3;Autoconsommation sans injection;"a-]0;36]";OUI;2020-06-30;;;;;;
84;Auvergne-Rhône-Alpes;7;Ardèche;100;Photovoltaïque;1;Injection totale;"c-]100;250]";NON;2020-06-30;14;3.2471;1;0.2;0;0.0
84;Auvergne-Rhône-Alpes;15;Cantal;100;Photovoltaïque;1;Injection totale;"d-]250;...[";NON;2020-06-30;3;4.989;1;0.432;0;0.0
84;Auvergne-Rhône-Alpes;26;Drôme;100;Photovoltaïque;3;Autoconsommation sans injection;"c-]100;250]";NON;2020-06-30;3;0.607;0;0.0;0;0.0
84;Auvergne-Rhône-Alpes;38;Isère;100;Photovoltaïque;3;Autoconsommation sans injection;"d-]250;...[";NON;2020-06-30;2;1.385;0;0.0;0;0.0
84;Auvergne-Rhône-Alpes;42;Loire;100;Photovoltaïque;2;Injection du surplus;"c-]100;250]";NON;2020-06-30;0;0.0;0;0.0;0;0.0
84;Auvergne-Rhône-Alpes;63;Puy-de-Dôme;100;Photovoltaïque;2;Injection du surplus;"d-]250;...[";NON;2020-06-30;0;0.0;0;0.0;1;0.414
84;Auvergne-Rhône-Alpes;69;Rhône;100;Photovoltaïque;2;Injection du surplus;"d-]250;...[";NON;2020-06-30;0;0.0;0;0.0;1;0.5
84;Auvergne-Rhône-Alpes;42;Loire;200;Eolien;1;Injection totale;"a-]0;36]";NON;2020-06-30;;;;;;
84;Auvergne-Rhône-Alpes;15;Cantal;200;Eolien;1;Injection totale;"a-]0;36]";NON;2020-06-30;;;;;;
84;Auvergne-Rhône-Alpes;7;Ardèche;200;Eolien;1;Injection totale;"a-]0;36]";NON;2020-06-30;;;;;;
84;Auvergne-Rhône-Alpes;42;Loire;200;Eolien;1;Injection totale;"d-]250;...[";NON;2020-06-30;6;71.304;0;0.0;0;0.0
84;Auvergne-Rhône-Alpes;38;Isère;300;Hydraulique;2;Injection du surplus;"c-]100;250]";NON;2020-06-30;2;0.324;0;0.0;0;0.0
84;Auvergne-Rhône-Alpes;69;Rhône;300;Hydraulique;1;Injection totale;"a-]0;36]";NON;2020-06-30;;;;;;
84;Auvergne-Rhône-Alpes;73;Savoie;300;Hydraulique;1;Injection totale;"a-]0;36]";NON;2020-06-30;;;;;;
84;Auvergne-Rhône-Alpes;3;Allier;300;Hydraulique;1;Injection totale;"b-]36;100]";NON;2020-06-30;0;0.0;0;0.0;0;0.0
84;Auvergne-Rhône-Alpes;43;Haute-Loire;300;Hydraulique;1;Injection totale;"c-]100;250]";NON;2020-06-30;1;0.21;0;0.0;0;0.0
84;Auvergne-Rhône-Alpes;69;Rhône;300;Hydraulique;1;Injection totale;"d-]250;...[";NON;2020-06-30;0;0.0;0;0.0;0;0.0
84;Auvergne-Rhône-Alpes;38;Isère;400;Bio énergie;1;Injection totale;"c-]100;250]";NON;2020-06-30;1;0.22;0;0.0;0;0.0
84;Auvergne-Rhône-Alpes;38;Isère;400;Bio énergie;1;Injection totale;"d-]250;...[";NON;2020-06-30;0;0.0;0;0.0;0;0.0
84;Auvergne-Rhône-Alpes;69;Rhône;400;Bio énergie;1;Injection totale;"a-]0;36]";NON;2020-06-30;;;;;;
84;Auvergne-Rhône-Alpes;1;Ain;400;Bio énergie;1;Injection totale;"b-]36;100]";NON;2020-06-30;0;0.0;0;0.0;0;0.0
84;Auvergne-Rhône-Alpes;15;Cantal;400;Bio énergie;1;Injection totale;"c-]100;250]";NON;2020-06-30;0;0.0;0;0.0;0;0.0
84;Auvergne-Rhône-Alpes;63;Puy-de-Dôme;400;Bio énergie;1;Injection totale;"a-]0;36]";NON;2020-06-30;;;;;;
84;Auvergne-Rhône-Alpes;1;Ain;500;Cogénération;1;Injection totale;"d-]250;...[";NON;2020-06-30;0;0.0;0;0.0;0;0.0
84;Auvergne-Rhône-Alpes;73;Savoie;500;Cogénération;1;Injection totale;"d-]250;...[";NON;2020-06-30;1;6.4;0;0.0;0;0.0
84;Auvergne-Rhône-Alpes;42;Loire;500;Cogénération;3;Autoconsommation sans injection;"a-]0;36]";NON;2020-06-30;;;;;;
84;Auvergne-Rhône-Alpes;69;Rhône;500;Cogénération;1;Injection totale;"b-]36;100]";NON;2020-06-30;0;0.0;0;0.0;0;0.0
84;Auvergne-Rhône-Alpes;69;Rhône;500;Cogénération;1;Injection totale;"a-]0;36]";NON;2020-06-30;;;;;;
84;Auvergne-Rhône-Alpes;74;Haute-Savoie;500;Cogénération;1;Injection totale;"c-]100;250]";NON;2020-06-30;0;0.0;0;0.0;0;0.0
84;Auvergne-Rhône-Alpes;43;Haute-Loire;600;Autres;1;Injection totale;"a-]0;36]";NON;2020-06-30;;;;;;
84;Auvergne-Rhône-Alpes;15;Cantal;600;Autres;1;Injection totale;"c-]100;250]";NON;2020-06-30;0;0.0;0;0.0;0;0.0
84;Auvergne-Rhône-Alpes;7;Ardèche;600;Autres;1;Injection totale;"b-]36;100]";NON;2020-06-30;0;0.0;0;0.0;0;0.0
84;Auvergne-Rhône-Alpes;38;Isère;600;Autres;2;Injection du surplus;"c-]100;250]";OUI;2020-06-30;0;0.0;0;0.0;0;0.0
84;Auvergne-Rhône-Alpes;1;Ain;100;Photovoltaïque;1;Injection totale;"b-]36;100]";NON;2021-09-30;54;4.93523;14;1.27608;10;0.8571
84;Auvergne-Rhône-Alpes;1;Ain;200;Eolien;3;Autoconsommation sans injection;"a-]0;36]";NON;2021-09-30;0;0.0;0;0.0;0;0.0
84;Auvergne-Rhône-Alpes;3;Allier;100;Photovoltaïque;2;Injection du surplus;"a-]0;36]";NON;2021-09-30;105;0.43327;112;0.45743;108;0.45313
84;Auvergne-Rhône-Alpes;3;Allier;200;Eolien;1;Injection totale;"d-]250;...[";NON;2021-09-30;5;46.14;2;15.0;0;0.0
84;Auvergne-Rhône-Alpes;7;Ardèche;100;Photovoltaïque;2;Injection du surplus;"b-]36;100]";NON;2021-09-30;1;0.0666;0;0.0;0;0.0
84;Auvergne-Rhône-Alpes;7;Ardèche;400;Bio énergie;1;Injection totale;"d-]250;...[";NON;2021-09-30;0;0.0;0;0.0;0;0.0
84;Auvergne-Rhône-Alpes;7;Ardèche;500;Cogénération;1;Injection totale;"a-]0;36]";NON;2021-09-30;0;0.0;0;0.0;0;0.0
84;Auvergne-Rhône-Alpes;7;Ardèche;500;Cogénération;1;Injection totale;"d-]250;...[";NON;2021-09-30;1;1.96;0;0.0;0;0.0
84;Auvergne-Rhône-Alpes;7;Ardèche;600;Autres;1;Injection totale;"a-]0;36]";NON;2021-09-30;0;0.0;0;0.0;0;0.0
84;Auvergne-Rhône-Alpes;7;Ardèche;600;Autres;1;Injection totale;"b-]36;100]";NON;2021-09-30;0;0.0;0;0.0;0;0.0
84;Auvergne-Rhône-Alpes;15;Cantal;100;Photovoltaïque;1;Injection totale;"d-]250;...[";NON;2021-09-30;4;14.609;2;1.502;2;1.502
84;Auvergne-Rhône-Alpes;15;Cantal;300;Hydraulique;1;Injection totale;"a-]0;36]";NON;2021-09-30;2;0.0435;1;0.0225;0;0.0
84;Auvergne-Rhône-Alpes;26;Drôme;100;Photovoltaïque;1;Injection totale;"b-]36;100]";NON;2021-09-30;233;21.81407;22;2.05804;44;4.09895
84;Auvergne-Rhône-Alpes;26;Drôme;100;Photovoltaïque;3;Autoconsommation sans injection;"d-]250;...[";NON;2021-09-30;2;0.902;0;0.0;0;0.0
84;Auvergne-Rhône-Alpes;26;Drôme;200;Eolien;1;Injection totale;"d-]250;...[";NON;2021-09-30;0;0.0;0;0.0;0;0.0
84;Auvergne-Rhône-Alpes;26;Drôme;300;Hydraulique;1;Injection totale;"c-]100;250]";NON;2021-09-30;1;0.13;0;0.0;0;0.0
84;Auvergne-Rhône-Alpes;26;Drôme;300;Hydraulique;1;Injection totale;"d-]250;...[";NON;2021-09-30;0;0.0;0;0.0;0;0.0
84;Auvergne-Rhône-Alpes;26;Drôme;500;Cogénération;3;Autoconsommation sans injection;"d-]250;...[";NON;2021-09-30;0;0.0;0;0.0;0;0.0
84;Auvergne-Rhône-Alpes;38;Isère;100;Photovoltaïque;2;Injection du surplus;"b-]36;100]";NON;2021-09-30;8;0.5819;1;0.066;0;0.0
84;Auvergne-Rhône-Alpes;38;Isère;100;Photovoltaïque;3;Autoconsommation sans injection;"a-]0;36]";NON;2021-09-30;0;0.0;61;0.16126;61;0.16126
84;Auvergne-Rhône-Alpes;38;Isère;100;Photovoltaïque;3;Autoconsommation sans injection;"c-]100;250]";NON;2021-09-30;9;1.712;2;0.446;1;0.176
84;Auvergne-Rhône-Alpes;38;Isère;300;Hydraulique;1;Injection totale;"b-]36;100]";NON;2021-09-30;0;0.0;0;0.0;0;0.0
84;Auvergne-Rhône-Alpes;38;Isère;500;Cogénération;1;Injection totale;"b-]36;100]";NON;2021-09-30;0;0.0;0;0.0;0;0.0
84;Auvergne-Rhône-Alpes;38;Isère;500;Cogénération;2;Injection du surplus;"d-]250;...[";NON;2021-09-30;0;0.0;0;0.0;0;0.0
84;Auvergne-Rhône-Alpes;42;Loire;100;Photovoltaïque;1;Injection totale;"a-]0;36]";OUI;2021-09-30;0;0.0;0;0.0;0;0.0
84;Auvergne-Rhône-Alpes;42;Loire;100;Photovoltaïque;1;Injection totale;"c-]100;250]";NON;2021-09-30;20;4.2767;1;0.25;1;0.18
84;Auvergne-Rhône-Alpes;42;Loire;300;Hydraulique;1;Injection totale;"c-]100;250]";NON;2021-09-30;0;0.0;0;0.0;0;0.0
84;Auvergne-Rhône-Alpes;42;Loire;600;Autres;2;Injection du surplus;"a-]0;36]";NON;2021-09-30;0;0.0;0;0.0;0;0.0
84;Auvergne-Rhône-Alpes;43;Haute-Loire;100;Photovoltaïque;2;Injection du surplus;"b-]36;100]";NON;2021-09-30;2;0.1668;1;0.084;0;0.0
84;Auvergne-Rhône-Alpes;43;Haute-Loire;100;Photovoltaïque;3;Autoconsommation sans injection;"a-]0;36]";OUI;2021-09-30;0;0.0;0;0.0;0;0.0
84;Auvergne-Rhône-Alpes;43;Haute-Loire;400;Bio énergie;1;Injection totale;"c-]100;250]";NON;2021-09-30;1;0.19;0;0.0;0;0.0
84;Auvergne-Rhône-Alpes;43;Haute-Loire;600;Autres;1;Injection totale;"a-]0;36]";NON;2021-09-30;0;0.0;0;0.0;0;0.0
84;Auvergne-Rhône-Alpes;63;Puy-de-Dôme;100;Photovoltaïque;2;Injection du surplus;"d-]250;...[";NON;2021-09-30;0;0.0;0;0.0;0;0.0
84;Auvergne-Rhône-Alpes;63;Puy-de-Dôme;200;Eolien;1;Injection totale;"d-]250;...[";NON;2021-09-30;4;54.0;0;0.0;0;0.0
84;Auvergne-Rhône-Alpes;63;Puy-de-Dôme;500;Cogénération;1;Injection totale;"a-]0;36]";NON;2021-09-30;0;0.0;0;0.0;0;0.0
84;Auvergne-Rhône-Alpes;63;Puy-de-Dôme;500;Cogénération;1;Injection totale;"c-]100;250]";NON;2021-09-30;0;0.0;0;0.0;0;0.0
84;Auvergne-Rhône-Alpes;69;Rhône;500;Cogénération;2;Injection du surplus;"a-]0;36]";NON;2021-09-30;1;0.02;0;0.0;0;0.0
84;Auvergne-Rhône-Alpes;73;Savoie;100;Photovoltaïque;1;Injection totale;"d-]250;...[";NON;2021-09-30;0;0.0;0;0.0;0;0.0
84;Auvergne-Rhône-Alpes;73;Savoie;300;Hydraulique;1;Injection totale;"c-]100;250]";NON;2021-09-30;0;0.0;0;0.0;0;0.0
84;Auvergne-Rhône-Alpes;74;Haute-Savoie;100;Photovoltaïque;1;Injection totale;"c-]100;250]";NON;2021-09-30;1;0.2;0;0.0;0;0.0
84;Auvergne-Rhône-Alpes;74;Haute-Savoie;200;Eolien;2;Injection du surplus;"a-]0;36]";NON;2021-09-30;0;0.0;0;0.0;0;0.0
84;Auvergne-Rhône-Alpes;1;Ain;300;Hydraulique;2;Injection du surplus;"a-]0;36]";NON;2021-06-30;0;0.0;0;0.0;1;0.006
84;Auvergne-Rhône-Alpes;1;Ain;400;Bio énergie;1;Injection totale;"b-]36;100]";NON;2021-06-30;1;0.044;0;0.0;0;0.0
84;Auvergne-Rhône-Alpes;1;Ain;500;Cogénération;1;Injection totale;"d-]250;...[";NON;2021-06-30;0;0.0;0;0.0;0;0.0
84;Auvergne-Rhône-Alpes;1;Ain;600;Autres;1;Injection totale;"a-]0;36]";NON;2021-06-30;0;0.0;0;0.0;0;0.0
84;Auvergne-Rhône-Alpes;3;Allier;100;Photovoltaïque;3;Autoconsommation sans injection;"d-]250;...[";NON;2021-06-30;0;0.0;0;0.0;0;0.0
84;Auvergne-Rhône-Alpes;3;Allier;300;Hydraulique;1;Injection totale;"a-]0;36]";NON;2021-06-30;0;0.0;0;0.0;0;0.0
84;Auvergne-Rhône-Alpes;3;Allier;300;Hydraulique;2;Injection du surplus;"a-]0;36]";NON;2021-06-30;0;0.0;0;0.0;0;0.0
84;Auvergne-Rhône-Alpes;3;Allier;500;Cogénération;1;Injection totale;"a-]0;36]";NON;2021-06-30;0;0.0;0;0.0;0;0.0
84;Auvergne-Rhône-Alpes;7;Ardèche;300;Hydraulique;1;Injection totale;"c-]100;250]";NON;2021-06-30;1;0.23;0;0.0;0;0.0
84;Auvergne-Rhône-Alpes;7;Ardèche;600;Autres;1;Injection totale;"c-]100;250]";NON;2021-06-30;0;0.0;0;0.0;0;0.0
84;Auvergne-Rhône-Alpes;15;Cantal;100;Photovoltaïque;2;Injection du surplus;"a-]0;36]";NON;2021-06-30;35;0.20866;60;0.25247;50;0.18959
84;Auvergne-Rhône-Alpes;15;Cantal;100;Photovoltaïque;2;Injection du surplus;"b-]36;100]";NON;2021-06-30;1;0.05999;0;0.0;0;0.0
84;Auvergne-Rhône-Alpes;15;Cantal;200;Eolien;1;Injection totale;"d-]250;...[";NON;2021-06-30;3;30.4;0;0.0;0;0.0
84;Auvergne-Rhône-Alpes;26;Drôme;100;Photovoltaïque;3;Autoconsommation sans injection;"d-]250;...[";NON;2021-06-30;2;0.902;2;0.902;0;0.0
84;Auvergne-Rhône-Alpes;26;Drôme;200;Eolien;1;Injection totale;"d-]250;...[";NON;2021-06-30;0;0.0;0;0.0;0;0.0
84;Auvergne-Rhône-Alpes;26;Drôme;400;Bio énergie;1;Injection totale;"a-]0;36]";NON;2021-06-30;0;0.0;0;0.0;0;0.0
84;Auvergne-Rhône-Alpes;38;Isère;100;Photovoltaïque;2;Injection du surplus;"c-]100;250]";NON;2021-06-30;2;0.382;2;0.382;0;0.0
84;Auvergne-Rhône-Alpes;38;Isère;100;Photovoltaïque;3;Autoconsommation sans injection;"a-]0;36]";OUI;2021-06-30;0;0.0;0;0.0;0;0.0
84;Auvergne-Rhône-Alpes;38;Isère;500;Cogénération;1;Injection totale;"b-]36;100]";NON;2021-06-30;0;0.0;0;0.0;0;0.0
84;Auvergne-Rhône-Alpes;42;Loire;100;Photovoltaïque;3;Autoconsommation sans injection;"a-]0;36]";NON;2021-06-30;0;0.0;20;0.03612;20;0.03612
84;Auvergne-Rhône-Alpes;42;Loire;100;Photovoltaïque;3;Autoconsommation sans injection;"d-]250;...[";NON;2021-06-30;0;0.0;0;0.0;0;0.0
84;Auvergne-Rhône-Alpes;42;Loire;200;Eolien;2;Injection du surplus;"a-]0;36]";NON;2021-06-30;1;0.003;0;0.0;0;0.0
84;Auvergne-Rhône-Alpes;42;Loire;300;Hydraulique;1;Injection totale;"d-]250;...[";NON;2021-06-30;1;0.979;1;0.979;0;0.0
84;Auvergne-Rhône-Alpes;42;Loire;500;Cogénération;1;Injection totale;"b-]36;100]";NON;2021-06-30;0;0.0;0;0.0;0;0.0
84;Auvergne-Rhône-Alpes;42;Loire;500;Cogénération;3;Autoconsommation sans injection;"b-]36;100]";NON;2021-06-30;0;0.0;0;0.0;0;0.0
84;Auvergne-Rhône-Alpes;43;Haute-Loire;100;Photovoltaïque;2;Injection du surplus;"a-]0;36]";NON;2021-06-30;80;0.44304;96;0.45987;65;0.29523
84;Auvergne-Rhône-Alpes;43;Haute-Loire;100;Photovoltaïque;2;Injection du surplus;"a-]0;36]";OUI;2021-06-30;3;0.015;0;0.0;0;0.0
84;Auvergne-Rhône-Alpes;43;Haute-Loire;300;Hydraulique;1;Injection totale;"d-]250;...[";NON;2021-06-30;0;0.0;0;0.0;0;0.0
84;Auvergne-Rhône-Alpes;43;Haute-Loire;400;Bio énergie;1;Injection totale;"d-]250;...[";NON;2021-06-30;0;0.0;0;0.0;0;0.0
84;Auvergne-Rhône-Alpes;43;Haute-Loire;400;Bio énergie;2;Injection du surplus;"a-]0;36]";NON;2021-06-30;0;0.0;0;0.0;0;0.0
84;Auvergne-Rhône-Alpes;63;Puy-de-Dôme;100;Photovoltaïque;1;Injection totale;"a-]0;36]";OUI;2021-06-30;0;0.0;0;0.0;0;0.0
84;Auvergne-Rhône-Alpes;63;Puy-de-Dôme;100;Photovoltaïque;1;Injection totale;"c-]100;250]";NON;2021-06-30;9;2.0372;3;0.69;3;0.658
84;Auvergne-Rhône-Alpes;63;Puy-de-Dôme;600;Autres;1;Injection totale;"d-]250;...[";NON;2021-06-30;0;0.0;0;0.0;0;0.0
84;Auvergne-Rhône-Alpes;69;Rhône;100;Photovoltaïque;2;Injection du surplus;"c-]100;250]";OUI;2021-06-30;0;0.0;0;0.0;0;0.0
84;Auvergne-Rhône-Alpes;69;Rhône;100;Photovoltaïque;2;Injection du surplus;"d-]250;...[";NON;2021-06-30;1;0.396;0;0.0;0;0.0
84;Auvergne-Rhône-Alpes;69;Rhône;200;Eolien;1;Injection totale;"a-]0;36]";NON;2021-06-30;0;0.0;0;0.0;0;0.0
84;Auvergne-Rhône-Alpes;69;Rhône;200;Eolien;1;Injection totale;"d-]250;...[";NON;2021-06-30;1;9.15;0;0.0;0;0.0
84;Auvergne-Rhône-Alpes;69;Rhône;500;Cogénération;1;Injection totale;"b-]36;100]";NON;2021-06-30;0;0.0;0;0.0;0;0.0
84;Auvergne-Rhône-Alpes;69;Rhône;500;Cogénération;2;Injection du surplus;"a-]0;36]";NON;2021-06-30;1;0.02;0;0.0;0;0.0
84;Auvergne-Rhône-Alpes;69;Rhône;600;Autres;3;Autoconsommation sans injection;"d-]250;...[";NON;2021-06-30;0;0.0;0;0.0;0;0.0
84;Auvergne-Rhône-Alpes;73;Savoie;400;Bio énergie;1;Injection totale;"d-]250;...[";NON;2021-06-30;0;0.0;0;0.0;0;0.0
84;Auvergne-Rhône-Alpes;73;Savoie;600;Autres;1;Injection totale;"d-]250;...[";NON;2021-06-30;0;0.0;0;0.0;0;0.0
84;Auvergne-Rhône-Alpes;73;Savoie;600;Autres;2;Injection du surplus;"a-]0;36]";NON;2021-06-30;0;0.0;0;0.0;0;0.0
84;Auvergne-Rhône-Alpes;74;Haute-Savoie;100;Photovoltaïque;2;Injection du surplus;"a-]0;36]";OUI;2021-06-30;9;0.03525;2;0.0108;3;0.0209
84;Auvergne-Rhône-Alpes;42;Loire;100;Photovoltaïque;3;Autoconsommation sans injection;"a-]0;36]";OUI;2020-06-30;;;;;;
84;Auvergne-Rhône-Alpes;38;Isère;100;Photovoltaïque;3;Autoconsommation sans injection;"b-]36;100]";NON;2020-06-30;1;0.066;0;0.0;0;0.0
84;Auvergne-Rhône-Alpes;7;Ardèche;100;Photovoltaïque;3;Autoconsommation sans injection;"a-]0;36]";OUI;2020-06-30;;;;;;
84;Auvergne-Rhône-Alpes;1;Ain;100;Photovoltaïque;1;Injection totale;"c-]100;250]";NON;2020-06-30;4;0.884;2;0.424;0;0.0
84;Auvergne-Rhône-Alpes;3;Allier;100;Photovoltaïque;2;Injection du surplus;"d-]250;...[";NON;2020-06-30;0;0.0;0;0.0;0;0.0
84;Auvergne-Rhône-Alpes;69;Rhône;100;Photovoltaïque;1;Injection totale;"c-]100;250]";NON;2020-06-30;8;1.48656;1;0.2;0;0.0
84;Auvergne-Rhône-Alpes;38;Isère;100;Photovoltaïque;1;Injection totale;"b-]36;100]";NON;2020-06-30;92;8.48594;17;1.55876;6;0.54564
84;Auvergne-Rhône-Alpes;3;Allier;100;Photovoltaïque;3;Autoconsommation sans injection;"c-]100;250]";NON;2020-06-30;0;0.0;0;0.0;0;0.0
84;Auvergne-Rhône-Alpes;7;Ardèche;100;Photovoltaïque;2;Injection du surplus;"a-]0;36]";NON;2020-06-30;80;0.4063;43;0.2026;34;0.1485
84;Auvergne-Rhône-Alpes;7;Ardèche;100;Photovoltaïque;2;Injection du surplus;"d-]250;...[";NON;2020-06-30;1;0.42;0;0.0;0;0.0
84;Auvergne-Rhône-Alpes;26;Drôme;100;Photovoltaïque;3;Autoconsommation sans injection;"a-]0;36]";NON;2020-06-30;;;10;0.02078;10;0.02078
84;Auvergne-Rhône-Alpes;38;Isère;100;Photovoltaïque;3;Autoconsommation sans injection;"a-]0;36]";NON;2020-06-30;;;17;0.05277;17;0.05277
84;Auvergne-Rhône-Alpes;42;Loire;100;Photovoltaïque;3;Autoconsommation sans injection;"d-]250;...[";NON;2020-06-30;1;0.3;0;0.0;0;0.0
84;Auvergne-Rhône-Alpes;43;Haute-Loire;100;Photovoltaïque;3;Autoconsommation sans injection;"c-]100;250]";NON;2020-06-30;1;0.2;1;0.2;1;0.138
84;Auvergne-Rhône-Alpes;69;Rhône;100;Photovoltaïque;1;Injection totale;"a-]0;36]";NON;2020-06-30;50;0.7823;;;;
84;Auvergne-Rhône-Alpes;73;Savoie;100;Photovoltaïque;3;Autoconsommation sans injection;"a-]0;36]";OUI;2020-06-30;;;;;;
84;Auvergne-Rhône-Alpes;73;Savoie;100;Photovoltaïque;3;Autoconsommation sans injection;"c-]100;250]";NON;2020-06-30;1;0.146;0;0.0;0;0.0
84;Auvergne-Rhône-Alpes;7;Ardèche;200;Eolien;2;Injection du surplus;"a-]0;36]";NON;2020-06-30;;;;;;
84;Auvergne-Rhône-Alpes;63;Puy-de-Dôme;200;Eolien;2;Injection du surplus;"a-]0;36]";NON;2020-06-30;;;;;;
84;Auvergne-Rhône-Alpes;74;Haute-Savoie;200;Eolien;2;Injection du surplus;"a-]0;36]";NON;2020-06-30;;;;;;
84;Auvergne-Rhône-Alpes;3;Allier;200;Eolien;3;Autoconsommation sans injection;"a-]0;36]";NON;2020-06-30;;;;;;
84;Auvergne-Rhône-Alpes;43;Haute-Loire;200;Eolien;1;Injection totale;"b-]36;100]";NON;2020-06-30;0;0.0;0;0.0;0;0.0
84;Auvergne-Rhône-Alpes;38;Isère;300;Hydraulique;1;Injection totale;"c-]100;250]";NON;2020-06-30;1;0.25;0;0.0;0;0.0
84;Auvergne-Rhône-Alpes;7;Ardèche;300;Hydraulique;1;Injection totale;"b-]36;100]";NON;2020-06-30;1;0.09;0;0.0;0;0.0
84;Auvergne-Rhône-Alpes;74;Haute-Savoie;300;Hydraulique;1;Injection totale;"d-]250;...[";NON;2020-06-30;2;3.624;0;0.0;0;0.0
84;Auvergne-Rhône-Alpes;1;Ain;300;Hydraulique;1;Injection totale;"b-]36;100]";NON;2020-06-30;0;0.0;0;0.0;0;0.0
84;Auvergne-Rhône-Alpes;3;Allier;300;Hydraulique;1;Injection totale;"c-]100;250]";NON;2020-06-30;0;0.0;0;0.0;0;0.0
84;Auvergne-Rhône-Alpes;15;Cantal;300;Hydraulique;1;Injection totale;"b-]36;100]";NON;2020-06-30;1;0.06539;0;0.0;0;0.0
84;Auvergne-Rhône-Alpes;73;Savoie;300;Hydraulique;1;Injection totale;"b-]36;100]";NON;2020-06-30;0;0.0;0;0.0;0;0.0
84;Auvergne-Rhône-Alpes;38;Isère;400;Bio énergie;1;Injection totale;"b-]36;100]";NON;2020-06-30;1;0.075;0;0.0;0;0.0
84;Auvergne-Rhône-Alpes;1;Ain;400;Bio énergie;1;Injection totale;"a-]0;36]";NON;2020-06-30;;;;;;
84;Auvergne-Rhône-Alpes;38;Isère;400;Bio énergie;1;Injection totale;"a-]0;36]";NON;2020-06-30;;;;;;
84;Auvergne-Rhône-Alpes;74;Haute-Savoie;400;Bio énergie;1;Injection totale;"d-]250;...[";NON;2020-06-30;0;0.0;0;0.0;0;0.0
84;Auvergne-Rhône-Alpes;43;Haute-Loire;400;Bio énergie;2;Injection du surplus;"a-]0;36]";NON;2020-06-30;;;;;;
84;Auvergne-Rhône-Alpes;7;Ardèche;400;Bio énergie;1;Injection totale;"d-]250;...[";NON;2020-06-30;0;0.0;0;0.0;0;0.0
84;Auvergne-Rhône-Alpes;69;Rhône;400;Bio énergie;2;Injection du surplus;"d-]250;...[";NON;2020-06-30;0;0.0;0;0.0;0;0.0
84;Auvergne-Rhône-Alpes;15;Cantal;500;Cogénération;3;Autoconsommation sans injection;"a-]0;36]";NON;2020-06-30;;;;;;
84;Auvergne-Rhône-Alpes;74;Haute-Savoie;500;Cogénération;1;Injection totale;"b-]36;100]";NON;2020-06-30;1;0.05;0;0.0;0;0.0
84;Auvergne-Rhône-Alpes;38;Isère;500;Cogénération;1;Injection totale;"b-]36;100]";NON;2020-06-30;0;0.0;0;0.0;0;0.0
84;Auvergne-Rhône-Alpes;26;Drôme;500;Cogénération;3;Autoconsommation sans injection;"d-]250;...[";NON;2020-06-30;0;0.0;0;0.0;0;0.0
84;Auvergne-Rhône-Alpes;7;Ardèche;500;Cogénération;1;Injection totale;"d-]250;...[";NON;2020-06-30;1;1.96;0;0.0;0;0.0
84;Auvergne-Rhône-Alpes;73;Savoie;500;Cogénération;1;Injection totale;"a-]0;36]";NON;2020-06-30;;;;;;
84;Auvergne-Rhône-Alpes;1;Ain;500;Cogénération;1;Injection totale;"a-]0;36]";NON;2020-06-30;;;;;;
84;Auvergne-Rhône-Alpes;38;Isère;500;Cogénération;2;Injection du surplus;"d-]250;...[";NON;2020-06-30;0;0.0;0;0.0;2;7.8
84;Auvergne-Rhône-Alpes;69;Rhône;500;Cogénération;2;Injection du surplus;"a-]0;36]";NON;2020-06-30;;;;;;
84;Auvergne-Rhône-Alpes;69;Rhône;500;Cogénération;3;Autoconsommation sans injection;"c-]100;250]";NON;2020-06-30;0;0.0;0;0.0;0;0.0
84;Auvergne-Rhône-Alpes;63;Puy-de-Dôme;600;Autres;1;Injection totale;"b-]36;100]";NON;2020-06-30;0;0.0;0;0.0;0;0.0
84;Auvergne-Rhône-Alpes;7;Ardèche;600;Autres;1;Injection totale;"d-]250;...[";NON;2020-06-30;0;0.0;0;0.0;0;0.0
84;Auvergne-Rhône-Alpes;69;Rhône;600;Autres;2;Injection du surplus;"a-]0;36]";NON;2020-06-30;;;;;;
84;Auvergne-Rhône-Alpes;38;Isère;600;Autres;1;Injection totale;"c-]100;250]";NON;2020-06-30;1;0.22;0;0.0;0;0.0
84;Auvergne-Rhône-Alpes;73;Savoie;600;Autres;1;Injection totale;"b-]36;100]";NON;2020-06-30;0;0.0;0;0.0;0;0.0
84;Auvergne-Rhône-Alpes;1;Ain;600;Autres;1;Injection totale;"c-]100;250]";NON;2020-06-30;0;0.0;0;0.0;0;0.0
84;Auvergne-Rhône-Alpes;15;Cantal;600;Autres;1;Injection totale;"b-]36;100]";NON;2020-06-30;0;0.0;0;0.0;0;0.0
84;Auvergne-Rhône-Alpes;43;Haute-Loire;600;Autres;1;Injection totale;"b-]36;100]";NON;2020-06-30;0;0.0;0;0.0;0;0.0
84;Auvergne-Rhône-Alpes;63;Puy-de-Dôme;600;Autres;1;Injection totale;"a-]0;36]";NON;2020-06-30;;;;;;
84;Auvergne-Rhône-Alpes;63;Puy-de-Dôme;100;Photovoltaïque;2;Injection du surplus;"c-]100;250]";NON;2020-09-30;0;0.0;0;0.0;1;0.249
84;Auvergne-Rhône-Alpes;7;Ardèche;100;Photovoltaïque;3;Autoconsommation sans injection;"a-]0;36]";OUI;2020-09-30;0;0.0;0;0.0;0;0.0
84;Auvergne-Rhône-Alpes;73;Savoie;100;Photovoltaïque;1;Injection totale;"b-]36;100]";NON;2020-09-30;18;1.5768;2;0.168;1;0.096
84;Auvergne-Rhône-Alpes;63;Puy-de-Dôme;100;Photovoltaïque;1;Injection totale;"b-]36;100]";NON;2020-09-30;161;14.82539;19;1.729;22;1.9944
84;Auvergne-Rhône-Alpes;63;Puy-de-Dôme;100;Photovoltaïque;1;Injection totale;"c-]100;250]";NON;2020-09-30;7;1.5352;1;0.21;1;0.18
84;Auvergne-Rhône-Alpes;1;Ain;100;Photovoltaïque;1;Injection totale;"d-]250;...[";NON;2020-09-30;19;84.321;0;0.0;0;0.0
84;Auvergne-Rhône-Alpes;42;Loire;100;Photovoltaïque;1;Injection totale;"c-]100;250]";NON;2020-09-30;9;1.9703;1;0.2467;1;0.198
84;Auvergne-Rhône-Alpes;26;Drôme;100;Photovoltaïque;1;Injection totale;"c-]100;250]";NON;2020-09-30;45;9.62369;7;1.44649;5;1.218
84;Auvergne-Rhône-Alpes;43;Haute-Loire;100;Photovoltaïque;2;Injection du surplus;"d-]250;...[";NON;2020-09-30;0;0.0;0;0.0;0;0.0
84;Auvergne-Rhône-Alpes;1;Ain;100;Photovoltaïque;3;Autoconsommation sans injection;"c-]100;250]";NON;2020-09-30;2;0.35948;1;0.24948;0;0.0
84;Auvergne-Rhône-Alpes;3;Allier;100;Photovoltaïque;1;Injection totale;"d-]250;...[";NON;2020-09-30;18;92.98188;0;0.0;0;0.0
84;Auvergne-Rhône-Alpes;69;Rhône;100;Photovoltaïque;2;Injection du surplus;"c-]100;250]";NON;2020-09-30;0;0.0;0;0.0;0;0.0
84;Auvergne-Rhône-Alpes;74;Haute-Savoie;100;Photovoltaïque;2;Injection du surplus;"a-]0;36]";OUI;2020-09-30;16;0.0757;7;0.036;2;0.0072
84;Auvergne-Rhône-Alpes;74;Haute-Savoie;100;Photovoltaïque;3;Autoconsommation sans injection;"a-]0;36]";OUI;2020-09-30;0;0.0;0;0.0;0;0.0
84;Auvergne-Rhône-Alpes;7;Ardèche;200;Eolien;1;Injection totale;"a-]0;36]";NON;2020-09-30;0;0.0;0;0.0;1;0.0
84;Auvergne-Rhône-Alpes;1;Ain;200;Eolien;1;Injection totale;"a-]0;36]";NON;2020-09-30;0;0.0;0;0.0;0;0.0
84;Auvergne-Rhône-Alpes;38;Isère;200;Eolien;1;Injection totale;"d-]250;...[";NON;2020-09-30;3;32.6;0;0.0;0;0.0
84;Auvergne-Rhône-Alpes;3;Allier;200;Eolien;2;Injection du surplus;"a-]0;36]";NON;2020-09-30;0;0.0;0;0.0;0;0.0
84;Auvergne-Rhône-Alpes;43;Haute-Loire;200;Eolien;1;Injection totale;"a-]0;36]";NON;2020-09-30;0;0.0;0;0.0;0;0.0
84;Auvergne-Rhône-Alpes;69;Rhône;300;Hydraulique;1;Injection totale;"c-]100;250]";NON;2020-09-30;0;0.0;0;0.0;0;0.0
84;Auvergne-Rhône-Alpes;63;Puy-de-Dôme;300;Hydraulique;2;Injection du surplus;"a-]0;36]";NON;2020-09-30;0;0.0;0;0.0;0;0.0
84;Auvergne-Rhône-Alpes;42;Loire;300;Hydraulique;3;Autoconsommation sans injection;"a-]0;36]";NON;2020-09-30;0;0.0;0;0.0;0;0.0
84;Auvergne-Rhône-Alpes;38;Isère;300;Hydraulique;2;Injection du surplus;"c-]100;250]";NON;2020-09-30;2;0.324;0;0.0;0;0.0
84;Auvergne-Rhône-Alpes;1;Ain;300;Hydraulique;2;Injection du surplus;"b-]36;100]";NON;2020-09-30;0;0.0;0;0.0;0;0.0
84;Auvergne-Rhône-Alpes;42;Loire;300;Hydraulique;1;Injection totale;"a-]0;36]";NON;2020-09-30;2;0.06;0;0.0;0;0.0
84;Auvergne-Rhône-Alpes;3;Allier;300;Hydraulique;1;Injection totale;"a-]0;36]";NON;2020-09-30;1;0.03;0;0.0;0;0.0
84;Auvergne-Rhône-Alpes;3;Allier;300;Hydraulique;1;Injection totale;"b-]36;100]";NON;2020-09-30;0;0.0;0;0.0;0;0.0
84;Auvergne-Rhône-Alpes;7;Ardèche;300;Hydraulique;1;Injection totale;"a-]0;36]";NON;2020-09-30;0;0.0;0;0.0;0;0.0
84;Auvergne-Rhône-Alpes;7;Ardèche;300;Hydraulique;2;Injection du surplus;"a-]0;36]";NON;2020-09-30;0;0.0;0;0.0;0;0.0
84;Auvergne-Rhône-Alpes;7;Ardèche;300;Hydraulique;2;Injection du surplus;"c-]100;250]";NON;2020-09-30;0;0.0;0;0.0;0;0.0
84;Auvergne-Rhône-Alpes;26;Drôme;300;Hydraulique;1;Injection totale;"a-]0;36]";NON;2020-09-30;0;0.0;0;0.0;0;0.0
84;Auvergne-Rhône-Alpes;26;Drôme;300;Hydraulique;2;Injection du surplus;"a-]0;36]";NON;2020-09-30;0;0.0;0;0.0;0;0.0
84;Auvergne-Rhône-Alpes;63;Puy-de-Dôme;300;Hydraulique;1;Injection totale;"a-]0;36]";NON;2020-09-30;0;0.0;0;0.0;0;0.0
84;Auvergne-Rhône-Alpes;69;Rhône;400;Bio énergie;2;Injection du surplus;"d-]250;...[";NON;2020-09-30;0;0.0;0;0.0;0;0.0
84;Auvergne-Rhône-Alpes;38;Isère;400;Bio énergie;1;Injection totale;"b-]36;100]";NON;2020-09-30;0;0.0;0;0.0;1;0.075
84;Auvergne-Rhône-Alpes;15;Cantal;400;Bio énergie;1;Injection totale;"d-]250;...[";NON;2020-09-30;0;0.0;0;0.0;0;0.0
84;Auvergne-Rhône-Alpes;43;Haute-Loire;400;Bio énergie;1;Injection totale;"b-]36;100]";NON;2020-09-30;1;0.05;0;0.0;0;0.0
84;Auvergne-Rhône-Alpes;42;Loire;400;Bio énergie;1;Injection totale;"d-]250;...[";NON;2020-09-30;0;0.0;0;0.0;0;0.0
84;Auvergne-Rhône-Alpes;1;Ain;400;Bio énergie;2;Injection du surplus;"a-]0;36]";NON;2020-09-30;0;0.0;0;0.0;0;0.0
84;Auvergne-Rhône-Alpes;15;Cantal;400;Bio énergie;1;Injection totale;"b-]36;100]";NON;2020-09-30;1;0.091;0;0.0;0;0.0
84;Auvergne-Rhône-Alpes;26;Drôme;400;Bio énergie;1;Injection totale;"d-]250;...[";NON;2020-09-30;0;0.0;0;0.0;0;0.0
84;Auvergne-Rhône-Alpes;42;Loire;400;Bio énergie;1;Injection totale;"a-]0;36]";NON;2020-09-30;0;0.0;0;0.0;0;0.0
84;Auvergne-Rhône-Alpes;69;Rhône;400;Bio énergie;1;Injection totale;"c-]100;250]";NON;2020-09-30;0;0.0;0;0.0;0;0.0
84;Auvergne-Rhône-Alpes;74;Haute-Savoie;400;Bio énergie;1;Injection totale;"c-]100;250]";NON;2020-09-30;1;0.231;0;0.0;0;0.0
84;Auvergne-Rhône-Alpes;69;Rhône;500;Cogénération;1;Injection totale;"c-]100;250]";NON;2020-09-30;4;0.92;0;0.0;0;0.0
84;Auvergne-Rhône-Alpes;38;Isère;500;Cogénération;2;Injection du surplus;"d-]250;...[";NON;2020-09-30;0;0.0;0;0.0;0;0.0
84;Auvergne-Rhône-Alpes;69;Rhône;500;Cogénération;2;Injection du surplus;"d-]250;...[";NON;2020-09-30;0;0.0;0;0.0;0;0.0
84;Auvergne-Rhône-Alpes;15;Cantal;550;Stockage hors hydraulique;2;Injection du surplus;"d-]250;...[";OUI;2020-09-30;3;3.75;3;3.75;0;0.0
84;Auvergne-Rhône-Alpes;42;Loire;600;Autres;1;Injection totale;"c-]100;250]";NON;2020-09-30;0;0.0;0;0.0;0;0.0
84;Auvergne-Rhône-Alpes;26;Drôme;600;Autres;2;Injection du surplus;"a-]0;36]";NON;2020-09-30;0;0.0;0;0.0;0;0.0
84;Auvergne-Rhône-Alpes;38;Isère;600;Autres;2;Injection du surplus;"a-]0;36]";NON;2020-09-30;0;0.0;0;0.0;0;0.0
84;Auvergne-Rhône-Alpes;74;Haute-Savoie;600;Autres;2;Injection du surplus;"a-]0;36]";NON;2020-09-30;0;0.0;0;0.0;0;0.0
84;Auvergne-Rhône-Alpes;1;Ain;100;Photovoltaïque;3;Autoconsommation sans injection;"a-]0;36]";OUI;2021-03-31;0;0.0;0;0.0;0;0.0
84;Auvergne-Rhône-Alpes;1;Ain;600;Autres;2;Injection du surplus;"a-]0;36]";NON;2021-03-31;0;0.0;0;0.0;0;0.0
84;Auvergne-Rhône-Alpes;3;Allier;300;Hydraulique;1;Injection totale;"a-]0;36]";NON;2021-03-31;0;0.0;0;0.0;1;0.03
84;Auvergne-Rhône-Alpes;3;Allier;300;Hydraulique;1;Injection totale;"c-]100;250]";NON;2021-03-31;0;0.0;0;0.0;0;0.0
84;Auvergne-Rhône-Alpes;7;Ardèche;100;Photovoltaïque;3;Autoconsommation sans injection;"a-]0;36]";NON;2021-03-31;0;0.0;5;0.00916;5;0.00916
84;Auvergne-Rhône-Alpes;7;Ardèche;200;Eolien;1;Injection totale;"a-]0;36]";NON;2021-03-31;0;0.0;0;0.0;0;0.0
84;Auvergne-Rhône-Alpes;7;Ardèche;200;Eolien;1;Injection totale;"d-]250;...[";NON;2021-03-31;2;6.3;0;0.0;0;0.0
84;Auvergne-Rhône-Alpes;7;Ardèche;300;Hydraulique;1;Injection totale;"c-]100;250]";NON;2021-03-31;1;0.23;0;0.0;0;0.0
84;Auvergne-Rhône-Alpes;15;Cantal;100;Photovoltaïque;2;Injection du surplus;"b-]36;100]";NON;2021-03-31;1;0.05999;1;0.05999;0;0.0
84;Auvergne-Rhône-Alpes;26;Drôme;100;Photovoltaïque;1;Injection totale;"a-]0;36]";NON;2021-03-31;68;1.1304;10;0.1081;18;0.293
84;Auvergne-Rhône-Alpes;26;Drôme;100;Photovoltaïque;1;Injection totale;"b-]36;100]";NON;2021-03-31;234;21.84104;37;3.46991;39;3.68358
84;Auvergne-Rhône-Alpes;26;Drôme;500;Cogénération;1;Injection totale;"d-]250;...[";NON;2021-03-31;1;0.974;1;0.974;0;0.0
84;Auvergne-Rhône-Alpes;38;Isère;100;Photovoltaïque;2;Injection du surplus;"a-]0;36]";OUI;2021-03-31;10;0.0506;4;0.0147;1;0.006
84;Auvergne-Rhône-Alpes;38;Isère;100;Photovoltaïque;3;Autoconsommation sans injection;"c-]100;250]";NON;2021-03-31;5;1.056;2;0.47;0;0.0
84;Auvergne-Rhône-Alpes;38;Isère;600;Autres;2;Injection du surplus;"c-]100;250]";OUI;2021-03-31;0;0.0;0;0.0;0;0.0
84;Auvergne-Rhône-Alpes;42;Loire;200;Eolien;1;Injection totale;"d-]250;...[";NON;2021-03-31;7;88.304;1;17.0;0;0.0
84;Auvergne-Rhône-Alpes;42;Loire;200;Eolien;2;Injection du surplus;"a-]0;36]";NON;2021-03-31;1;0.003;0;0.0;0;0.0
84;Auvergne-Rhône-Alpes;42;Loire;300;Hydraulique;1;Injection totale;"a-]0;36]";NON;2021-03-31;0;0.0;0;0.0;0;0.0
84;Auvergne-Rhône-Alpes;42;Loire;300;Hydraulique;1;Injection totale;"d-]250;...[";NON;2021-03-31;0;0.0;0;0.0;0;0.0
84;Auvergne-Rhône-Alpes;42;Loire;400;Bio énergie;1;Injection totale;"b-]36;100]";NON;2021-03-31;0;0.0;0;0.0;0;0.0
84;Auvergne-Rhône-Alpes;43;Haute-Loire;100;Photovoltaïque;1;Injection totale;"b-]36;100]";NON;2021-03-31;105;9.44067;20;1.89566;25;2.25952
84;Auvergne-Rhône-Alpes;43;Haute-Loire;100;Photovoltaïque;3;Autoconsommation sans injection;"c-]100;250]";NON;2021-03-31;0;0.0;0;0.0;1;0.238
84;Auvergne-Rhône-Alpes;43;Haute-Loire;300;Hydraulique;1;Injection totale;"d-]250;...[";NON;2021-03-31;0;0.0;0;0.0;0;0.0
84;Auvergne-Rhône-Alpes;43;Haute-Loire;400;Bio énergie;1;Injection totale;"c-]100;250]";NON;2021-03-31;1;0.19;0;0.0;0;0.0
84;Auvergne-Rhône-Alpes;63;Puy-de-Dôme;300;Hydraulique;1;Injection totale;"b-]36;100]";NON;2021-03-31;2;0.19;0;0.0;0;0.0
84;Auvergne-Rhône-Alpes;63;Puy-de-Dôme;300;Hydraulique;1;Injection totale;"d-]250;...[";NON;2021-03-31;0;0.0;0;0.0;0;0.0
84;Auvergne-Rhône-Alpes;63;Puy-de-Dôme;400;Bio énergie;1;Injection totale;"a-]0;36]";NON;2021-03-31;0;0.0;0;0.0;0;0.0
84;Auvergne-Rhône-Alpes;63;Puy-de-Dôme;400;Bio énergie;1;Injection totale;"b-]36;100]";NON;2021-03-31;0;0.0;0;0.0;0;0.0
84;Auvergne-Rhône-Alpes;69;Rhône;100;Photovoltaïque;1;Injection totale;"b-]36;100]";NON;2021-03-31;62;5.49665;4;0.34239;12;1.037
84;Auvergne-Rhône-Alpes;69;Rhône;100;Photovoltaïque;2;Injection du surplus;"a-]0;36]";OUI;2021-03-31;3;0.015;3;0.0186;4;0.0225
84;Auvergne-Rhône-Alpes;69;Rhône;100;Photovoltaïque;3;Autoconsommation sans injection;"b-]36;100]";NON;2021-03-31;2;0.15;1;0.05;0;0.0
84;Auvergne-Rhône-Alpes;69;Rhône;500;Cogénération;2;Injection du surplus;"d-]250;...[";NON;2021-03-31;0;0.0;0;0.0;0;0.0
84;Auvergne-Rhône-Alpes;69;Rhône;500;Cogénération;3;Autoconsommation sans injection;"d-]250;...[";NON;2021-03-31;0;0.0;0;0.0;0;0.0
84;Auvergne-Rhône-Alpes;69;Rhône;600;Autres;2;Injection du surplus;"a-]0;36]";NON;2021-03-31;0;0.0;0;0.0;0;0.0
84;Auvergne-Rhône-Alpes;73;Savoie;100;Photovoltaïque;3;Autoconsommation sans injection;"a-]0;36]";OUI;2021-03-31;0;0.0;2;0.012;2;0.012
84;Auvergne-Rhône-Alpes;73;Savoie;100;Photovoltaïque;3;Autoconsommation sans injection;"b-]36;100]";NON;2021-03-31;2;0.116;0;0.0;0;0.0
84;Auvergne-Rhône-Alpes;73;Savoie;300;Hydraulique;1;Injection totale;"c-]100;250]";NON;2021-03-31;0;0.0;0;0.0;0;0.0
84;Auvergne-Rhône-Alpes;73;Savoie;300;Hydraulique;2;Injection du surplus;"d-]250;...[";NON;2021-03-31;1;0.999;1;0.999;0;0.0
84;Auvergne-Rhône-Alpes;74;Haute-Savoie;100;Photovoltaïque;2;Injection du surplus;"c-]100;250]";NON;2021-03-31;1;0.24;0;0.0;0;0.0
84;Auvergne-Rhône-Alpes;1;Ain;100;Photovoltaïque;1;Injection totale;"a-]0;36]";NON;2020-12-31;15;0.1464;4;0.0398;7;0.1568
84;Auvergne-Rhône-Alpes;1;Ain;100;Photovoltaïque;3;Autoconsommation sans injection;"c-]100;250]";NON;2020-12-31;1;0.11;0;0.0;1;0.24948
84;Auvergne-Rhône-Alpes;1;Ain;200;Eolien;2;Injection du surplus;"a-]0;36]";NON;2020-12-31;0;0.0;0;0.0;0;0.0
84;Auvergne-Rhône-Alpes;1;Ain;300;Hydraulique;1;Injection totale;"c-]100;250]";NON;2020-12-31;1;0.125;0;0.0;0;0.0
84;Auvergne-Rhône-Alpes;1;Ain;300;Hydraulique;2;Injection du surplus;"a-]0;36]";NON;2020-12-31;0;0.0;0;0.0;0;0.0
84;Auvergne-Rhône-Alpes;1;Ain;400;Bio énergie;1;Injection totale;"c-]100;250]";NON;2020-12-31;0;0.0;0;0.0;0;0.0
84;Auvergne-Rhône-Alpes;1;Ain;550;Stockage hors hydraulique;1;Injection totale;"a-]0;36]";OUI;2020-12-31;1;0.0;0;0.0;0;0.0
84;Auvergne-Rhône-Alpes;3;Allier;100;Photovoltaïque;2;Injection du surplus;"a-]0;36]";NON;2020-12-31;81;0.32253;85;0.34125;71;0.28069
84;Auvergne-Rhône-Alpes;3;Allier;200;Eolien;2;Injection du surplus;"a-]0;36]";NON;2020-12-31;0;0.0;0;0.0;0;0.0
84;Auvergne-Rhône-Alpes;3;Allier;300;Hydraulique;1;Injection totale;"d-]250;...[";NON;2020-12-31;3;4.02;1;0.26;0;0.0
84;Auvergne-Rhône-Alpes;3;Allier;600;Autres;1;Injection totale;"b-]36;100]";NON;2020-12-31;0;0.0;0;0.0;0;0.0
84;Auvergne-Rhône-Alpes;7;Ardèche;300;Hydraulique;1;Injection totale;"c-]100;250]";NON;2020-12-31;2;0.34;0;0.0;0;0.0
84;Auvergne-Rhône-Alpes;7;Ardèche;300;Hydraulique;2;Injection du surplus;"c-]100;250]";NON;2020-12-31;0;0.0;0;0.0;0;0.0
84;Auvergne-Rhône-Alpes;7;Ardèche;300;Hydraulique;2;Injection du surplus;"d-]250;...[";NON;2020-12-31;0;0.0;0;0.0;0;0.0
84;Auvergne-Rhône-Alpes;15;Cantal;100;Photovoltaïque;1;Injection totale;"d-]250;...[";NON;2020-12-31;3;4.989;0;0.0;0;0.0
84;Auvergne-Rhône-Alpes;15;Cantal;100;Photovoltaïque;3;Autoconsommation sans injection;"a-]0;36]";NON;2020-12-31;0;0.0;0;0.0;0;0.0
84;Auvergne-Rhône-Alpes;15;Cantal;200;Eolien;1;Injection totale;"a-]0;36]";NON;2020-12-31;0;0.0;0;0.0;0;0.0
84;Auvergne-Rhône-Alpes;15;Cantal;600;Autres;2;Injection du surplus;"a-]0;36]";NON;2020-12-31;1;0.001;0;0.0;0;0.0
84;Auvergne-Rhône-Alpes;26;Drôme;100;Photovoltaïque;1;Injection totale;"a-]0;36]";NON;2020-12-31;67;1.2086;9;0.1484;14;0.2237
84;Auvergne-Rhône-Alpes;26;Drôme;100;Photovoltaïque;1;Injection totale;"a-]0;36]";OUI;2020-12-31;0;0.0;0;0.0;0;0.0
84;Auvergne-Rhône-Alpes;26;Drôme;100;Photovoltaïque;3;Autoconsommation sans injection;"a-]0;36]";NON;2020-12-31;0;0.0;23;0.0339;23;0.0339
84;Auvergne-Rhône-Alpes;26;Drôme;100;Photovoltaïque;3;Autoconsommation sans injection;"d-]250;...[";NON;2020-12-31;1;0.37;0;0.0;0;0.0
84;Auvergne-Rhône-Alpes;26;Drôme;200;Eolien;1;Injection totale;"d-]250;...[";NON;2020-12-31;0;0.0;0;0.0;1;11.5
84;Auvergne-Rhône-Alpes;26;Drôme;300;Hydraulique;1;Injection totale;"d-]250;...[";NON;2020-12-31;0;0.0;0;0.0;0;0.0
84;Auvergne-Rhône-Alpes;26;Drôme;300;Hydraulique;2;Injection du surplus;"a-]0;36]";NON;2020-12-31;0;0.0;0;0.0;0;0.0
84;Auvergne-Rhône-Alpes;26;Drôme;400;Bio énergie;1;Injection totale;"d-]250;...[";NON;2020-12-31;0;0.0;0;0.0;0;0.0
84;Auvergne-Rhône-Alpes;38;Isère;100;Photovoltaïque;1;Injection totale;"a-]0;36]";NON;2020-12-31;148;1.47097;15;0.12667;8;0.0674
84;Auvergne-Rhône-Alpes;38;Isère;100;Photovoltaïque;3;Autoconsommation sans injection;"a-]0;36]";NON;2020-12-31;1;0.008;58;0.16139;58;0.16139
84;Auvergne-Rhône-Alpes;38;Isère;100;Photovoltaïque;3;Autoconsommation sans injection;"c-]100;250]";OUI;2020-12-31;0;0.0;0;0.0;0;0.0
84;Auvergne-Rhône-Alpes;38;Isère;400;Bio énergie;1;Injection totale;"a-]0;36]";NON;2020-12-31;0;0.0;0;0.0;0;0.0
84;Auvergne-Rhône-Alpes;38;Isère;600;Autres;1;Injection totale;"a-]0;36]";NON;2020-12-31;0;0.0;0;0.0;0;0.0
84;Auvergne-Rhône-Alpes;38;Isère;600;Autres;2;Injection du surplus;"c-]100;250]";NON;2020-12-31;1;0.24;0;0.0;0;0.0
84;Auvergne-Rhône-Alpes;38;Isère;600;Autres;2;Injection du surplus;"c-]100;250]";OUI;2020-12-31;0;0.0;0;0.0;0;0.0
84;Auvergne-Rhône-Alpes;42;Loire;100;Photovoltaïque;2;Injection du surplus;"a-]0;36]";OUI;2020-12-31;0;0.0;0;0.0;0;0.0
84;Auvergne-Rhône-Alpes;42;Loire;300;Hydraulique;1;Injection totale;"c-]100;250]";NON;2020-12-31;0;0.0;0;0.0;0;0.0
84;Auvergne-Rhône-Alpes;42;Loire;300;Hydraulique;3;Autoconsommation sans injection;"a-]0;36]";NON;2020-12-31;0;0.0;0;0.0;0;0.0
84;Auvergne-Rhône-Alpes;43;Haute-Loire;100;Photovoltaïque;1;Injection totale;"c-]100;250]";NON;2020-12-31;20;4.42838;1;0.2409;7;1.591
84;Auvergne-Rhône-Alpes;43;Haute-Loire;100;Photovoltaïque;1;Injection totale;"d-]250;...[";NON;2020-12-31;3;16.21;0;0.0;0;0.0
84;Auvergne-Rhône-Alpes;43;Haute-Loire;400;Bio énergie;1;Injection totale;"b-]36;100]";NON;2020-12-31;0;0.0;0;0.0;1;0.05
84;Auvergne-Rhône-Alpes;43;Haute-Loire;400;Bio énergie;1;Injection totale;"c-]100;250]";NON;2020-12-31;1;0.19;0;0.0;1;0.119
84;Auvergne-Rhône-Alpes;63;Puy-de-Dôme;100;Photovoltaïque;1;Injection totale;"a-]0;36]";OUI;2020-12-31;0;0.0;0;0.0;0;0.0
84;Auvergne-Rhône-Alpes;63;Puy-de-Dôme;100;Photovoltaïque;1;Injection totale;"b-]36;100]";NON;2020-12-31;167;15.45141;28;2.63811;30;2.79076
84;Auvergne-Rhône-Alpes;63;Puy-de-Dôme;100;Photovoltaïque;1;Injection totale;"c-]100;250]";NON;2020-12-31;7;1.5352;0;0.0;0;0.0
84;Auvergne-Rhône-Alpes;63;Puy-de-Dôme;200;Eolien;1;Injection totale;"a-]0;36]";NON;2020-12-31;0;0.0;0;0.0;0;0.0
84;Auvergne-Rhône-Alpes;69;Rhône;100;Photovoltaïque;2;Injection du surplus;"b-]36;100]";NON;2020-12-31;11;0.706;2;0.095;1;0.0552
84;Auvergne-Rhône-Alpes;69;Rhône;100;Photovoltaïque;2;Injection du surplus;"d-]250;...[";NON;2020-12-31;0;0.0;0;0.0;0;0.0
84;Auvergne-Rhône-Alpes;73;Savoie;100;Photovoltaïque;2;Injection du surplus;"a-]0;36]";NON;2020-12-31;130;0.57531;92;0.35652;51;0.22551
84;Auvergne-Rhône-Alpes;73;Savoie;100;Photovoltaïque;3;Autoconsommation sans injection;"a-]0;36]";OUI;2020-12-31;0;0.0;0;0.0;0;0.0
84;Auvergne-Rhône-Alpes;73;Savoie;100;Photovoltaïque;3;Autoconsommation sans injection;"c-]100;250]";NON;2020-12-31;1;0.146;0;0.0;0;0.0
84;Auvergne-Rhône-Alpes;73;Savoie;200;Eolien;2;Injection du surplus;"a-]0;36]";NON;2020-12-31;0;0.0;0;0.0;0;0.0
84;Auvergne-Rhône-Alpes;73;Savoie;300;Hydraulique;2;Injection du surplus;"d-]250;...[";NON;2020-12-31;0;0.0;0;0.0;0;0.0
84;Auvergne-Rhône-Alpes;73;Savoie;550;Stockage hors hydraulique;1;Injection totale;"a-]0;36]";OUI;2020-12-31;0;0.0;0;0.0;0;0.0
84;Auvergne-Rhône-Alpes;73;Savoie;600;Autres;2;Injection du surplus;"a-]0;36]";NON;2020-12-31;0;0.0;0;0.0;0;0.0
84;Auvergne-Rhône-Alpes;74;Haute-Savoie;100;Photovoltaïque;1;Injection totale;"c-]100;250]";NON;2020-12-31;0;0.0;0;0.0;0;0.0
84;Auvergne-Rhône-Alpes;74;Haute-Savoie;300;Hydraulique;1;Injection totale;"b-]36;100]";NON;2020-12-31;0;0.0;0;0.0;0;0.0
84;Auvergne-Rhône-Alpes;74;Haute-Savoie;300;Hydraulique;2;Injection du surplus;"a-]0;36]";NON;2020-12-31;0;0.0;0;0.0;0;0.0
84;Auvergne-Rhône-Alpes;01;Ain;200;Eolien;1;Injection totale;"d-]250;...[";Non Dispo;2020-03-31;2;21.0;0;0.0;1;11.75
84;Auvergne-Rhône-Alpes;03;Allier;100;Photovoltaïque;1;Injection totale;"b-]36;100]";Non Dispo;2020-03-31;271;25.39444;29;2.64084;37;3.4817
84;Auvergne-Rhône-Alpes;03;Allier;100;Photovoltaïque;1;Injection totale;"d-]250;...[";Non Dispo;2020-03-31;16;78.51788;0;0.0;1;4.46
84;Auvergne-Rhône-Alpes;03;Allier;200;Eolien;3;Autoconsommation sans injection;"a-]0;36]";Non Dispo;2020-03-31;0;0.0;0;0.0;0;0.0
84;Auvergne-Rhône-Alpes;03;Allier;200;Eolien;2;Injection du surplus;"a-]0;36]";Non Dispo;2020-03-31;0;0.0;0;0.0;0;0.0
84;Auvergne-Rhône-Alpes;03;Allier;300;Hydraulique;1;Injection totale;"b-]36;100]";Non Dispo;2020-03-31;0;0.0;0;0.0;0;0.0
84;Auvergne-Rhône-Alpes;03;Allier;300;Hydraulique;1;Injection totale;"c-]100;250]";Non Dispo;2020-03-31;0;0.0;0;0.0;0;0.0
84;Auvergne-Rhône-Alpes;03;Allier;300;Hydraulique;2;Injection du surplus;"a-]0;36]";Non Dispo;2020-03-31;0;0.0;0;0.0;0;0.0
84;Auvergne-Rhône-Alpes;03;Allier;400;Bio énergie;1;Injection totale;"a-]0;36]";Non Dispo;2020-03-31;0;0.0;0;0.0;0;0.0
84;Auvergne-Rhône-Alpes;03;Allier;500;Cogénération;1;Injection totale;"d-]250;...[";Non Dispo;2020-03-31;0;0.0;0;0.0;0;0.0
84;Auvergne-Rhône-Alpes;07;Ardèche;100;Photovoltaïque;3;Autoconsommation sans injection;"c-]100;250]";Non Dispo;2020-03-31;0;0.0;0;0.0;0;0.0
84;Auvergne-Rhône-Alpes;07;Ardèche;300;Hydraulique;1;Injection totale;"c-]100;250]";Non Dispo;2020-03-31;1;0.23;0;0.0;0;0.0
84;Auvergne-Rhône-Alpes;07;Ardèche;300;Hydraulique;3;Autoconsommation sans injection;"d-]250;...[";Non Dispo;2020-03-31;0;0.0;0;0.0;1;0.425
84;Auvergne-Rhône-Alpes;07;Ardèche;300;Hydraulique;2;Injection du surplus;"a-]0;36]";Non Dispo;2020-03-31;0;0.0;0;0.0;1;0.005
84;Auvergne-Rhône-Alpes;07;Ardèche;600;Autres;1;Injection totale;"d-]250;...[";Non Dispo;2020-03-31;0;0.0;0;0.0;0;0.0
84;Auvergne-Rhône-Alpes;15;Cantal;400;Bio énergie;1;Injection totale;"b-]36;100]";Non Dispo;2020-03-31;1;0.091;0;0.0;0;0.0
84;Auvergne-Rhône-Alpes;15;Cantal;500;Cogénération;2;Injection du surplus;"a-]0;36]";Non Dispo;2020-03-31;1;0.001;0;0.0;0;0.0
84;Auvergne-Rhône-Alpes;26;Drôme;100;Photovoltaïque;3;Autoconsommation sans injection;"c-]100;250]";Non Dispo;2020-03-31;3;0.607;2;0.438;0;0.0
84;Auvergne-Rhône-Alpes;26;Drôme;300;Hydraulique;2;Injection du surplus;"a-]0;36]";Non Dispo;2020-03-31;0;0.0;0;0.0;0;0.0
84;Auvergne-Rhône-Alpes;26;Drôme;300;Hydraulique;1;Injection totale;"a-]0;36]";Non Dispo;2020-03-31;0;0.0;0;0.0;0;0.0
84;Auvergne-Rhône-Alpes;26;Drôme;300;Hydraulique;1;Injection totale;"d-]250;...[";Non Dispo;2020-03-31;0;0.0;0;0.0;0;0.0
84;Auvergne-Rhône-Alpes;26;Drôme;400;Bio énergie;1;Injection totale;"b-]36;100]";Non Dispo;2020-03-31;0;0.0;0;0.0;1;0.045
84;Auvergne-Rhône-Alpes;26;Drôme;400;Bio énergie;1;Injection totale;"a-]0;36]";Non Dispo;2020-03-31;0;0.0;0;0.0;0;0.0
84;Auvergne-Rhône-Alpes;38;Isère;100;Photovoltaïque;2;Injection du surplus;"b-]36;100]";Non Dispo;2020-03-31;8;0.5151;3;0.22;1;0.04536
84;Auvergne-Rhône-Alpes;38;Isère;100;Photovoltaïque;1;Injection totale;"b-]36;100]";Non Dispo;2020-03-31;77;7.09633;13;1.21664;2;0.178
84;Auvergne-Rhône-Alpes;38;Isère;200;Eolien;2;Injection du surplus;"a-]0;36]";Non Dispo;2020-03-31;0;0.0;0;0.0;0;0.0
84;Auvergne-Rhône-Alpes;38;Isère;200;Eolien;1;Injection totale;"d-]250;...[";Non Dispo;2020-03-31;3;32.6;1;10.8;0;0.0
84;Auvergne-Rhône-Alpes;38;Isère;500;Cogénération;1;Injection totale;"a-]0;36]";Non Dispo;2020-03-31;0;0.0;0;0.0;0;0.0
84;Auvergne-Rhône-Alpes;38;Isère;500;Cogénération;1;Injection totale;"b-]36;100]";Non Dispo;2020-03-31;0;0.0;0;0.0;0;0.0
84;Auvergne-Rhône-Alpes;38;Isère;600;Autres;1;Injection totale;"d-]250;...[";Non Dispo;2020-03-31;0;0.0;0;0.0;0;0.0
84;Auvergne-Rhône-Alpes;42;Loire;100;Photovoltaïque;3;Autoconsommation sans injection;"b-]36;100]";Non Dispo;2020-03-31;1;0.05;1;0.05;0;0.0
84;Auvergne-Rhône-Alpes;42;Loire;100;Photovoltaïque;2;Injection du surplus;"d-]250;...[";Non Dispo;2020-03-31;1;0.414;0;0.0;0;0.0
84;Auvergne-Rhône-Alpes;42;Loire;300;Hydraulique;1;Injection totale;"d-]250;...[";Non Dispo;2020-03-31;0;0.0;0;0.0;0;0.0
84;Auvergne-Rhône-Alpes;42;Loire;400;Bio énergie;1;Injection totale;"a-]0;36]";Non Dispo;2020-03-31;0;0.0;0;0.0;0;0.0
84;Auvergne-Rhône-Alpes;42;Loire;500;Cogénération;1;Injection totale;"a-]0;36]";Non Dispo;2020-03-31;1;0.0;0;0.0;0;0.0
84;Auvergne-Rhône-Alpes;42;Loire;600;Autres;1;Injection totale;"d-]250;...[";Non Dispo;2020-03-31;0;0.0;0;0.0;0;0.0
84;Auvergne-Rhône-Alpes;43;Haute-Loire;200;Eolien;1;Injection totale;"a-]0;36]";Non Dispo;2020-03-31;0;0.0;0;0.0;0;0.0
84;Auvergne-Rhône-Alpes;63;Puy-de-Dôme;100;Photovoltaïque;1;Injection totale;"b-]36;100]";Non Dispo;2020-03-31;150;13.90278;19;1.738;13;1.20602
84;Auvergne-Rhône-Alpes;63;Puy-de-Dôme;100;Photovoltaïque;3;Autoconsommation sans injection;"a-]0;36]";Non Dispo;2020-03-31;1;0.0;15;0.0595;15;0.0595
84;Auvergne-Rhône-Alpes;63;Puy-de-Dôme;200;Eolien;2;Injection du surplus;"a-]0;36]";Non Dispo;2020-03-31;0;0.0;0;0.0;0;0.0
84;Auvergne-Rhône-Alpes;63;Puy-de-Dôme;300;Hydraulique;1;Injection totale;"d-]250;...[";Non Dispo;2020-03-31;0;0.0;0;0.0;0;0.0
84;Auvergne-Rhône-Alpes;69;Rhône;100;Photovoltaïque;3;Autoconsommation sans injection;"c-]100;250]";Non Dispo;2020-03-31;1;0.2;1;0.2;0;0.0
84;Auvergne-Rhône-Alpes;69;Rhône;100;Photovoltaïque;2;Injection du surplus;"a-]0;36]";Non Dispo;2020-03-31;106;0.7611;134;0.705;198;0.8403
84;Auvergne-Rhône-Alpes;69;Rhône;200;Eolien;1;Injection totale;"a-]0;36]";Non Dispo;2020-03-31;0;0.0;0;0.0;0;0.0
84;Auvergne-Rhône-Alpes;69;Rhône;400;Bio énergie;1;Injection totale;"c-]100;250]";Non Dispo;2020-03-31;0;0.0;0;0.0;1;0.15
84;Auvergne-Rhône-Alpes;69;Rhône;500;Cogénération;1;Injection totale;"c-]100;250]";Non Dispo;2020-03-31;5;1.15;0;0.0;0;0.0
84;Auvergne-Rhône-Alpes;69;Rhône;500;Cogénération;3;Autoconsommation sans injection;"a-]0;36]";Non Dispo;2020-03-31;0;0.0;0;0.0;0;0.0
84;Auvergne-Rhône-Alpes;73;Savoie;100;Photovoltaïque;1;Injection totale;"b-]36;100]";Non Dispo;2020-03-31;13;1.1378;2;0.185;2;0.18
84;Auvergne-Rhône-Alpes;73;Savoie;100;Photovoltaïque;2;Injection du surplus;"b-]36;100]";Non Dispo;2020-03-31;5;0.331;1;0.066;0;0.0
84;Auvergne-Rhône-Alpes;73;Savoie;100;Photovoltaïque;3;Autoconsommation sans injection;"a-]0;36]";Non Dispo;2020-03-31;2;0.015;8;0.0149;8;0.0149
84;Auvergne-Rhône-Alpes;73;Savoie;600;Autres;1;Injection totale;"d-]250;...[";Non Dispo;2020-03-31;0;0.0;0;0.0;0;0.0
84;Auvergne-Rhône-Alpes;74;Haute-Savoie;100;Photovoltaïque;3;Autoconsommation sans injection;"b-]36;100]";Non Dispo;2020-03-31;2;0.12976;0;0.0;0;0.0
84;Auvergne-Rhône-Alpes;74;Haute-Savoie;500;Cogénération;1;Injection totale;"b-]36;100]";Non Dispo;2020-03-31;1;0.05;0;0.0;0;0.0
84;Auvergne-Rhône-Alpes;1;Ain;100;Photovoltaïque;1;Injection totale;"a-]0;36]";NON;2021-09-30;21;0.3469;7;0.1413;4;0.03
84;Auvergne-Rhône-Alpes;1;Ain;100;Photovoltaïque;3;Autoconsommation sans injection;"d-]250;...[";NON;2021-09-30;1;0.78;0;0.0;1;0.498
84;Auvergne-Rhône-Alpes;1;Ain;400;Bio énergie;1;Injection totale;"d-]250;...[";NON;2021-09-30;0;0.0;0;0.0;0;0.0
84;Auvergne-Rhône-Alpes;1;Ain;500;Cogénération;1;Injection totale;"a-]0;36]";NON;2021-09-30;0;0.0;0;0.0;0;0.0
84;Auvergne-Rhône-Alpes;3;Allier;100;Photovoltaïque;2;Injection du surplus;"d-]250;...[";NON;2021-09-30;0;0.0;0;0.0;0;0.0
84;Auvergne-Rhône-Alpes;3;Allier;400;Bio énergie;1;Injection totale;"d-]250;...[";NON;2021-09-30;0;0.0;0;0.0;0;0.0
84;Auvergne-Rhône-Alpes;3;Allier;600;Autres;1;Injection totale;"b-]36;100]";NON;2021-09-30;0;0.0;0;0.0;0;0.0
84;Auvergne-Rhône-Alpes;7;Ardèche;100;Photovoltaïque;1;Injection totale;"b-]36;100]";NON;2021-09-30;62;5.56865;11;0.90969;23;2.08425
84;Auvergne-Rhône-Alpes;7;Ardèche;200;Eolien;1;Injection totale;"d-]250;...[";NON;2021-09-30;3;8.8;1;2.5;0;0.0
84;Auvergne-Rhône-Alpes;7;Ardèche;300;Hydraulique;1;Injection totale;"b-]36;100]";NON;2021-09-30;3;0.289;2;0.199;0;0.0
84;Auvergne-Rhône-Alpes;7;Ardèche;300;Hydraulique;2;Injection du surplus;"a-]0;36]";NON;2021-09-30;0;0.0;0;0.0;0;0.0
84;Auvergne-Rhône-Alpes;15;Cantal;100;Photovoltaïque;1;Injection totale;"b-]36;100]";NON;2021-09-30;227;21.11526;7;0.65968;21;1.94044
84;Auvergne-Rhône-Alpes;15;Cantal;200;Eolien;1;Injection totale;"d-]250;...[";NON;2021-09-30;3;30.4;0;0.0;0;0.0
84;Auvergne-Rhône-Alpes;15;Cantal;400;Bio énergie;1;Injection totale;"c-]100;250]";NON;2021-09-30;0;0.0;0;0.0;0;0.0
84;Auvergne-Rhône-Alpes;26;Drôme;100;Photovoltaïque;3;Autoconsommation sans injection;"a-]0;36]";NON;2021-09-30;0;0.0;29;0.08565;29;0.08565
84;Auvergne-Rhône-Alpes;26;Drôme;300;Hydraulique;1;Injection totale;"b-]36;100]";NON;2021-09-30;0;0.0;0;0.0;0;0.0
84;Auvergne-Rhône-Alpes;38;Isère;100;Photovoltaïque;2;Injection du surplus;"a-]0;36]";NON;2021-09-30;306;1.54517;325;1.55446;358;1.69543
84;Auvergne-Rhône-Alpes;38;Isère;100;Photovoltaïque;2;Injection du surplus;"b-]36;100]";OUI;2021-09-30;1;0.05;0;0.0;0;0.0
84;Auvergne-Rhône-Alpes;38;Isère;100;Photovoltaïque;2;Injection du surplus;"d-]250;...[";NON;2021-09-30;0;0.0;0;0.0;0;0.0
84;Auvergne-Rhône-Alpes;38;Isère;100;Photovoltaïque;3;Autoconsommation sans injection;"b-]36;100]";NON;2021-09-30;2;0.132;1;0.066;2;0.166
84;Auvergne-Rhône-Alpes;38;Isère;300;Hydraulique;3;Autoconsommation sans injection;"a-]0;36]";NON;2021-09-30;0;0.0;0;0.0;0;0.0
84;Auvergne-Rhône-Alpes;38;Isère;550;Stockage hors hydraulique;2;Injection du surplus;"d-]250;...[";OUI;2021-09-30;4;5.0;2;2.5;0;0.0
84;Auvergne-Rhône-Alpes;38;Isère;600;Autres;1;Injection totale;"c-]100;250]";NON;2021-09-30;1;0.22;0;0.0;0;0.0
84;Auvergne-Rhône-Alpes;38;Isère;600;Autres;2;Injection du surplus;"c-]100;250]";NON;2021-09-30;1;0.24;0;0.0;0;0.0
84;Auvergne-Rhône-Alpes;42;Loire;100;Photovoltaïque;1;Injection totale;"a-]0;36]";NON;2021-09-30;78;0.93578;13;0.1637;6;0.118
84;Auvergne-Rhône-Alpes;42;Loire;200;Eolien;1;Injection totale;"d-]250;...[";NON;2021-09-30;7;88.304;0;0.0;0;0.0
84;Auvergne-Rhône-Alpes;42;Loire;300;Hydraulique;1;Injection totale;"b-]36;100]";NON;2021-09-30;0;0.0;0;0.0;0;0.0
84;Auvergne-Rhône-Alpes;42;Loire;300;Hydraulique;1;Injection totale;"d-]250;...[";NON;2021-09-30;1;0.979;0;0.0;0;0.0
84;Auvergne-Rhône-Alpes;42;Loire;400;Bio énergie;1;Injection totale;"d-]250;...[";NON;2021-09-30;0;0.0;0;0.0;0;0.0
84;Auvergne-Rhône-Alpes;42;Loire;500;Cogénération;1;Injection totale;"d-]250;...[";NON;2021-09-30;0;0.0;0;0.0;0;0.0
84;Auvergne-Rhône-Alpes;43;Haute-Loire;100;Photovoltaïque;1;Injection totale;"a-]0;36]";NON;2021-09-30;27;0.60847;6;0.123;5;0.06
84;Auvergne-Rhône-Alpes;43;Haute-Loire;100;Photovoltaïque;1;Injection totale;"c-]100;250]";NON;2021-09-30;31;6.8339;4;0.8595;1;0.198
84;Auvergne-Rhône-Alpes;43;Haute-Loire;100;Photovoltaïque;2;Injection du surplus;"a-]0;36]";NON;2021-09-30;99;0.49544;105;0.47997;88;0.43881
84;Auvergne-Rhône-Alpes;43;Haute-Loire;100;Photovoltaïque;3;Autoconsommation sans injection;"b-]36;100]";NON;2021-09-30;1;0.04905;0;0.0;0;0.0
84;Auvergne-Rhône-Alpes;43;Haute-Loire;200;Eolien;1;Injection totale;"d-]250;...[";NON;2021-09-30;0;0.0;0;0.0;0;0.0
84;Auvergne-Rhône-Alpes;43;Haute-Loire;300;Hydraulique;1;Injection totale;"b-]36;100]";NON;2021-09-30;3;0.244;1;0.05;0;0.0
84;Auvergne-Rhône-Alpes;63;Puy-de-Dôme;600;Autres;1;Injection totale;"d-]250;...[";NON;2021-09-30;0;0.0;0;0.0;0;0.0
84;Auvergne-Rhône-Alpes;69;Rhône;100;Photovoltaïque;3;Autoconsommation sans injection;"d-]250;...[";NON;2021-09-30;1;0.462;0;0.0;3;1.399
84;Auvergne-Rhône-Alpes;69;Rhône;400;Bio énergie;1;Injection totale;"d-]250;...[";NON;2021-09-30;1;0.3;0;0.0;0;0.0
84;Auvergne-Rhône-Alpes;73;Savoie;100;Photovoltaïque;1;Injection totale;"a-]0;36]";NON;2021-09-30;33;0.49843;2;0.06156;2;0.0358
84;Auvergne-Rhône-Alpes;74;Haute-Savoie;100;Photovoltaïque;3;Autoconsommation sans injection;"b-]36;100]";NON;2021-09-30;3;0.18976;0;0.0;1;0.08
84;Auvergne-Rhône-Alpes;74;Haute-Savoie;100;Photovoltaïque;3;Autoconsommation sans injection;"c-]100;250]";NON;2021-09-30;1;0.132;0;0.0;0;0.0
84;Auvergne-Rhône-Alpes;74;Haute-Savoie;100;Photovoltaïque;3;Autoconsommation sans injection;"d-]250;...[";NON;2021-09-30;1;0.33;0;0.0;0;0.0
84;Auvergne-Rhône-Alpes;74;Haute-Savoie;300;Hydraulique;1;Injection totale;"b-]36;100]";NON;2021-09-30;0;0.0;0;0.0;0;0.0
84;Auvergne-Rhône-Alpes;74;Haute-Savoie;500;Cogénération;1;Injection totale;"a-]0;36]";NON;2021-09-30;0;0.0;0;0.0;0;0.0
84;Auvergne-Rhône-Alpes;38;Isère;100;Photovoltaïque;3;Autoconsommation sans injection;"c-]100;250]";OUI;2020-09-30;0;0.0;0;0.0;0;0.0
84;Auvergne-Rhône-Alpes;15;Cantal;100;Photovoltaïque;2;Injection du surplus;"a-]0;36]";OUI;2020-09-30;0;0.0;0;0.0;0;0.0
84;Auvergne-Rhône-Alpes;15;Cantal;100;Photovoltaïque;1;Injection totale;"b-]36;100]";NON;2020-09-30;256;23.6763;35;3.18671;26;2.44025
84;Auvergne-Rhône-Alpes;7;Ardèche;100;Photovoltaïque;1;Injection totale;"a-]0;36]";NON;2020-09-30;48;0.7312;9;0.127;9;0.1162
84;Auvergne-Rhône-Alpes;74;Haute-Savoie;100;Photovoltaïque;2;Injection du surplus;"b-]36;100]";NON;2020-09-30;3;0.202;2;0.142;0;0.0
84;Auvergne-Rhône-Alpes;73;Savoie;100;Photovoltaïque;2;Injection du surplus;"a-]0;36]";OUI;2020-09-30;7;0.0356;6;0.0261;2;0.0066
84;Auvergne-Rhône-Alpes;42;Loire;100;Photovoltaïque;2;Injection du surplus;"d-]250;...[";NON;2020-09-30;0;0.0;0;0.0;0;0.0
84;Auvergne-Rhône-Alpes;69;Rhône;100;Photovoltaïque;2;Injection du surplus;"b-]36;100]";NON;2020-09-30;10;0.6662;2;0.11;0;0.0
84;Auvergne-Rhône-Alpes;73;Savoie;100;Photovoltaïque;3;Autoconsommation sans injection;"a-]0;36]";NON;2020-09-30;2;0.015;8;0.02729;8;0.02729
84;Auvergne-Rhône-Alpes;3;Allier;100;Photovoltaïque;2;Injection du surplus;"b-]36;100]";NON;2020-09-30;0;0.0;0;0.0;0;0.0
84;Auvergne-Rhône-Alpes;3;Allier;100;Photovoltaïque;3;Autoconsommation sans injection;"c-]100;250]";NON;2020-09-30;0;0.0;0;0.0;0;0.0
84;Auvergne-Rhône-Alpes;7;Ardèche;100;Photovoltaïque;1;Injection totale;"d-]250;...[";NON;2020-09-30;10;33.649;1;0.88;2;6.945
84;Auvergne-Rhône-Alpes;7;Ardèche;100;Photovoltaïque;2;Injection du surplus;"a-]0;36]";OUI;2020-09-30;2;0.0096;1;0.003;2;0.009
84;Auvergne-Rhône-Alpes;15;Cantal;100;Photovoltaïque;1;Injection totale;"a-]0;36]";NON;2020-09-30;19;0.5735;0;0.0;1;0.008
84;Auvergne-Rhône-Alpes;38;Isère;100;Photovoltaïque;2;Injection du surplus;"a-]0;36]";NON;2020-09-30;368;1.64771;277;1.20381;177;0.77892
84;Auvergne-Rhône-Alpes;38;Isère;100;Photovoltaïque;3;Autoconsommation sans injection;"c-]100;250]";NON;2020-09-30;3;0.586;0;0.0;0;0.0
84;Auvergne-Rhône-Alpes;42;Loire;100;Photovoltaïque;1;Injection totale;"d-]250;...[";NON;2020-09-30;5;13.73;0;0.0;1;2.552
84;Auvergne-Rhône-Alpes;43;Haute-Loire;100;Photovoltaïque;3;Autoconsommation sans injection;"a-]0;36]";OUI;2020-09-30;0;0.0;0;0.0;0;0.0
84;Auvergne-Rhône-Alpes;63;Puy-de-Dôme;100;Photovoltaïque;3;Autoconsommation sans injection;"d-]250;...[";NON;2020-09-30;0;0.0;0;0.0;0;0.0
84;Auvergne-Rhône-Alpes;74;Haute-Savoie;100;Photovoltaïque;2;Injection du surplus;"c-]100;250]";NON;2020-09-30;1;0.24;1;0.24;0;0.0
84;Auvergne-Rhône-Alpes;15;Cantal;200;Eolien;1;Injection totale;"a-]0;36]";NON;2020-09-30;0;0.0;0;0.0;0;0.0
84;Auvergne-Rhône-Alpes;63;Puy-de-Dôme;200;Eolien;1;Injection totale;"d-]250;...[";NON;2020-09-30;4;54.0;1;12.0;1;12.0
84;Auvergne-Rhône-Alpes;38;Isère;300;Hydraulique;2;Injection du surplus;"a-]0;36]";NON;2020-09-30;0;0.0;0;0.0;0;0.0
84;Auvergne-Rhône-Alpes;1;Ain;300;Hydraulique;1;Injection totale;"b-]36;100]";NON;2020-09-30;1;0.09;1;0.09;0;0.0
84;Auvergne-Rhône-Alpes;42;Loire;300;Hydraulique;2;Injection du surplus;"d-]250;...[";NON;2020-09-30;1;0.824;0;0.0;0;0.0
84;Auvergne-Rhône-Alpes;15;Cantal;300;Hydraulique;1;Injection totale;"a-]0;36]";NON;2020-09-30;0;0.0;0;0.0;0;0.0
84;Auvergne-Rhône-Alpes;3;Allier;300;Hydraulique;1;Injection totale;"c-]100;250]";NON;2020-09-30;0;0.0;0;0.0;0;0.0
84;Auvergne-Rhône-Alpes;7;Ardèche;300;Hydraulique;1;Injection totale;"c-]100;250]";NON;2020-09-30;2;0.34;1;0.11;0;0.0
84;Auvergne-Rhône-Alpes;74;Haute-Savoie;300;Hydraulique;2;Injection du surplus;"d-]250;...[";NON;2020-09-30;0;0.0;0;0.0;0;0.0
84;Auvergne-Rhône-Alpes;15;Cantal;400;Bio énergie;2;Injection du surplus;"c-]100;250]";NON;2020-09-30;0;0.0;0;0.0;0;0.0
84;Auvergne-Rhône-Alpes;43;Haute-Loire;400;Bio énergie;2;Injection du surplus;"d-]250;...[";NON;2020-09-30;0;0.0;0;0.0;0;0.0
84;Auvergne-Rhône-Alpes;42;Loire;400;Bio énergie;2;Injection du surplus;"b-]36;100]";NON;2020-09-30;0;0.0;0;0.0;1;0.08
84;Auvergne-Rhône-Alpes;63;Puy-de-Dôme;400;Bio énergie;1;Injection totale;"a-]0;36]";NON;2020-09-30;0;0.0;0;0.0;0;0.0
84;Auvergne-Rhône-Alpes;73;Savoie;400;Bio énergie;1;Injection totale;"c-]100;250]";NON;2020-09-30;0;0.0;0;0.0;0;0.0
84;Auvergne-Rhône-Alpes;74;Haute-Savoie;400;Bio énergie;1;Injection totale;"d-]250;...[";NON;2020-09-30;0;0.0;0;0.0;0;0.0
84;Auvergne-Rhône-Alpes;74;Haute-Savoie;500;Cogénération;1;Injection totale;"a-]0;36]";NON;2020-09-30;0;0.0;0;0.0;0;0.0
84;Auvergne-Rhône-Alpes;26;Drôme;500;Cogénération;1;Injection totale;"c-]100;250]";NON;2020-09-30;0;0.0;0;0.0;0;0.0
84;Auvergne-Rhône-Alpes;26;Drôme;500;Cogénération;1;Injection totale;"d-]250;...[";NON;2020-09-30;0;0.0;0;0.0;3;2.97
84;Auvergne-Rhône-Alpes;15;Cantal;500;Cogénération;2;Injection du surplus;"a-]0;36]";NON;2020-09-30;0;0.0;0;0.0;0;0.0
84;Auvergne-Rhône-Alpes;26;Drôme;600;Autres;1;Injection totale;"c-]100;250]";NON;2020-09-30;0;0.0;0;0.0;0;0.0
84;Auvergne-Rhône-Alpes;38;Isère;600;Autres;1;Injection totale;"b-]36;100]";NON;2020-09-30;0;0.0;0;0.0;0;0.0
84;Auvergne-Rhône-Alpes;26;Drôme;600;Autres;1;Injection totale;"d-]250;...[";NON;2020-09-30;0;0.0;0;0.0;0;0.0
84;Auvergne-Rhône-Alpes;3;Allier;600;Autres;1;Injection totale;"c-]100;250]";NON;2020-09-30;0;0.0;0;0.0;0;0.0
84;Auvergne-Rhône-Alpes;3;Allier;600;Autres;1;Injection totale;"b-]36;100]";NON;2020-09-30;0;0.0;0;0.0;0;0.0
84;Auvergne-Rhône-Alpes;15;Cantal;600;Autres;1;Injection totale;"b-]36;100]";NON;2020-09-30;0;0.0;0;0.0;0;0.0
84;Auvergne-Rhône-Alpes;38;Isère;600;Autres;1;Injection totale;"c-]100;250]";NON;2020-09-30;1;0.22;0;0.0;0;0.0
84;Auvergne-Rhône-Alpes;42;Loire;600;Autres;2;Injection du surplus;"a-]0;36]";NON;2020-09-30;0;0.0;0;0.0;0;0.0
84;Auvergne-Rhône-Alpes;1;Ain;100;Photovoltaïque;2;Injection du surplus;"b-]36;100]";NON;2020-12-31;11;0.6543;0;0.0;0;0.0
84;Auvergne-Rhône-Alpes;1;Ain;100;Photovoltaïque;3;Autoconsommation sans injection;"d-]250;...[";NON;2020-12-31;1;0.498;1;0.498;0;0.0
84;Auvergne-Rhône-Alpes;1;Ain;500;Cogénération;1;Injection totale;"a-]0;36]";NON;2020-12-31;0;0.0;0;0.0;0;0.0
84;Auvergne-Rhône-Alpes;3;Allier;100;Photovoltaïque;3;Autoconsommation sans injection;"d-]250;...[";NON;2020-12-31;1;1.23;0;0.0;0;0.0
84;Auvergne-Rhône-Alpes;3;Allier;200;Eolien;3;Autoconsommation sans injection;"a-]0;36]";NON;2020-12-31;0;0.0;0;0.0;0;0.0
84;Auvergne-Rhône-Alpes;3;Allier;300;Hydraulique;2;Injection du surplus;"a-]0;36]";NON;2020-12-31;0;0.0;0;0.0;0;0.0
84;Auvergne-Rhône-Alpes;7;Ardèche;100;Photovoltaïque;1;Injection totale;"d-]250;...[";NON;2020-12-31;9;32.169;0;0.0;1;1.48
84;Auvergne-Rhône-Alpes;7;Ardèche;100;Photovoltaïque;2;Injection du surplus;"d-]250;...[";NON;2020-12-31;0;0.0;0;0.0;0;0.0
84;Auvergne-Rhône-Alpes;7;Ardèche;200;Eolien;1;Injection totale;"a-]0;36]";NON;2020-12-31;0;0.0;0;0.0;0;0.0
84;Auvergne-Rhône-Alpes;7;Ardèche;200;Eolien;1;Injection totale;"d-]250;...[";NON;2020-12-31;2;6.3;0;0.0;0;0.0
84;Auvergne-Rhône-Alpes;7;Ardèche;300;Hydraulique;1;Injection totale;"b-]36;100]";NON;2020-12-31;1;0.09;0;0.0;0;0.0
84;Auvergne-Rhône-Alpes;7;Ardèche;300;Hydraulique;2;Injection du surplus;"a-]0;36]";NON;2020-12-31;0;0.0;0;0.0;0;0.0
84;Auvergne-Rhône-Alpes;7;Ardèche;600;Autres;1;Injection totale;"b-]36;100]";NON;2020-12-31;0;0.0;0;0.0;0;0.0
84;Auvergne-Rhône-Alpes;7;Ardèche;600;Autres;1;Injection totale;"d-]250;...[";NON;2020-12-31;0;0.0;0;0.0;0;0.0
84;Auvergne-Rhône-Alpes;15;Cantal;100;Photovoltaïque;1;Injection totale;"a-]0;36]";NON;2020-12-31;15;0.4567;1;0.033;3;0.0898
84;Auvergne-Rhône-Alpes;15;Cantal;300;Hydraulique;1;Injection totale;"b-]36;100]";NON;2020-12-31;1;0.06539;0;0.0;0;0.0
84;Auvergne-Rhône-Alpes;15;Cantal;500;Cogénération;3;Autoconsommation sans injection;"a-]0;36]";NON;2020-12-31;0;0.0;0;0.0;0;0.0
84;Auvergne-Rhône-Alpes;15;Cantal;550;Stockage hors hydraulique;2;Injection du surplus;"d-]250;...[";OUI;2020-12-31;3;3.75;0;0.0;0;0.0
84;Auvergne-Rhône-Alpes;26;Drôme;100;Photovoltaïque;2;Injection du surplus;"a-]0;36]";OUI;2020-12-31;3;0.00976;1;0.003;5;0.0195
84;Auvergne-Rhône-Alpes;26;Drôme;100;Photovoltaïque;3;Autoconsommation sans injection;"a-]0;36]";OUI;2020-12-31;0;0.0;1;0.0048;1;0.0048
84;Auvergne-Rhône-Alpes;26;Drôme;300;Hydraulique;1;Injection totale;"c-]100;250]";NON;2020-12-31;1;0.13;0;0.0;0;0.0
84;Auvergne-Rhône-Alpes;26;Drôme;500;Cogénération;1;Injection totale;"d-]250;...[";NON;2020-12-31;0;0.0;0;0.0;0;0.0
84;Auvergne-Rhône-Alpes;26;Drôme;600;Autres;2;Injection du surplus;"d-]250;...[";NON;2020-12-31;0;0.0;0;0.0;0;0.0
84;Auvergne-Rhône-Alpes;38;Isère;100;Photovoltaïque;2;Injection du surplus;"a-]0;36]";OUI;2020-12-31;11;0.0619;2;0.028;6;0.02707
84;Auvergne-Rhône-Alpes;38;Isère;500;Cogénération;2;Injection du surplus;"d-]250;...[";NON;2020-12-31;0;0.0;0;0.0;0;0.0
84;Auvergne-Rhône-Alpes;38;Isère;600;Autres;2;Injection du surplus;"a-]0;36]";NON;2020-12-31;0;0.0;0;0.0;0;0.0
84;Auvergne-Rhône-Alpes;42;Loire;100;Photovoltaïque;1;Injection totale;"a-]0;36]";NON;2020-12-31;28;0.5694;8;0.1264;9;0.15267
84;Auvergne-Rhône-Alpes;42;Loire;100;Photovoltaïque;2;Injection du surplus;"a-]0;36]";NON;2020-12-31;173;0.80532;151;0.6502;159;0.65581
84;Auvergne-Rhône-Alpes;42;Loire;100;Photovoltaïque;2;Injection du surplus;"b-]36;100]";NON;2020-12-31;4;0.242;0;0.0;1;0.1
84;Auvergne-Rhône-Alpes;42;Loire;100;Photovoltaïque;2;Injection du surplus;"d-]250;...[";NON;2020-12-31;0;0.0;0;0.0;0;0.0
84;Auvergne-Rhône-Alpes;42;Loire;100;Photovoltaïque;3;Autoconsommation sans injection;"c-]100;250]";NON;2020-12-31;3;0.692;2;0.462;0;0.0
84;Auvergne-Rhône-Alpes;42;Loire;300;Hydraulique;2;Injection du surplus;"a-]0;36]";NON;2020-12-31;0;0.0;0;0.0;0;0.0
84;Auvergne-Rhône-Alpes;42;Loire;400;Bio énergie;1;Injection totale;"b-]36;100]";NON;2020-12-31;1;0.097;0;0.0;0;0.0
84;Auvergne-Rhône-Alpes;42;Loire;400;Bio énergie;2;Injection du surplus;"c-]100;250]";NON;2020-12-31;0;0.0;0;0.0;0;0.0
84;Auvergne-Rhône-Alpes;42;Loire;500;Cogénération;1;Injection totale;"c-]100;250]";NON;2020-12-31;0;0.0;0;0.0;0;0.0
84;Auvergne-Rhône-Alpes;42;Loire;600;Autres;1;Injection totale;"c-]100;250]";NON;2020-12-31;0;0.0;0;0.0;0;0.0
84;Auvergne-Rhône-Alpes;43;Haute-Loire;100;Photovoltaïque;2;Injection du surplus;"a-]0;36]";OUI;2020-12-31;2;0.006;1;0.003;0;0.0
84;Auvergne-Rhône-Alpes;43;Haute-Loire;100;Photovoltaïque;3;Autoconsommation sans injection;"c-]100;250]";NON;2020-12-31;1;0.238;0;0.0;1;0.2
84;Auvergne-Rhône-Alpes;43;Haute-Loire;200;Eolien;2;Injection du surplus;"a-]0;36]";NON;2020-12-31;0;0.0;0;0.0;0;0.0
84;Auvergne-Rhône-Alpes;43;Haute-Loire;300;Hydraulique;1;Injection totale;"c-]100;250]";NON;2020-12-31;1;0.132;1;0.132;1;0.21
84;Auvergne-Rhône-Alpes;63;Puy-de-Dôme;100;Photovoltaïque;1;Injection totale;"d-]250;...[";NON;2020-12-31;8;26.895;0;0.0;2;2.596
84;Auvergne-Rhône-Alpes;63;Puy-de-Dôme;100;Photovoltaïque;3;Autoconsommation sans injection;"d-]250;...[";NON;2020-12-31;0;0.0;0;0.0;0;0.0
84;Auvergne-Rhône-Alpes;63;Puy-de-Dôme;300;Hydraulique;1;Injection totale;"d-]250;...[";NON;2020-12-31;0;0.0;0;0.0;0;0.0
84;Auvergne-Rhône-Alpes;69;Rhône;100;Photovoltaïque;3;Autoconsommation sans injection;"a-]0;36]";NON;2020-12-31;4;0.0868;45;0.10623;45;0.10623
84;Auvergne-Rhône-Alpes;69;Rhône;500;Cogénération;1;Injection totale;"d-]250;...[";NON;2020-12-31;0;0.0;0;0.0;0;0.0
84;Auvergne-Rhône-Alpes;69;Rhône;500;Cogénération;3;Autoconsommation sans injection;"a-]0;36]";NON;2020-12-31;0;0.0;0;0.0;0;0.0
84;Auvergne-Rhône-Alpes;69;Rhône;500;Cogénération;3;Autoconsommation sans injection;"d-]250;...[";NON;2020-12-31;0;0.0;0;0.0;0;0.0
84;Auvergne-Rhône-Alpes;73;Savoie;100;Photovoltaïque;1;Injection totale;"d-]250;...[";NON;2020-12-31;0;0.0;0;0.0;1;4.176
84;Auvergne-Rhône-Alpes;74;Haute-Savoie;100;Photovoltaïque;2;Injection du surplus;"a-]0;36]";OUI;2020-12-31;14;0.0572;6;0.023;6;0.0298
84;Auvergne-Rhône-Alpes;74;Haute-Savoie;100;Photovoltaïque;3;Autoconsommation sans injection;"d-]250;...[";NON;2020-12-31;1;0.33;0;0.0;0;0.0
84;Auvergne-Rhône-Alpes;74;Haute-Savoie;200;Eolien;2;Injection du surplus;"a-]0;36]";NON;2020-12-31;0;0.0;0;0.0;0;0.0
84;Auvergne-Rhône-Alpes;74;Haute-Savoie;300;Hydraulique;1;Injection totale;"c-]100;250]";NON;2020-12-31;0;0.0;0;0.0;0;0.0
84;Auvergne-Rhône-Alpes;74;Haute-Savoie;400;Bio énergie;1;Injection totale;"c-]100;250]";NON;2020-12-31;1;0.231;0;0.0;0;0.0
84;Auvergne-Rhône-Alpes;74;Haute-Savoie;500;Cogénération;1;Injection totale;"a-]0;36]";NON;2020-12-31;0;0.0;0;0.0;0;0.0
84;Auvergne-Rhône-Alpes;69;Rhône;100;Photovoltaïque;1;Injection totale;"b-]36;100]";NON;2020-06-30;53;4.65638;6;0.5302;4;0.3108
84;Auvergne-Rhône-Alpes;43;Haute-Loire;100;Photovoltaïque;1;Injection totale;"b-]36;100]";NON;2020-06-30;87;7.80323;13;1.154;11;1.006
84;Auvergne-Rhône-Alpes;74;Haute-Savoie;100;Photovoltaïque;2;Injection du surplus;"a-]0;36]";OUI;2020-06-30;12;0.0492;;;;
84;Auvergne-Rhône-Alpes;43;Haute-Loire;100;Photovoltaïque;2;Injection du surplus;"d-]250;...[";NON;2020-06-30;0;0.0;0;0.0;1;0.414
84;Auvergne-Rhône-Alpes;63;Puy-de-Dôme;100;Photovoltaïque;1;Injection totale;"a-]0;36]";OUI;2020-06-30;;;;;;
84;Auvergne-Rhône-Alpes;38;Isère;100;Photovoltaïque;1;Injection totale;"d-]250;...[";NON;2020-06-30;15;57.27;3;10.04;1;0.43
84;Auvergne-Rhône-Alpes;3;Allier;100;Photovoltaïque;2;Injection du surplus;"a-]0;36]";OUI;2020-06-30;;;;;;
84;Auvergne-Rhône-Alpes;74;Haute-Savoie;100;Photovoltaïque;3;Autoconsommation sans injection;"b-]36;100]";NON;2020-06-30;2;0.12976;0;0.0;0;0.0
84;Auvergne-Rhône-Alpes;26;Drôme;100;Photovoltaïque;3;Autoconsommation sans injection;"a-]0;36]";OUI;2020-06-30;;;;;;
84;Auvergne-Rhône-Alpes;3;Allier;100;Photovoltaïque;1;Injection totale;"a-]0;36]";NON;2020-06-30;19;0.3587;;;;
84;Auvergne-Rhône-Alpes;1;Ain;100;Photovoltaïque;2;Injection du surplus;"a-]0;36]";NON;2020-06-30;113;0.66027;87;0.51597;84;0.45997
84;Auvergne-Rhône-Alpes;7;Ardèche;100;Photovoltaïque;3;Autoconsommation sans injection;"c-]100;250]";NON;2020-06-30;0;0.0;0;0.0;0;0.0
84;Auvergne-Rhône-Alpes;15;Cantal;100;Photovoltaïque;3;Autoconsommation sans injection;"a-]0;36]";NON;2020-06-30;;;;;;
84;Auvergne-Rhône-Alpes;26;Drôme;100;Photovoltaïque;2;Injection du surplus;"a-]0;36]";OUI;2020-06-30;;;;;;
84;Auvergne-Rhône-Alpes;43;Haute-Loire;100;Photovoltaïque;1;Injection totale;"a-]0;36]";NON;2020-06-30;19;0.4762;11;0.2892;;
84;Auvergne-Rhône-Alpes;69;Rhône;100;Photovoltaïque;1;Injection totale;"d-]250;...[";NON;2020-06-30;7;15.055;1;0.36;2;2.48
84;Auvergne-Rhône-Alpes;74;Haute-Savoie;100;Photovoltaïque;3;Autoconsommation sans injection;"a-]0;36]";OUI;2020-06-30;;;;;;
84;Auvergne-Rhône-Alpes;26;Drôme;200;Eolien;1;Injection totale;"d-]250;...[";NON;2020-06-30;1;11.5;0;0.0;0;0.0
84;Auvergne-Rhône-Alpes;42;Loire;200;Eolien;2;Injection du surplus;"a-]0;36]";NON;2020-06-30;;;;;;
84;Auvergne-Rhône-Alpes;3;Allier;200;Eolien;1;Injection totale;"d-]250;...[";NON;2020-06-30;2;17.4;0;0.0;0;0.0
84;Auvergne-Rhône-Alpes;1;Ain;300;Hydraulique;1;Injection totale;"d-]250;...[";NON;2020-06-30;0;0.0;0;0.0;0;0.0
84;Auvergne-Rhône-Alpes;74;Haute-Savoie;300;Hydraulique;3;Autoconsommation sans injection;"d-]250;...[";NON;2020-06-30;0;0.0;0;0.0;0;0.0
84;Auvergne-Rhône-Alpes;38;Isère;300;Hydraulique;1;Injection totale;"d-]250;...[";NON;2020-06-30;4;15.595;1;1.0;1;3.04
84;Auvergne-Rhône-Alpes;3;Allier;300;Hydraulique;1;Injection totale;"d-]250;...[";NON;2020-06-30;1;0.36;0;0.0;0;0.0
84;Auvergne-Rhône-Alpes;7;Ardèche;300;Hydraulique;1;Injection totale;"a-]0;36]";NON;2020-06-30;;;;;;
84;Auvergne-Rhône-Alpes;43;Haute-Loire;300;Hydraulique;1;Injection totale;"b-]36;100]";NON;2020-06-30;2;0.199;0;0.0;0;0.0
84;Auvergne-Rhône-Alpes;63;Puy-de-Dôme;300;Hydraulique;1;Injection totale;"c-]100;250]";NON;2020-06-30;0;0.0;0;0.0;0;0.0
84;Auvergne-Rhône-Alpes;74;Haute-Savoie;300;Hydraulique;2;Injection du surplus;"c-]100;250]";NON;2020-06-30;0;0.0;0;0.0;0;0.0
84;Auvergne-Rhône-Alpes;42;Loire;400;Bio énergie;1;Injection totale;"a-]0;36]";NON;2020-06-30;;;;;;
84;Auvergne-Rhône-Alpes;26;Drôme;400;Bio énergie;1;Injection totale;"d-]250;...[";NON;2020-06-30;0;0.0;0;0.0;0;0.0
84;Auvergne-Rhône-Alpes;63;Puy-de-Dôme;400;Bio énergie;1;Injection totale;"b-]36;100]";NON;2020-06-30;0;0.0;0;0.0;0;0.0
84;Auvergne-Rhône-Alpes;69;Rhône;400;Bio énergie;1;Injection totale;"c-]100;250]";NON;2020-06-30;0;0.0;0;0.0;0;0.0
84;Auvergne-Rhône-Alpes;3;Allier;400;Bio énergie;1;Injection totale;"d-]250;...[";NON;2020-06-30;0;0.0;0;0.0;0;0.0
84;Auvergne-Rhône-Alpes;74;Haute-Savoie;400;Bio énergie;1;Injection totale;"a-]0;36]";NON;2020-06-30;;;;;;
84;Auvergne-Rhône-Alpes;26;Drôme;500;Cogénération;1;Injection totale;"d-]250;...[";NON;2020-06-30;3;2.97;0;0.0;0;0.0
84;Auvergne-Rhône-Alpes;74;Haute-Savoie;500;Cogénération;1;Injection totale;"d-]250;...[";NON;2020-06-30;0;0.0;0;0.0;0;0.0
84;Auvergne-Rhône-Alpes;69;Rhône;500;Cogénération;3;Autoconsommation sans injection;"d-]250;...[";NON;2020-06-30;0;0.0;0;0.0;0;0.0
84;Auvergne-Rhône-Alpes;38;Isère;500;Cogénération;3;Autoconsommation sans injection;"c-]100;250]";NON;2020-06-30;0;0.0;0;0.0;0;0.0
84;Auvergne-Rhône-Alpes;74;Haute-Savoie;500;Cogénération;1;Injection totale;"a-]0;36]";NON;2020-06-30;;;;;;
84;Auvergne-Rhône-Alpes;1;Ain;550;Stockage hors hydraulique;1;Injection totale;"d-]250;...[";OUI;2020-06-30;0;0.0;0;0.0;0;0.0
84;Auvergne-Rhône-Alpes;7;Ardèche;550;Stockage hors hydraulique;1;Injection totale;"d-]250;...[";OUI;2020-06-30;0;0.0;0;0.0;0;0.0
84;Auvergne-Rhône-Alpes;1;Ain;600;Autres;1;Injection totale;"d-]250;...[";OUI;2020-06-30;0;0.0;0;0.0;0;0.0
84;Auvergne-Rhône-Alpes;26;Drôme;600;Autres;1;Injection totale;"c-]100;250]";NON;2020-06-30;0;0.0;0;0.0;0;0.0
84;Auvergne-Rhône-Alpes;15;Cantal;600;Autres;2;Injection du surplus;"a-]0;36]";NON;2020-06-30;;;;;;
84;Auvergne-Rhône-Alpes;38;Isère;600;Autres;1;Injection totale;"a-]0;36]";NON;2020-06-30;;;;;;
84;Auvergne-Rhône-Alpes;26;Drôme;600;Autres;2;Injection du surplus;"d-]250;...[";NON;2020-06-30;0;0.0;0;0.0;0;0.0
84;Auvergne-Rhône-Alpes;73;Savoie;600;Autres;1;Injection totale;"d-]250;...[";NON;2020-06-30;0;0.0;0;0.0;0;0.0
84;Auvergne-Rhône-Alpes;3;Allier;600;Autres;1;Injection totale;"c-]100;250]";NON;2020-06-30;0;0.0;0;0.0;0;0.0
84;Auvergne-Rhône-Alpes;26;Drôme;600;Autres;1;Injection totale;"b-]36;100]";NON;2020-06-30;0;0.0;0;0.0;0;0.0
84;Auvergne-Rhône-Alpes;26;Drôme;600;Autres;1;Injection totale;"d-]250;...[";NON;2020-06-30;0;0.0;0;0.0;0;0.0
84;Auvergne-Rhône-Alpes;38;Isère;600;Autres;1;Injection totale;"d-]250;...[";NON;2020-06-30;0;0.0;0;0.0;0;0.0
84;Auvergne-Rhône-Alpes;63;Puy-de-Dôme;600;Autres;2;Injection du surplus;"a-]0;36]";NON;2020-06-30;;;;;;
84;Auvergne-Rhône-Alpes;1;Ain;100;Photovoltaïque;1;Injection totale;"b-]36;100]";NON;2021-03-31;51;4.66762;10;0.9058;10;0.91517
84;Auvergne-Rhône-Alpes;1;Ain;100;Photovoltaïque;2;Injection du surplus;"b-]36;100]";NON;2021-03-31;10;0.7107;2;0.184;3;0.1276
84;Auvergne-Rhône-Alpes;1;Ain;200;Eolien;2;Injection du surplus;"a-]0;36]";NON;2021-03-31;0;0.0;0;0.0;0;0.0
84;Auvergne-Rhône-Alpes;1;Ain;300;Hydraulique;2;Injection du surplus;"a-]0;36]";NON;2021-03-31;1;0.006;0;0.0;0;0.0
84;Auvergne-Rhône-Alpes;3;Allier;100;Photovoltaïque;2;Injection du surplus;"a-]0;36]";NON;2021-03-31;95;0.37789;121;0.47089;85;0.33734
84;Auvergne-Rhône-Alpes;3;Allier;100;Photovoltaïque;2;Injection du surplus;"d-]250;...[";NON;2021-03-31;0;0.0;0;0.0;0;0.0
84;Auvergne-Rhône-Alpes;3;Allier;100;Photovoltaïque;3;Autoconsommation sans injection;"c-]100;250]";NON;2021-03-31;0;0.0;0;0.0;0;0.0
84;Auvergne-Rhône-Alpes;3;Allier;200;Eolien;1;Injection totale;"a-]0;36]";NON;2021-03-31;0;0.0;0;0.0;0;0.0
84;Auvergne-Rhône-Alpes;3;Allier;400;Bio énergie;1;Injection totale;"a-]0;36]";NON;2021-03-31;0;0.0;0;0.0;0;0.0
84;Auvergne-Rhône-Alpes;3;Allier;600;Autres;1;Injection totale;"b-]36;100]";NON;2021-03-31;0;0.0;0;0.0;0;0.0
84;Auvergne-Rhône-Alpes;7;Ardèche;100;Photovoltaïque;1;Injection totale;"c-]100;250]";NON;2021-03-31;10;2.3201;1;0.233;3;0.67
84;Auvergne-Rhône-Alpes;7;Ardèche;100;Photovoltaïque;2;Injection du surplus;"a-]0;36]";NON;2021-03-31;111;0.57733;106;0.4881;96;0.42479
84;Auvergne-Rhône-Alpes;7;Ardèche;300;Hydraulique;1;Injection totale;"b-]36;100]";NON;2021-03-31;1;0.09;0;0.0;0;0.0
84;Auvergne-Rhône-Alpes;7;Ardèche;600;Autres;1;Injection totale;"b-]36;100]";NON;2021-03-31;0;0.0;0;0.0;0;0.0
84;Auvergne-Rhône-Alpes;15;Cantal;100;Photovoltaïque;1;Injection totale;"a-]0;36]";NON;2021-03-31;15;0.4239;2;0.0119;2;0.0447
84;Auvergne-Rhône-Alpes;15;Cantal;200;Eolien;1;Injection totale;"a-]0;36]";NON;2021-03-31;0;0.0;0;0.0;0;0.0
84;Auvergne-Rhône-Alpes;15;Cantal;550;Stockage hors hydraulique;2;Injection du surplus;"d-]250;...[";OUI;2021-03-31;4;5.0;1;1.25;0;0.0
84;Auvergne-Rhône-Alpes;26;Drôme;100;Photovoltaïque;1;Injection totale;"d-]250;...[";OUI;2021-03-31;0;0.0;0;0.0;0;0.0
84;Auvergne-Rhône-Alpes;26;Drôme;100;Photovoltaïque;2;Injection du surplus;"b-]36;100]";NON;2021-03-31;8;0.57607;3;0.22105;3;0.2352
84;Auvergne-Rhône-Alpes;26;Drôme;200;Eolien;1;Injection totale;"a-]0;36]";NON;2021-03-31;0;0.0;0;0.0;0;0.0
84;Auvergne-Rhône-Alpes;26;Drôme;200;Eolien;2;Injection du surplus;"a-]0;36]";NON;2021-03-31;0;0.0;0;0.0;0;0.0
84;Auvergne-Rhône-Alpes;26;Drôme;500;Cogénération;3;Autoconsommation sans injection;"d-]250;...[";NON;2021-03-31;0;0.0;0;0.0;0;0.0
84;Auvergne-Rhône-Alpes;38;Isère;200;Eolien;1;Injection totale;"d-]250;...[";NON;2021-03-31;3;32.6;0;0.0;0;0.0
84;Auvergne-Rhône-Alpes;38;Isère;300;Hydraulique;2;Injection du surplus;"d-]250;...[";NON;2021-03-31;0;0.0;0;0.0;0;0.0
84;Auvergne-Rhône-Alpes;38;Isère;300;Hydraulique;3;Autoconsommation sans injection;"a-]0;36]";NON;2021-03-31;0;0.0;1;0.02;1;0.02
84;Auvergne-Rhône-Alpes;38;Isère;400;Bio énergie;1;Injection totale;"b-]36;100]";NON;2021-03-31;0;0.0;0;0.0;0;0.0
84;Auvergne-Rhône-Alpes;38;Isère;600;Autres;1;Injection totale;"b-]36;100]";NON;2021-03-31;0;0.0;0;0.0;0;0.0
84;Auvergne-Rhône-Alpes;42;Loire;100;Photovoltaïque;2;Injection du surplus;"a-]0;36]";OUI;2021-03-31;0;0.0;0;0.0;0;0.0
84;Auvergne-Rhône-Alpes;42;Loire;100;Photovoltaïque;2;Injection du surplus;"b-]36;100]";NON;2021-03-31;2;0.125;0;0.0;2;0.117
84;Auvergne-Rhône-Alpes;42;Loire;100;Photovoltaïque;2;Injection du surplus;"d-]250;...[";NON;2021-03-31;0;0.0;0;0.0;0;0.0
84;Auvergne-Rhône-Alpes;42;Loire;300;Hydraulique;1;Injection totale;"c-]100;250]";NON;2021-03-31;0;0.0;0;0.0;0;0.0
84;Auvergne-Rhône-Alpes;43;Haute-Loire;100;Photovoltaïque;2;Injection du surplus;"a-]0;36]";NON;2021-03-31;54;0.29439;59;0.26007;54;0.21682
84;Auvergne-Rhône-Alpes;43;Haute-Loire;100;Photovoltaïque;2;Injection du surplus;"a-]0;36]";OUI;2021-03-31;3;0.015;1;0.009;0;0.0
84;Auvergne-Rhône-Alpes;43;Haute-Loire;300;Hydraulique;1;Injection totale;"a-]0;36]";NON;2021-03-31;2;0.01;0;0.0;0;0.0
84;Auvergne-Rhône-Alpes;43;Haute-Loire;400;Bio énergie;2;Injection du surplus;"a-]0;36]";NON;2021-03-31;0;0.0;0;0.0;0;0.0
84;Auvergne-Rhône-Alpes;63;Puy-de-Dôme;200;Eolien;1;Injection totale;"a-]0;36]";NON;2021-03-31;0;0.0;0;0.0;0;0.0
84;Auvergne-Rhône-Alpes;63;Puy-de-Dôme;400;Bio énergie;2;Injection du surplus;"b-]36;100]";NON;2021-03-31;0;0.0;0;0.0;0;0.0
84;Auvergne-Rhône-Alpes;63;Puy-de-Dôme;500;Cogénération;1;Injection totale;"c-]100;250]";NON;2021-03-31;0;0.0;0;0.0;0;0.0
84;Auvergne-Rhône-Alpes;69;Rhône;100;Photovoltaïque;3;Autoconsommation sans injection;"a-]0;36]";NON;2021-03-31;1;0.033;12;0.05702;12;0.05702
84;Auvergne-Rhône-Alpes;69;Rhône;200;Eolien;1;Injection totale;"a-]0;36]";NON;2021-03-31;0;0.0;0;0.0;0;0.0
84;Auvergne-Rhône-Alpes;69;Rhône;200;Eolien;2;Injection du surplus;"a-]0;36]";NON;2021-03-31;0;0.0;0;0.0;0;0.0
84;Auvergne-Rhône-Alpes;69;Rhône;500;Cogénération;3;Autoconsommation sans injection;"a-]0;36]";NON;2021-03-31;0;0.0;0;0.0;0;0.0
84;Auvergne-Rhône-Alpes;69;Rhône;600;Autres;1;Injection totale;"d-]250;...[";NON;2021-03-31;0;0.0;0;0.0;0;0.0
84;Auvergne-Rhône-Alpes;73;Savoie;100;Photovoltaïque;2;Injection du surplus;"b-]36;100]";NON;2021-03-31;6;0.411;0;0.0;1;0.099
84;Auvergne-Rhône-Alpes;73;Savoie;300;Hydraulique;1;Injection totale;"a-]0;36]";NON;2021-03-31;2;0.054;0;0.0;2;0.0
84;Auvergne-Rhône-Alpes;73;Savoie;300;Hydraulique;1;Injection totale;"b-]36;100]";NON;2021-03-31;0;0.0;0;0.0;0;0.0
84;Auvergne-Rhône-Alpes;73;Savoie;400;Bio énergie;1;Injection totale;"b-]36;100]";NON;2021-03-31;1;0.064;0;0.0;0;0.0
84;Auvergne-Rhône-Alpes;74;Haute-Savoie;300;Hydraulique;1;Injection totale;"c-]100;250]";NON;2021-03-31;0;0.0;0;0.0;0;0.0
84;Auvergne-Rhône-Alpes;01;Ain;100;Photovoltaïque;2;Injection du surplus;"b-]36;100]";Non Dispo;2020-03-31;11;0.7043;4;0.2531;1;0.09954
84;Auvergne-Rhône-Alpes;01;Ain;200;Eolien;2;Injection du surplus;"a-]0;36]";Non Dispo;2020-03-31;0;0.0;0;0.0;0;0.0
84;Auvergne-Rhône-Alpes;01;Ain;300;Hydraulique;1;Injection totale;"a-]0;36]";Non Dispo;2020-03-31;0;0.0;0;0.0;0;0.0
84;Auvergne-Rhône-Alpes;01;Ain;300;Hydraulique;2;Injection du surplus;"b-]36;100]";Non Dispo;2020-03-31;0;0.0;0;0.0;0;0.0
84;Auvergne-Rhône-Alpes;01;Ain;400;Bio énergie;1;Injection totale;"d-]250;...[";Non Dispo;2020-03-31;1;0.499;0;0.0;0;0.0
84;Auvergne-Rhône-Alpes;01;Ain;600;Autres;1;Injection totale;"a-]0;36]";Non Dispo;2020-03-31;1;0.0;0;0.0;0;0.0
84;Auvergne-Rhône-Alpes;01;Ain;600;Autres;1;Injection totale;"d-]250;...[";Non Dispo;2020-03-31;0;0.0;0;0.0;0;0.0
84;Auvergne-Rhône-Alpes;03;Allier;100;Photovoltaïque;3;Autoconsommation sans injection;"c-]100;250]";Non Dispo;2020-03-31;0;0.0;0;0.0;0;0.0
84;Auvergne-Rhône-Alpes;03;Allier;400;Bio énergie;1;Injection totale;"d-]250;...[";Non Dispo;2020-03-31;0;0.0;0;0.0;0;0.0
84;Auvergne-Rhône-Alpes;15;Cantal;100;Photovoltaïque;1;Injection totale;"d-]250;...[";Non Dispo;2020-03-31;2;4.557;0;0.0;0;0.0
84;Auvergne-Rhône-Alpes;15;Cantal;500;Cogénération;3;Autoconsommation sans injection;"a-]0;36]";Non Dispo;2020-03-31;0;0.0;0;0.0;0;0.0
84;Auvergne-Rhône-Alpes;15;Cantal;600;Autres;1;Injection totale;"b-]36;100]";Non Dispo;2020-03-31;0;0.0;0;0.0;0;0.0
84;Auvergne-Rhône-Alpes;26;Drôme;100;Photovoltaïque;1;Injection totale;"d-]250;...[";Non Dispo;2020-03-31;22;51.562;0;0.0;4;5.085
84;Auvergne-Rhône-Alpes;26;Drôme;200;Eolien;1;Injection totale;"a-]0;36]";Non Dispo;2020-03-31;0;0.0;0;0.0;0;0.0
84;Auvergne-Rhône-Alpes;26;Drôme;500;Cogénération;1;Injection totale;"c-]100;250]";Non Dispo;2020-03-31;0;0.0;0;0.0;0;0.0
84;Auvergne-Rhône-Alpes;26;Drôme;600;Autres;1;Injection totale;"b-]36;100]";Non Dispo;2020-03-31;0;0.0;0;0.0;0;0.0
84;Auvergne-Rhône-Alpes;26;Drôme;600;Autres;2;Injection du surplus;"a-]0;36]";Non Dispo;2020-03-31;0;0.0;0;0.0;0;0.0
84;Auvergne-Rhône-Alpes;38;Isère;300;Hydraulique;1;Injection totale;"b-]36;100]";Non Dispo;2020-03-31;1;0.085;0;0.0;0;0.0
84;Auvergne-Rhône-Alpes;38;Isère;500;Cogénération;3;Autoconsommation sans injection;"c-]100;250]";Non Dispo;2020-03-31;0;0.0;0;0.0;0;0.0
84;Auvergne-Rhône-Alpes;42;Loire;300;Hydraulique;1;Injection totale;"b-]36;100]";Non Dispo;2020-03-31;1;0.05;0;0.0;0;0.0
84;Auvergne-Rhône-Alpes;42;Loire;600;Autres;2;Injection du surplus;"a-]0;36]";Non Dispo;2020-03-31;0;0.0;0;0.0;0;0.0
84;Auvergne-Rhône-Alpes;42;Loire;600;Autres;1;Injection totale;"a-]0;36]";Non Dispo;2020-03-31;0;0.0;0;0.0;0;0.0
84;Auvergne-Rhône-Alpes;43;Haute-Loire;100;Photovoltaïque;3;Autoconsommation sans injection;"a-]0;36]";Non Dispo;2020-03-31;0;0.0;2;0.00925;2;0.00925
84;Auvergne-Rhône-Alpes;43;Haute-Loire;100;Photovoltaïque;1;Injection totale;"d-]250;...[";Non Dispo;2020-03-31;3;14.428;0;0.0;0;0.0
84;Auvergne-Rhône-Alpes;43;Haute-Loire;100;Photovoltaïque;2;Injection du surplus;"a-]0;36]";Non Dispo;2020-03-31;44;0.1842;52;0.2123;44;0.2045
84;Auvergne-Rhône-Alpes;43;Haute-Loire;100;Photovoltaïque;3;Autoconsommation sans injection;"b-]36;100]";Non Dispo;2020-03-31;0;0.0;0;0.0;0;0.0
84;Auvergne-Rhône-Alpes;43;Haute-Loire;200;Eolien;2;Injection du surplus;"a-]0;36]";Non Dispo;2020-03-31;0;0.0;0;0.0;0;0.0
84;Auvergne-Rhône-Alpes;43;Haute-Loire;300;Hydraulique;1;Injection totale;"b-]36;100]";Non Dispo;2020-03-31;2;0.199;0;0.0;1;0.04
84;Auvergne-Rhône-Alpes;43;Haute-Loire;400;Bio énergie;2;Injection du surplus;"c-]100;250]";Non Dispo;2020-03-31;0;0.0;0;0.0;0;0.0
84;Auvergne-Rhône-Alpes;63;Puy-de-Dôme;100;Photovoltaïque;2;Injection du surplus;"c-]100;250]";Non Dispo;2020-03-31;0;0.0;0;0.0;0;0.0
84;Auvergne-Rhône-Alpes;63;Puy-de-Dôme;400;Bio énergie;1;Injection totale;"b-]36;100]";Non Dispo;2020-03-31;0;0.0;0;0.0;0;0.0
84;Auvergne-Rhône-Alpes;63;Puy-de-Dôme;500;Cogénération;1;Injection totale;"d-]250;...[";Non Dispo;2020-03-31;0;0.0;0;0.0;1;2.682
84;Auvergne-Rhône-Alpes;69;Rhône;100;Photovoltaïque;1;Injection totale;"d-]250;...[";Non Dispo;2020-03-31;8;17.175;2;8.125;2;1.575
84;Auvergne-Rhône-Alpes;69;Rhône;100;Photovoltaïque;1;Injection totale;"b-]36;100]";Non Dispo;2020-03-31;50;4.33898;12;1.02472;6;0.4646
84;Auvergne-Rhône-Alpes;69;Rhône;300;Hydraulique;1;Injection totale;"a-]0;36]";Non Dispo;2020-03-31;0;0.0;0;0.0;0;0.0
84;Auvergne-Rhône-Alpes;69;Rhône;600;Autres;3;Autoconsommation sans injection;"a-]0;36]";Non Dispo;2020-03-31;0;0.0;0;0.0;0;0.0
84;Auvergne-Rhône-Alpes;69;Rhône;600;Autres;1;Injection totale;"a-]0;36]";Non Dispo;2020-03-31;0;0.0;0;0.0;0;0.0
84;Auvergne-Rhône-Alpes;69;Rhône;600;Autres;2;Injection du surplus;"a-]0;36]";Non Dispo;2020-03-31;0;0.0;0;0.0;0;0.0
84;Auvergne-Rhône-Alpes;73;Savoie;300;Hydraulique;1;Injection totale;"d-]250;...[";Non Dispo;2020-03-31;9;18.397;2;3.999;0;0.0
84;Auvergne-Rhône-Alpes;73;Savoie;500;Cogénération;1;Injection totale;"a-]0;36]";Non Dispo;2020-03-31;0;0.0;0;0.0;0;0.0
84;Auvergne-Rhône-Alpes;74;Haute-Savoie;100;Photovoltaïque;2;Injection du surplus;"b-]36;100]";Non Dispo;2020-03-31;1;0.06;0;0.0;0;0.0
84;Auvergne-Rhône-Alpes;74;Haute-Savoie;100;Photovoltaïque;1;Injection totale;"d-]250;...[";Non Dispo;2020-03-31;3;2.5848;1;0.42;0;0.0
84;Auvergne-Rhône-Alpes;74;Haute-Savoie;300;Hydraulique;2;Injection du surplus;"d-]250;...[";Non Dispo;2020-03-31;0;0.0;0;0.0;0;0.0
84;Auvergne-Rhône-Alpes;74;Haute-Savoie;400;Bio énergie;2;Injection du surplus;"c-]100;250]";Non Dispo;2020-03-31;0;0.0;0;0.0;0;0.0
84;Auvergne-Rhône-Alpes;1;Ain;100;Photovoltaïque;3;Autoconsommation sans injection;"a-]0;36]";NON;2022-03-31;0;0.0;40;0.10649;40;0.10649
84;Auvergne-Rhône-Alpes;1;Ain;100;Photovoltaïque;3;Autoconsommation sans injection;"d-]250;...[";NON;2022-03-31;0;0.0;0;0.0;0;0.0
84;Auvergne-Rhône-Alpes;1;Ain;200;Eolien;3;Autoconsommation sans injection;"a-]0;36]";NON;2022-03-31;0;0.0;0;0.0;0;0.0
84;Auvergne-Rhône-Alpes;1;Ain;600;Autres;1;Injection totale;"a-]0;36]";NON;2022-03-31;0;0.0;0;0.0;0;0.0
84;Auvergne-Rhône-Alpes;3;Allier;100;Photovoltaïque;3;Autoconsommation sans injection;"a-]0;36]";NON;2022-03-31;2;0.033;22;0.03882;21;0.03882
84;Auvergne-Rhône-Alpes;3;Allier;400;Bio énergie;1;Injection totale;"c-]100;250]";NON;2022-03-31;1;0.11;0;0.0;0;0.0
84;Auvergne-Rhône-Alpes;3;Allier;600;Autres;1;Injection totale;"b-]36;100]";NON;2022-03-31;0;0.0;0;0.0;0;0.0
84;Auvergne-Rhône-Alpes;7;Ardèche;100;Photovoltaïque;1;Injection totale;"a-]0;36]";NON;2022-03-31;72;1.3573;8;0.1823;12;0.2589
84;Auvergne-Rhône-Alpes;7;Ardèche;100;Photovoltaïque;1;Injection totale;"b-]36;100]";NON;2022-03-31;50;4.51299;9;0.8386;12;1.113
84;Auvergne-Rhône-Alpes;7;Ardèche;200;Eolien;1;Injection totale;"a-]0;36]";NON;2022-03-31;0;0.0;0;0.0;0;0.0
84;Auvergne-Rhône-Alpes;15;Cantal;100;Photovoltaïque;1;Injection totale;"b-]36;100]";NON;2022-03-31;184;17.21008;11;0.99376;22;1.9432
84;Auvergne-Rhône-Alpes;15;Cantal;300;Hydraulique;1;Injection totale;"b-]36;100]";NON;2022-03-31;1;0.06539;0;0.0;0;0.0
84;Auvergne-Rhône-Alpes;26;Drôme;100;Photovoltaïque;2;Injection du surplus;"a-]0;36]";NON;2022-03-31;276;1.35095;335;1.54547;234;1.08663
84;Auvergne-Rhône-Alpes;26;Drôme;600;Autres;2;Injection du surplus;"d-]250;...[";NON;2022-03-31;0;0.0;0;0.0;0;0.0
84;Auvergne-Rhône-Alpes;38;Isère;100;Photovoltaïque;3;Autoconsommation sans injection;"a-]0;36]";NON;2022-03-31;0;0.0;75;0.15696;75;0.15696
84;Auvergne-Rhône-Alpes;38;Isère;100;Photovoltaïque;3;Autoconsommation sans injection;"c-]100;250]";NON;2022-03-31;8;1.468;2;0.286;2;0.43
84;Auvergne-Rhône-Alpes;38;Isère;600;Autres;1;Injection totale;"d-]250;...[";NON;2022-03-31;0;0.0;0;0.0;0;0.0
84;Auvergne-Rhône-Alpes;42;Loire;100;Photovoltaïque;1;Injection totale;"a-]0;36]";NON;2022-03-31;84;0.83965;5;0.0849;10;0.14548
84;Auvergne-Rhône-Alpes;42;Loire;100;Photovoltaïque;2;Injection du surplus;"a-]0;36]";NON;2022-03-31;285;1.41974;352;1.63606;276;1.31791
84;Auvergne-Rhône-Alpes;42;Loire;100;Photovoltaïque;2;Injection du surplus;"b-]36;100]";NON;2022-03-31;6;0.5633;4;0.3827;0;0.0
84;Auvergne-Rhône-Alpes;42;Loire;100;Photovoltaïque;2;Injection du surplus;"c-]100;250]";NON;2022-03-31;0;0.0;0;0.0;0;0.0
84;Auvergne-Rhône-Alpes;42;Loire;100;Photovoltaïque;3;Autoconsommation sans injection;"a-]0;36]";OUI;2022-03-31;0;0.0;1;0.006;1;0.006
84;Auvergne-Rhône-Alpes;42;Loire;400;Bio énergie;1;Injection totale;"c-]100;250]";NON;2022-03-31;1;0.16;0;0.0;0;0.0
84;Auvergne-Rhône-Alpes;42;Loire;500;Cogénération;3;Autoconsommation sans injection;"a-]0;36]";NON;2022-03-31;0;0.0;0;0.0;0;0.0
84;Auvergne-Rhône-Alpes;42;Loire;600;Autres;1;Injection totale;"c-]100;250]";NON;2022-03-31;0;0.0;0;0.0;0;0.0
84;Auvergne-Rhône-Alpes;42;Loire;600;Autres;2;Injection du surplus;"a-]0;36]";NON;2022-03-31;0;0.0;0;0.0;0;0.0
84;Auvergne-Rhône-Alpes;43;Haute-Loire;100;Photovoltaïque;1;Injection totale;"c-]100;250]";NON;2022-03-31;113;25.04523;72;16.09896;18;4.00084
84;Auvergne-Rhône-Alpes;43;Haute-Loire;100;Photovoltaïque;2;Injection du surplus;"a-]0;36]";NON;2022-03-31;107;0.54435;142;0.71142;123;0.60326
84;Auvergne-Rhône-Alpes;43;Haute-Loire;100;Photovoltaïque;2;Injection du surplus;"d-]250;...[";NON;2022-03-31;0;0.0;0;0.0;0;0.0
84;Auvergne-Rhône-Alpes;43;Haute-Loire;550;Stockage hors hydraulique;2;Injection du surplus;"d-]250;...[";OUI;2022-03-31;0;0.0;0;0.0;0;0.0
84;Auvergne-Rhône-Alpes;63;Puy-de-Dôme;100;Photovoltaïque;2;Injection du surplus;"a-]0;36]";NON;2022-03-31;250;1.11255;316;1.45131;304;1.32541
84;Auvergne-Rhône-Alpes;69;Rhône;100;Photovoltaïque;1;Injection totale;"c-]100;250]";OUI;2022-03-31;1;0.1255;0;0.0;0;0.0
84;Auvergne-Rhône-Alpes;69;Rhône;100;Photovoltaïque;2;Injection du surplus;"a-]0;36]";OUI;2022-03-31;5;0.0176;4;0.0146;5;0.021
84;Auvergne-Rhône-Alpes;69;Rhône;100;Photovoltaïque;2;Injection du surplus;"b-]36;100]";NON;2022-03-31;15;1.06482;5;0.4997;4;0.2578
84;Auvergne-Rhône-Alpes;69;Rhône;100;Photovoltaïque;2;Injection du surplus;"c-]100;250]";NON;2022-03-31;4;0.636;3;0.526;0;0.0
84;Auvergne-Rhône-Alpes;69;Rhône;300;Hydraulique;1;Injection totale;"a-]0;36]";NON;2022-03-31;0;0.0;0;0.0;0;0.0
84;Auvergne-Rhône-Alpes;69;Rhône;400;Bio énergie;1;Injection totale;"d-]250;...[";NON;2022-03-31;0;0.0;0;0.0;0;0.0
84;Auvergne-Rhône-Alpes;69;Rhône;550;Stockage hors hydraulique;2;Injection du surplus;"d-]250;...[";OUI;2022-03-31;1;1.25;0;0.0;0;0.0
84;Auvergne-Rhône-Alpes;73;Savoie;100;Photovoltaïque;2;Injection du surplus;"a-]0;36]";OUI;2022-03-31;3;0.019;2;0.011;1;0.006
84;Auvergne-Rhône-Alpes;73;Savoie;100;Photovoltaïque;2;Injection du surplus;"c-]100;250]";OUI;2022-03-31;2;0.22173;0;0.0;0;0.0
84;Auvergne-Rhône-Alpes;73;Savoie;550;Stockage hors hydraulique;2;Injection du surplus;"d-]250;...[";OUI;2022-03-31;0;0.0;0;0.0;0;0.0
84;Auvergne-Rhône-Alpes;74;Haute-Savoie;100;Photovoltaïque;1;Injection totale;"d-]250;...[";NON;2022-03-31;2;0.9898;0;0.0;0;0.0
84;Auvergne-Rhône-Alpes;74;Haute-Savoie;100;Photovoltaïque;3;Autoconsommation sans injection;"d-]250;...[";NON;2022-03-31;0;0.0;0;0.0;1;0.33
84;Auvergne-Rhône-Alpes;74;Haute-Savoie;300;Hydraulique;1;Injection totale;"c-]100;250]";NON;2022-03-31;0;0.0;0;0.0;0;0.0
84;Auvergne-Rhône-Alpes;74;Haute-Savoie;400;Bio énergie;2;Injection du surplus;"d-]250;...[";NON;2022-03-31;0;0.0;0;0.0;1;1.1
84;Auvergne-Rhône-Alpes;1;Ain;100;Photovoltaïque;1;Injection totale;"c-]100;250]";NON;2021-06-30;12;2.726;7;1.622;1;0.25
84;Auvergne-Rhône-Alpes;1;Ain;100;Photovoltaïque;1;Injection totale;"d-]250;...[";NON;2021-06-30;19;82.939;1;8.0;1;2.405
84;Auvergne-Rhône-Alpes;1;Ain;100;Photovoltaïque;2;Injection du surplus;"a-]0;36]";OUI;2021-06-30;2;0.006;0;0.0;2;0.01062
84;Auvergne-Rhône-Alpes;1;Ain;100;Photovoltaïque;2;Injection du surplus;"b-]36;100]";NON;2021-06-30;15;1.20368;5;0.45278;1;0.0426
84;Auvergne-Rhône-Alpes;1;Ain;300;Hydraulique;1;Injection totale;"c-]100;250]";NON;2021-06-30;1;0.125;0;0.0;0;0.0
84;Auvergne-Rhône-Alpes;1;Ain;300;Hydraulique;2;Injection du surplus;"b-]36;100]";NON;2021-06-30;0;0.0;0;0.0;0;0.0
84;Auvergne-Rhône-Alpes;1;Ain;300;Hydraulique;3;Autoconsommation sans injection;"a-]0;36]";NON;2021-06-30;0;0.0;0;0.0;0;0.0
84;Auvergne-Rhône-Alpes;3;Allier;100;Photovoltaïque;3;Autoconsommation sans injection;"b-]36;100]";NON;2021-06-30;2;0.08428;1;0.04428;0;0.0
84;Auvergne-Rhône-Alpes;3;Allier;200;Eolien;3;Autoconsommation sans injection;"a-]0;36]";NON;2021-06-30;0;0.0;0;0.0;0;0.0
84;Auvergne-Rhône-Alpes;3;Allier;300;Hydraulique;1;Injection totale;"c-]100;250]";NON;2021-06-30;0;0.0;0;0.0;0;0.0
84;Auvergne-Rhône-Alpes;3;Allier;400;Bio énergie;1;Injection totale;"a-]0;36]";NON;2021-06-30;0;0.0;0;0.0;0;0.0
84;Auvergne-Rhône-Alpes;7;Ardèche;100;Photovoltaïque;3;Autoconsommation sans injection;"a-]0;36]";OUI;2021-06-30;0;0.0;0;0.0;0;0.0
84;Auvergne-Rhône-Alpes;7;Ardèche;100;Photovoltaïque;3;Autoconsommation sans injection;"c-]100;250]";NON;2021-06-30;1;0.22;0;0.0;1;0.143
84;Auvergne-Rhône-Alpes;7;Ardèche;500;Cogénération;1;Injection totale;"a-]0;36]";NON;2021-06-30;0;0.0;0;0.0;0;0.0
84;Auvergne-Rhône-Alpes;7;Ardèche;600;Autres;1;Injection totale;"d-]250;...[";NON;2021-06-30;0;0.0;0;0.0;0;0.0
84;Auvergne-Rhône-Alpes;15;Cantal;400;Bio énergie;2;Injection du surplus;"c-]100;250]";NON;2021-06-30;0;0.0;0;0.0;0;0.0
84;Auvergne-Rhône-Alpes;26;Drôme;200;Eolien;1;Injection totale;"a-]0;36]";NON;2021-06-30;0;0.0;0;0.0;0;0.0
84;Auvergne-Rhône-Alpes;26;Drôme;300;Hydraulique;1;Injection totale;"c-]100;250]";NON;2021-06-30;1;0.13;0;0.0;0;0.0
84;Auvergne-Rhône-Alpes;26;Drôme;300;Hydraulique;1;Injection totale;"d-]250;...[";NON;2021-06-30;0;0.0;0;0.0;0;0.0
84;Auvergne-Rhône-Alpes;26;Drôme;400;Bio énergie;1;Injection totale;"b-]36;100]";NON;2021-06-30;0;0.0;0;0.0;0;0.0
84;Auvergne-Rhône-Alpes;26;Drôme;400;Bio énergie;1;Injection totale;"d-]250;...[";NON;2021-06-30;0;0.0;0;0.0;0;0.0
84;Auvergne-Rhône-Alpes;26;Drôme;500;Cogénération;1;Injection totale;"a-]0;36]";NON;2021-06-30;0;0.0;0;0.0;0;0.0
84;Auvergne-Rhône-Alpes;26;Drôme;600;Autres;1;Injection totale;"b-]36;100]";NON;2021-06-30;0;0.0;0;0.0;0;0.0
84;Auvergne-Rhône-Alpes;38;Isère;100;Photovoltaïque;2;Injection du surplus;"a-]0;36]";NON;2021-06-30;369;1.85671;403;1.7903;341;1.47703
84;Auvergne-Rhône-Alpes;38;Isère;100;Photovoltaïque;3;Autoconsommation sans injection;"b-]36;100]";NON;2021-06-30;1;0.066;0;0.0;0;0.0
84;Auvergne-Rhône-Alpes;38;Isère;100;Photovoltaïque;3;Autoconsommation sans injection;"d-]250;...[";NON;2021-06-30;0;0.0;0;0.0;0;0.0
84;Auvergne-Rhône-Alpes;38;Isère;200;Eolien;1;Injection totale;"a-]0;36]";NON;2021-06-30;0;0.0;0;0.0;0;0.0
84;Auvergne-Rhône-Alpes;42;Loire;100;Photovoltaïque;1;Injection totale;"a-]0;36]";OUI;2021-06-30;0;0.0;0;0.0;0;0.0
84;Auvergne-Rhône-Alpes;42;Loire;100;Photovoltaïque;1;Injection totale;"b-]36;100]";NON;2021-06-30;113;10.49386;23;2.14348;24;2.23235
84;Auvergne-Rhône-Alpes;42;Loire;100;Photovoltaïque;2;Injection du surplus;"d-]250;...[";NON;2021-06-30;0;0.0;0;0.0;0;0.0
84;Auvergne-Rhône-Alpes;42;Loire;400;Bio énergie;1;Injection totale;"c-]100;250]";NON;2021-06-30;0;0.0;0;0.0;0;0.0
84;Auvergne-Rhône-Alpes;42;Loire;500;Cogénération;3;Autoconsommation sans injection;"a-]0;36]";NON;2021-06-30;0;0.0;0;0.0;0;0.0
84;Auvergne-Rhône-Alpes;42;Loire;600;Autres;1;Injection totale;"c-]100;250]";NON;2021-06-30;0;0.0;0;0.0;0;0.0
84;Auvergne-Rhône-Alpes;42;Loire;600;Autres;2;Injection du surplus;"a-]0;36]";NON;2021-06-30;0;0.0;0;0.0;0;0.0
84;Auvergne-Rhône-Alpes;43;Haute-Loire;100;Photovoltaïque;2;Injection du surplus;"b-]36;100]";NON;2021-06-30;1;0.0828;0;0.0;1;0.099
84;Auvergne-Rhône-Alpes;43;Haute-Loire;100;Photovoltaïque;3;Autoconsommation sans injection;"a-]0;36]";OUI;2021-06-30;0;0.0;0;0.0;0;0.0
84;Auvergne-Rhône-Alpes;43;Haute-Loire;200;Eolien;2;Injection du surplus;"a-]0;36]";NON;2021-06-30;0;0.0;0;0.0;0;0.0
84;Auvergne-Rhône-Alpes;63;Puy-de-Dôme;100;Photovoltaïque;1;Injection totale;"a-]0;36]";NON;2021-06-30;19;0.2744;1;0.008;2;0.043
84;Auvergne-Rhône-Alpes;63;Puy-de-Dôme;300;Hydraulique;2;Injection du surplus;"a-]0;36]";NON;2021-06-30;0;0.0;0;0.0;0;0.0
84;Auvergne-Rhône-Alpes;63;Puy-de-Dôme;400;Bio énergie;1;Injection totale;"d-]250;...[";NON;2021-06-30;1;0.499;0;0.0;0;0.0
84;Auvergne-Rhône-Alpes;63;Puy-de-Dôme;500;Cogénération;1;Injection totale;"a-]0;36]";NON;2021-06-30;0;0.0;0;0.0;0;0.0
84;Auvergne-Rhône-Alpes;63;Puy-de-Dôme;600;Autres;1;Injection totale;"a-]0;36]";NON;2021-06-30;0;0.0;0;0.0;0;0.0
84;Auvergne-Rhône-Alpes;69;Rhône;100;Photovoltaïque;2;Injection du surplus;"a-]0;36]";NON;2021-06-30;273;1.52456;302;1.4547;236;1.20048
84;Auvergne-Rhône-Alpes;69;Rhône;100;Photovoltaïque;2;Injection du surplus;"b-]36;100]";NON;2021-06-30;12;0.72634;2;0.1228;3;0.2098
84;Auvergne-Rhône-Alpes;69;Rhône;100;Photovoltaïque;3;Autoconsommation sans injection;"d-]250;...[";NON;2021-06-30;4;1.861;0;0.0;0;0.0
84;Auvergne-Rhône-Alpes;69;Rhône;500;Cogénération;1;Injection totale;"d-]250;...[";NON;2021-06-30;0;0.0;0;0.0;0;0.0
84;Auvergne-Rhône-Alpes;73;Savoie;100;Photovoltaïque;2;Injection du surplus;"a-]0;36]";NON;2021-06-30;111;0.56197;105;0.49656;79;0.36303
84;Auvergne-Rhône-Alpes;73;Savoie;100;Photovoltaïque;2;Injection du surplus;"b-]36;100]";NON;2021-06-30;3;0.165;0;0.0;1;0.09
84;Auvergne-Rhône-Alpes;73;Savoie;200;Eolien;2;Injection du surplus;"a-]0;36]";NON;2021-06-30;0;0.0;0;0.0;0;0.0
84;Auvergne-Rhône-Alpes;73;Savoie;400;Bio énergie;1;Injection totale;"b-]36;100]";NON;2021-06-30;1;0.064;0;0.0;0;0.0
84;Auvergne-Rhône-Alpes;73;Savoie;500;Cogénération;1;Injection totale;"d-]250;...[";NON;2021-06-30;0;0.0;0;0.0;0;0.0
84;Auvergne-Rhône-Alpes;74;Haute-Savoie;100;Photovoltaïque;1;Injection totale;"b-]36;100]";NON;2021-06-30;8;0.7064;3;0.279;5;0.4758
84;Auvergne-Rhône-Alpes;74;Haute-Savoie;100;Photovoltaïque;1;Injection totale;"c-]100;250]";NON;2021-06-30;1;0.2;0;0.0;0;0.0
84;Auvergne-Rhône-Alpes;74;Haute-Savoie;100;Photovoltaïque;2;Injection du surplus;"a-]0;36]";NON;2021-06-30;204;1.03001;202;0.99893;142;0.71392
84;Auvergne-Rhône-Alpes;74;Haute-Savoie;100;Photovoltaïque;3;Autoconsommation sans injection;"d-]250;...[";NON;2021-06-30;1;0.33;0;0.0;0;0.0
84;Auvergne-Rhône-Alpes;74;Haute-Savoie;300;Hydraulique;3;Autoconsommation sans injection;"d-]250;...[";NON;2021-06-30;0;0.0;0;0.0;0;0.0
84;Auvergne-Rhône-Alpes;74;Haute-Savoie;500;Cogénération;1;Injection totale;"c-]100;250]";NON;2021-06-30;0;0.0;0;0.0;0;0.0
84;Auvergne-Rhône-Alpes;73;Savoie;100;Photovoltaïque;2;Injection du surplus;"c-]100;250]";NON;2020-09-30;1;0.15;0;0.0;0;0.0
84;Auvergne-Rhône-Alpes;38;Isère;100;Photovoltaïque;1;Injection totale;"c-]100;250]";NON;2020-09-30;19;4.042;2;0.43;1;0.18
84;Auvergne-Rhône-Alpes;42;Loire;100;Photovoltaïque;3;Autoconsommation sans injection;"b-]36;100]";NON;2020-09-30;1;0.05;0;0.0;0;0.0
84;Auvergne-Rhône-Alpes;42;Loire;100;Photovoltaïque;1;Injection totale;"b-]36;100]";NON;2020-09-30;109;10.28624;22;2.05362;13;1.2471
84;Auvergne-Rhône-Alpes;15;Cantal;100;Photovoltaïque;3;Autoconsommation sans injection;"d-]250;...[";NON;2020-09-30;0;0.0;0;0.0;0;0.0
84;Auvergne-Rhône-Alpes;42;Loire;100;Photovoltaïque;3;Autoconsommation sans injection;"a-]0;36]";OUI;2020-09-30;0;0.0;3;0.00902;3;0.00902
84;Auvergne-Rhône-Alpes;74;Haute-Savoie;100;Photovoltaïque;1;Injection totale;"a-]0;36]";NON;2020-09-30;26;0.2352;3;0.0582;6;0.062
84;Auvergne-Rhône-Alpes;26;Drôme;100;Photovoltaïque;3;Autoconsommation sans injection;"a-]0;36]";NON;2020-09-30;0;0.0;15;0.0338;15;0.0338
84;Auvergne-Rhône-Alpes;38;Isère;100;Photovoltaïque;1;Injection totale;"a-]0;36]";NON;2020-09-30;114;1.2181;15;0.1644;19;0.282
84;Auvergne-Rhône-Alpes;42;Loire;100;Photovoltaïque;3;Autoconsommation sans injection;"c-]100;250]";NON;2020-09-30;1;0.23;0;0.0;0;0.0
84;Auvergne-Rhône-Alpes;1;Ain;100;Photovoltaïque;3;Autoconsommation sans injection;"b-]36;100]";NON;2020-09-30;1;0.044;1;0.044;0;0.0
84;Auvergne-Rhône-Alpes;3;Allier;100;Photovoltaïque;2;Injection du surplus;"a-]0;36]";NON;2020-09-30;77;0.29543;74;0.2746;39;0.1491
84;Auvergne-Rhône-Alpes;3;Allier;100;Photovoltaïque;3;Autoconsommation sans injection;"d-]250;...[";NON;2020-09-30;1;1.23;0;0.0;0;0.0
84;Auvergne-Rhône-Alpes;7;Ardèche;100;Photovoltaïque;1;Injection totale;"c-]100;250]";NON;2020-09-30;12;2.7471;1;0.25;3;0.74
84;Auvergne-Rhône-Alpes;7;Ardèche;100;Photovoltaïque;2;Injection du surplus;"b-]36;100]";NON;2020-09-30;0;0.0;0;0.0;0;0.0
84;Auvergne-Rhône-Alpes;15;Cantal;100;Photovoltaïque;1;Injection totale;"c-]100;250]";NON;2020-09-30;27;5.7859;2;0.396;4;0.92
84;Auvergne-Rhône-Alpes;15;Cantal;100;Photovoltaïque;2;Injection du surplus;"a-]0;36]";NON;2020-09-30;30;0.15596;23;0.08446;7;0.0242
84;Auvergne-Rhône-Alpes;15;Cantal;100;Photovoltaïque;3;Autoconsommation sans injection;"a-]0;36]";OUI;2020-09-30;0;0.0;1;0.004;1;0.004
84;Auvergne-Rhône-Alpes;26;Drôme;100;Photovoltaïque;1;Injection totale;"a-]0;36]";NON;2020-09-30;71;1.26571;12;0.17951;6;0.084
84;Auvergne-Rhône-Alpes;26;Drôme;100;Photovoltaïque;2;Injection du surplus;"a-]0;36]";NON;2020-09-30;144;0.70939;113;0.51801;91;0.35219
84;Auvergne-Rhône-Alpes;38;Isère;100;Photovoltaïque;3;Autoconsommation sans injection;"b-]36;100]";NON;2020-09-30;1;0.066;0;0.0;0;0.0
84;Auvergne-Rhône-Alpes;43;Haute-Loire;100;Photovoltaïque;1;Injection totale;"a-]0;36]";NON;2020-09-30;17;0.3542;4;0.027;2;0.039
84;Auvergne-Rhône-Alpes;43;Haute-Loire;100;Photovoltaïque;2;Injection du surplus;"a-]0;36]";OUI;2020-09-30;1;0.003;0;0.0;0;0.0
84;Auvergne-Rhône-Alpes;74;Haute-Savoie;100;Photovoltaïque;1;Injection totale;"b-]36;100]";NON;2020-09-30;14;1.25524;1;0.099;0;0.0
84;Auvergne-Rhône-Alpes;69;Rhône;200;Eolien;1;Injection totale;"a-]0;36]";NON;2020-09-30;0;0.0;0;0.0;0;0.0
84;Auvergne-Rhône-Alpes;73;Savoie;200;Eolien;2;Injection du surplus;"a-]0;36]";NON;2020-09-30;0;0.0;0;0.0;0;0.0
84;Auvergne-Rhône-Alpes;42;Loire;200;Eolien;1;Injection totale;"d-]250;...[";NON;2020-09-30;6;71.304;0;0.0;0;0.0
84;Auvergne-Rhône-Alpes;26;Drôme;200;Eolien;1;Injection totale;"d-]250;...[";NON;2020-09-30;1;11.5;0;0.0;0;0.0
84;Auvergne-Rhône-Alpes;43;Haute-Loire;200;Eolien;2;Injection du surplus;"a-]0;36]";NON;2020-09-30;0;0.0;0;0.0;0;0.0
84;Auvergne-Rhône-Alpes;63;Puy-de-Dôme;200;Eolien;1;Injection totale;"a-]0;36]";NON;2020-09-30;0;0.0;0;0.0;0;0.0
84;Auvergne-Rhône-Alpes;43;Haute-Loire;300;Hydraulique;1;Injection totale;"c-]100;250]";NON;2020-09-30;1;0.21;0;0.0;0;0.0
84;Auvergne-Rhône-Alpes;1;Ain;300;Hydraulique;2;Injection du surplus;"a-]0;36]";NON;2020-09-30;0;0.0;0;0.0;0;0.0
84;Auvergne-Rhône-Alpes;42;Loire;300;Hydraulique;1;Injection totale;"c-]100;250]";NON;2020-09-30;0;0.0;0;0.0;0;0.0
84;Auvergne-Rhône-Alpes;1;Ain;300;Hydraulique;3;Autoconsommation sans injection;"a-]0;36]";NON;2020-09-30;0;0.0;0;0.0;0;0.0
84;Auvergne-Rhône-Alpes;38;Isère;300;Hydraulique;1;Injection totale;"b-]36;100]";NON;2020-09-30;1;0.085;0;0.0;0;0.0
84;Auvergne-Rhône-Alpes;63;Puy-de-Dôme;300;Hydraulique;1;Injection totale;"b-]36;100]";NON;2020-09-30;2;0.19;0;0.0;0;0.0
84;Auvergne-Rhône-Alpes;38;Isère;300;Hydraulique;1;Injection totale;"a-]0;36]";NON;2020-09-30;0;0.0;0;0.0;0;0.0
84;Auvergne-Rhône-Alpes;38;Isère;300;Hydraulique;1;Injection totale;"c-]100;250]";NON;2020-09-30;1;0.25;0;0.0;0;0.0
84;Auvergne-Rhône-Alpes;42;Loire;300;Hydraulique;1;Injection totale;"d-]250;...[";NON;2020-09-30;0;0.0;0;0.0;0;0.0
84;Auvergne-Rhône-Alpes;43;Haute-Loire;300;Hydraulique;1;Injection totale;"d-]250;...[";NON;2020-09-30;1;0.36;0;0.0;0;0.0
84;Auvergne-Rhône-Alpes;73;Savoie;300;Hydraulique;1;Injection totale;"c-]100;250]";NON;2020-09-30;2;0.39;0;0.0;0;0.0
84;Auvergne-Rhône-Alpes;74;Haute-Savoie;300;Hydraulique;1;Injection totale;"a-]0;36]";NON;2020-09-30;1;0.01602;1;0.01602;0;0.0
84;Auvergne-Rhône-Alpes;1;Ain;400;Bio énergie;1;Injection totale;"d-]250;...[";NON;2020-09-30;1;0.499;0;0.0;0;0.0
84;Auvergne-Rhône-Alpes;1;Ain;400;Bio énergie;1;Injection totale;"b-]36;100]";NON;2020-09-30;0;0.0;0;0.0;0;0.0
84;Auvergne-Rhône-Alpes;26;Drôme;400;Bio énergie;1;Injection totale;"c-]100;250]";NON;2020-09-30;0;0.0;0;0.0;0;0.0
84;Auvergne-Rhône-Alpes;38;Isère;400;Bio énergie;1;Injection totale;"c-]100;250]";NON;2020-09-30;1;0.212;1;0.212;1;0.22
84;Auvergne-Rhône-Alpes;74;Haute-Savoie;500;Cogénération;1;Injection totale;"b-]36;100]";NON;2020-09-30;1;0.05;0;0.0;0;0.0
84;Auvergne-Rhône-Alpes;69;Rhône;500;Cogénération;2;Injection du surplus;"a-]0;36]";NON;2020-09-30;0;0.0;0;0.0;0;0.0
84;Auvergne-Rhône-Alpes;73;Savoie;500;Cogénération;1;Injection totale;"a-]0;36]";NON;2020-09-30;0;0.0;0;0.0;0;0.0
84;Auvergne-Rhône-Alpes;26;Drôme;500;Cogénération;3;Autoconsommation sans injection;"d-]250;...[";NON;2020-09-30;0;0.0;0;0.0;0;0.0
84;Auvergne-Rhône-Alpes;38;Isère;500;Cogénération;2;Injection du surplus;"a-]0;36]";NON;2020-09-30;0;0.0;0;0.0;0;0.0
84;Auvergne-Rhône-Alpes;42;Loire;500;Cogénération;1;Injection totale;"a-]0;36]";NON;2020-09-30;1;0.0;0;0.0;0;0.0
84;Auvergne-Rhône-Alpes;42;Loire;500;Cogénération;1;Injection totale;"b-]36;100]";NON;2020-09-30;0;0.0;0;0.0;0;0.0
84;Auvergne-Rhône-Alpes;43;Haute-Loire;500;Cogénération;1;Injection totale;"a-]0;36]";NON;2020-09-30;0;0.0;0;0.0;0;0.0
84;Auvergne-Rhône-Alpes;43;Haute-Loire;500;Cogénération;1;Injection totale;"d-]250;...[";NON;2020-09-30;0;0.0;0;0.0;0;0.0
84;Auvergne-Rhône-Alpes;69;Rhône;500;Cogénération;1;Injection totale;"d-]250;...[";NON;2020-09-30;0;0.0;0;0.0;0;0.0
84;Auvergne-Rhône-Alpes;7;Ardèche;550;Stockage hors hydraulique;1;Injection totale;"d-]250;...[";OUI;2020-09-30;0;0.0;0;0.0;0;0.0
84;Auvergne-Rhône-Alpes;1;Ain;550;Stockage hors hydraulique;1;Injection totale;"a-]0;36]";OUI;2020-09-30;1;0.0;0;0.0;0;0.0
84;Auvergne-Rhône-Alpes;1;Ain;600;Autres;1;Injection totale;"b-]36;100]";NON;2020-09-30;0;0.0;0;0.0;0;0.0
84;Auvergne-Rhône-Alpes;1;Ain;600;Autres;1;Injection totale;"a-]0;36]";NON;2020-09-30;0;0.0;0;0.0;0;0.0
84;Auvergne-Rhône-Alpes;63;Puy-de-Dôme;600;Autres;1;Injection totale;"b-]36;100]";NON;2020-09-30;0;0.0;0;0.0;0;0.0
84;Auvergne-Rhône-Alpes;63;Puy-de-Dôme;600;Autres;1;Injection totale;"a-]0;36]";NON;2020-09-30;0;0.0;0;0.0;0;0.0
84;Auvergne-Rhône-Alpes;15;Cantal;600;Autres;2;Injection du surplus;"d-]250;...[";OUI;2020-09-30;0;0.0;0;0.0;0;0.0
84;Auvergne-Rhône-Alpes;69;Rhône;600;Autres;3;Autoconsommation sans injection;"d-]250;...[";NON;2020-09-30;0;0.0;0;0.0;0;0.0
84;Auvergne-Rhône-Alpes;69;Rhône;600;Autres;1;Injection totale;"d-]250;...[";OUI;2020-09-30;0;0.0;0;0.0;0;0.0
84;Auvergne-Rhône-Alpes;69;Rhône;600;Autres;2;Injection du surplus;"a-]0;36]";NON;2020-09-30;0;0.0;0;0.0;0;0.0
84;Auvergne-Rhône-Alpes;26;Drôme;600;Autres;2;Injection du surplus;"d-]250;...[";NON;2020-09-30;0;0.0;0;0.0;0;0.0
84;Auvergne-Rhône-Alpes;43;Haute-Loire;100;Photovoltaïque;1;Injection totale;"d-]250;...[";NON;2020-06-30;3;16.21;1;2.22;1;0.438
84;Auvergne-Rhône-Alpes;15;Cantal;100;Photovoltaïque;1;Injection totale;"b-]36;100]";NON;2020-06-30;235;21.81345;27;2.63138;28;2.54432
84;Auvergne-Rhône-Alpes;38;Isère;100;Photovoltaïque;2;Injection du surplus;"b-]36;100]";NON;2020-06-30;6;0.3427;1;0.0426;2;0.165
84;Auvergne-Rhône-Alpes;73;Savoie;100;Photovoltaïque;1;Injection totale;"d-]250;...[";NON;2020-06-30;1;4.176;0;0.0;0;0.0
84;Auvergne-Rhône-Alpes;42;Loire;100;Photovoltaïque;1;Injection totale;"c-]100;250]";NON;2020-06-30;11;2.3936;3;0.7216;0;0.0
84;Auvergne-Rhône-Alpes;42;Loire;100;Photovoltaïque;3;Autoconsommation sans injection;"c-]100;250]";NON;2020-06-30;1;0.23;1;0.23;0;0.0
84;Auvergne-Rhône-Alpes;1;Ain;100;Photovoltaïque;1;Injection totale;"d-]250;...[";NON;2020-06-30;19;76.921;2;2.6;1;0.438
84;Auvergne-Rhône-Alpes;1;Ain;100;Photovoltaïque;2;Injection du surplus;"b-]36;100]";NON;2020-06-30;12;0.7443;2;0.13;1;0.09
84;Auvergne-Rhône-Alpes;7;Ardèche;100;Photovoltaïque;1;Injection totale;"b-]36;100]";NON;2020-06-30;81;7.3957;10;0.8748;2;0.185
84;Auvergne-Rhône-Alpes;7;Ardèche;100;Photovoltaïque;3;Autoconsommation sans injection;"a-]0;36]";NON;2020-06-30;;;;;;
84;Auvergne-Rhône-Alpes;15;Cantal;100;Photovoltaïque;1;Injection totale;"a-]0;36]";NON;2020-06-30;28;0.7445;;;;
84;Auvergne-Rhône-Alpes;15;Cantal;100;Photovoltaïque;3;Autoconsommation sans injection;"a-]0;36]";OUI;2020-06-30;;;;;;
84;Auvergne-Rhône-Alpes;26;Drôme;100;Photovoltaïque;1;Injection totale;"a-]0;36]";OUI;2020-06-30;;;;;;
84;Auvergne-Rhône-Alpes;26;Drôme;100;Photovoltaïque;1;Injection totale;"c-]100;250]";NON;2020-06-30;46;10.1261;2;0.454;1;0.21
84;Auvergne-Rhône-Alpes;26;Drôme;100;Photovoltaïque;1;Injection totale;"d-]250;...[";NON;2020-06-30;23;51.979;1;0.417;0;0.0
84;Auvergne-Rhône-Alpes;43;Haute-Loire;100;Photovoltaïque;1;Injection totale;"a-]0;36]";OUI;2020-06-30;;;;;;
84;Auvergne-Rhône-Alpes;63;Puy-de-Dôme;100;Photovoltaïque;2;Injection du surplus;"a-]0;36]";NON;2020-06-30;100;0.4474;57;0.2295;86;0.3437
84;Auvergne-Rhône-Alpes;63;Puy-de-Dôme;100;Photovoltaïque;2;Injection du surplus;"a-]0;36]";OUI;2020-06-30;;;;;;
84;Auvergne-Rhône-Alpes;69;Rhône;100;Photovoltaïque;2;Injection du surplus;"a-]0;36]";NON;2020-06-30;127;0.78956;109;0.5303;115;0.61065
84;Auvergne-Rhône-Alpes;73;Savoie;100;Photovoltaïque;1;Injection totale;"a-]0;36]";NON;2020-06-30;27;0.3423;;;;
84;Auvergne-Rhône-Alpes;74;Haute-Savoie;100;Photovoltaïque;3;Autoconsommation sans injection;"c-]100;250]";NON;2020-06-30;0;0.0;0;0.0;0;0.0
84;Auvergne-Rhône-Alpes;38;Isère;200;Eolien;1;Injection totale;"d-]250;...[";NON;2020-06-30;3;32.6;0;0.0;0;0.0
84;Auvergne-Rhône-Alpes;1;Ain;200;Eolien;1;Injection totale;"d-]250;...[";NON;2020-06-30;2;21.0;0;0.0;0;0.0
84;Auvergne-Rhône-Alpes;74;Haute-Savoie;300;Hydraulique;1;Injection totale;"a-]0;36]";NON;2020-06-30;;;;;;
84;Auvergne-Rhône-Alpes;38;Isère;300;Hydraulique;3;Autoconsommation sans injection;"a-]0;36]";NON;2020-06-30;;;;;;
84;Auvergne-Rhône-Alpes;7;Ardèche;300;Hydraulique;3;Autoconsommation sans injection;"d-]250;...[";NON;2020-06-30;0;0.0;0;0.0;0;0.0
84;Auvergne-Rhône-Alpes;38;Isère;300;Hydraulique;1;Injection totale;"b-]36;100]";NON;2020-06-30;1;0.085;0;0.0;0;0.0
84;Auvergne-Rhône-Alpes;73;Savoie;300;Hydraulique;1;Injection totale;"c-]100;250]";NON;2020-06-30;2;0.39;1;0.24;0;0.0
84;Auvergne-Rhône-Alpes;1;Ain;300;Hydraulique;1;Injection totale;"a-]0;36]";NON;2020-06-30;;;;;;
84;Auvergne-Rhône-Alpes;42;Loire;300;Hydraulique;1;Injection totale;"b-]36;100]";NON;2020-06-30;1;0.05;0;0.0;0;0.0
84;Auvergne-Rhône-Alpes;42;Loire;300;Hydraulique;1;Injection totale;"d-]250;...[";NON;2020-06-30;0;0.0;0;0.0;0;0.0
84;Auvergne-Rhône-Alpes;42;Loire;300;Hydraulique;2;Injection du surplus;"d-]250;...[";NON;2020-06-30;1;0.824;0;0.0;0;0.0
84;Auvergne-Rhône-Alpes;63;Puy-de-Dôme;300;Hydraulique;1;Injection totale;"a-]0;36]";NON;2020-06-30;;;;;;
84;Auvergne-Rhône-Alpes;26;Drôme;400;Bio énergie;1;Injection totale;"b-]36;100]";NON;2020-06-30;0;0.0;0;0.0;0;0.0
84;Auvergne-Rhône-Alpes;1;Ain;400;Bio énergie;2;Injection du surplus;"a-]0;36]";NON;2020-06-30;;;;;;
84;Auvergne-Rhône-Alpes;26;Drôme;400;Bio énergie;1;Injection totale;"a-]0;36]";NON;2020-06-30;;;;;;
84;Auvergne-Rhône-Alpes;42;Loire;400;Bio énergie;2;Injection du surplus;"b-]36;100]";NON;2020-06-30;1;0.08;0;0.0;0;0.0
84;Auvergne-Rhône-Alpes;43;Haute-Loire;400;Bio énergie;1;Injection totale;"d-]250;...[";NON;2020-06-30;0;0.0;0;0.0;0;0.0
84;Auvergne-Rhône-Alpes;42;Loire;500;Cogénération;1;Injection totale;"c-]100;250]";NON;2020-06-30;0;0.0;0;0.0;0;0.0
84;Auvergne-Rhône-Alpes;63;Puy-de-Dôme;500;Cogénération;1;Injection totale;"d-]250;...[";NON;2020-06-30;0;0.0;0;0.0;0;0.0
84;Auvergne-Rhône-Alpes;1;Ain;600;Autres;2;Injection du surplus;"a-]0;36]";NON;2020-06-30;;;;;;
84;Auvergne-Rhône-Alpes;42;Loire;600;Autres;1;Injection totale;"b-]36;100]";NON;2020-06-30;0;0.0;0;0.0;0;0.0
84;Auvergne-Rhône-Alpes;38;Isère;600;Autres;1;Injection totale;"b-]36;100]";NON;2020-06-30;0;0.0;0;0.0;0;0.0
84;Auvergne-Rhône-Alpes;3;Allier;600;Autres;2;Injection du surplus;"a-]0;36]";NON;2020-06-30;;;;;;
84;Auvergne-Rhône-Alpes;1;Ain;600;Autres;1;Injection totale;"d-]250;...[";NON;2020-06-30;0;0.0;0;0.0;0;0.0
84;Auvergne-Rhône-Alpes;42;Loire;600;Autres;2;Injection du surplus;"a-]0;36]";NON;2020-06-30;;;;;;
84;Auvergne-Rhône-Alpes;43;Haute-Loire;600;Autres;1;Injection totale;"c-]100;250]";NON;2020-06-30;0;0.0;0;0.0;0;0.0
84;Auvergne-Rhône-Alpes;1;Ain;100;Photovoltaïque;3;Autoconsommation sans injection;"a-]0;36]";NON;2021-03-31;0;0.0;26;0.08888;26;0.08888
84;Auvergne-Rhône-Alpes;1;Ain;100;Photovoltaïque;3;Autoconsommation sans injection;"b-]36;100]";NON;2021-03-31;2;0.125;1;0.081;0;0.0
84;Auvergne-Rhône-Alpes;1;Ain;300;Hydraulique;1;Injection totale;"d-]250;...[";NON;2021-03-31;0;0.0;0;0.0;0;0.0
84;Auvergne-Rhône-Alpes;1;Ain;500;Cogénération;1;Injection totale;"d-]250;...[";NON;2021-03-31;0;0.0;0;0.0;0;0.0
84;Auvergne-Rhône-Alpes;3;Allier;100;Photovoltaïque;1;Injection totale;"c-]100;250]";NON;2021-03-31;11;2.661;5;1.231;1;0.2495
84;Auvergne-Rhône-Alpes;3;Allier;400;Bio énergie;1;Injection totale;"c-]100;250]";NON;2021-03-31;2;0.36;0;0.0;1;0.101
84;Auvergne-Rhône-Alpes;7;Ardèche;100;Photovoltaïque;1;Injection totale;"d-]250;...[";NON;2021-03-31;8;21.66;0;0.0;1;10.14
84;Auvergne-Rhône-Alpes;7;Ardèche;100;Photovoltaïque;2;Injection du surplus;"d-]250;...[";NON;2021-03-31;0;0.0;0;0.0;0;0.0
84;Auvergne-Rhône-Alpes;7;Ardèche;300;Hydraulique;1;Injection totale;"a-]0;36]";NON;2021-03-31;0;0.0;0;0.0;0;0.0
84;Auvergne-Rhône-Alpes;7;Ardèche;400;Bio énergie;1;Injection totale;"c-]100;250]";NON;2021-03-31;0;0.0;0;0.0;0;0.0
84;Auvergne-Rhône-Alpes;7;Ardèche;500;Cogénération;1;Injection totale;"a-]0;36]";NON;2021-03-31;0;0.0;0;0.0;0;0.0
84;Auvergne-Rhône-Alpes;7;Ardèche;550;Stockage hors hydraulique;1;Injection totale;"d-]250;...[";OUI;2021-03-31;0;0.0;0;0.0;0;0.0
84;Auvergne-Rhône-Alpes;7;Ardèche;600;Autres;1;Injection totale;"d-]250;...[";NON;2021-03-31;0;0.0;0;0.0;0;0.0
84;Auvergne-Rhône-Alpes;26;Drôme;100;Photovoltaïque;3;Autoconsommation sans injection;"a-]0;36]";OUI;2021-03-31;0;0.0;0;0.0;0;0.0
84;Auvergne-Rhône-Alpes;26;Drôme;100;Photovoltaïque;3;Autoconsommation sans injection;"b-]36;100]";NON;2021-03-31;2;0.1409;1;0.0759;0;0.0
84;Auvergne-Rhône-Alpes;26;Drôme;200;Eolien;1;Injection totale;"d-]250;...[";NON;2021-03-31;0;0.0;0;0.0;1;11.5
84;Auvergne-Rhône-Alpes;26;Drôme;300;Hydraulique;2;Injection du surplus;"a-]0;36]";NON;2021-03-31;0;0.0;0;0.0;0;0.0
84;Auvergne-Rhône-Alpes;26;Drôme;400;Bio énergie;1;Injection totale;"c-]100;250]";NON;2021-03-31;0;0.0;0;0.0;0;0.0
84;Auvergne-Rhône-Alpes;26;Drôme;600;Autres;2;Injection du surplus;"a-]0;36]";NON;2021-03-31;0;0.0;0;0.0;0;0.0
84;Auvergne-Rhône-Alpes;38;Isère;100;Photovoltaïque;1;Injection totale;"a-]0;36]";NON;2021-03-31;113;1.26196;19;0.31076;26;0.3342
84;Auvergne-Rhône-Alpes;38;Isère;100;Photovoltaïque;3;Autoconsommation sans injection;"a-]0;36]";NON;2021-03-31;1;0.008;31;0.09627;31;0.09627
84;Auvergne-Rhône-Alpes;38;Isère;100;Photovoltaïque;3;Autoconsommation sans injection;"c-]100;250]";OUI;2021-03-31;0;0.0;0;0.0;0;0.0
84;Auvergne-Rhône-Alpes;38;Isère;200;Eolien;1;Injection totale;"a-]0;36]";NON;2021-03-31;0;0.0;0;0.0;0;0.0
84;Auvergne-Rhône-Alpes;38;Isère;300;Hydraulique;2;Injection du surplus;"c-]100;250]";NON;2021-03-31;2;0.324;0;0.0;0;0.0
84;Auvergne-Rhône-Alpes;38;Isère;600;Autres;1;Injection totale;"c-]100;250]";NON;2021-03-31;1;0.22;0;0.0;0;0.0
84;Auvergne-Rhône-Alpes;42;Loire;100;Photovoltaïque;1;Injection totale;"b-]36;100]";NON;2021-03-31;117;10.87073;20;1.8464;21;2.0434
84;Auvergne-Rhône-Alpes;42;Loire;100;Photovoltaïque;1;Injection totale;"c-]100;250]";NON;2021-03-31;17;3.5867;7;1.416;0;0.0
84;Auvergne-Rhône-Alpes;42;Loire;100;Photovoltaïque;2;Injection du surplus;"a-]0;36]";NON;2021-03-31;142;0.67198;154;0.63551;169;0.74395
84;Auvergne-Rhône-Alpes;42;Loire;100;Photovoltaïque;2;Injection du surplus;"c-]100;250]";NON;2021-03-31;1;0.249;0;0.0;0;0.0
84;Auvergne-Rhône-Alpes;42;Loire;100;Photovoltaïque;3;Autoconsommation sans injection;"a-]0;36]";NON;2021-03-31;0;0.0;11;0.02191;11;0.02191
84;Auvergne-Rhône-Alpes;42;Loire;100;Photovoltaïque;3;Autoconsommation sans injection;"c-]100;250]";NON;2021-03-31;2;0.472;0;0.0;1;0.22
84;Auvergne-Rhône-Alpes;42;Loire;300;Hydraulique;1;Injection totale;"b-]36;100]";NON;2021-03-31;0;0.0;0;0.0;1;0.05
84;Auvergne-Rhône-Alpes;42;Loire;500;Cogénération;1;Injection totale;"c-]100;250]";NON;2021-03-31;0;0.0;0;0.0;0;0.0
84;Auvergne-Rhône-Alpes;43;Haute-Loire;100;Photovoltaïque;2;Injection du surplus;"d-]250;...[";NON;2021-03-31;0;0.0;0;0.0;0;0.0
84;Auvergne-Rhône-Alpes;43;Haute-Loire;100;Photovoltaïque;3;Autoconsommation sans injection;"a-]0;36]";NON;2021-03-31;0;0.0;4;0.0093;4;0.0093
84;Auvergne-Rhône-Alpes;43;Haute-Loire;400;Bio énergie;2;Injection du surplus;"c-]100;250]";NON;2021-03-31;0;0.0;0;0.0;0;0.0
84;Auvergne-Rhône-Alpes;63;Puy-de-Dôme;100;Photovoltaïque;2;Injection du surplus;"c-]100;250]";NON;2021-03-31;0;0.0;0;0.0;0;0.0
84;Auvergne-Rhône-Alpes;63;Puy-de-Dôme;300;Hydraulique;1;Injection totale;"c-]100;250]";NON;2021-03-31;0;0.0;0;0.0;0;0.0
84;Auvergne-Rhône-Alpes;63;Puy-de-Dôme;400;Bio énergie;1;Injection totale;"d-]250;...[";NON;2021-03-31;1;0.499;0;0.0;0;0.0
84;Auvergne-Rhône-Alpes;69;Rhône;100;Photovoltaïque;1;Injection totale;"a-]0;36]";NON;2021-03-31;58;0.8797;11;0.1095;15;0.2144
84;Auvergne-Rhône-Alpes;69;Rhône;100;Photovoltaïque;3;Autoconsommation sans injection;"c-]100;250]";NON;2021-03-31;1;0.2;0;0.0;0;0.0
84;Auvergne-Rhône-Alpes;69;Rhône;400;Bio énergie;1;Injection totale;"c-]100;250]";NON;2021-03-31;2;0.325;1;0.16;0;0.0
84;Auvergne-Rhône-Alpes;69;Rhône;500;Cogénération;1;Injection totale;"a-]0;36]";NON;2021-03-31;1;0.0;0;0.0;1;0.0
84;Auvergne-Rhône-Alpes;69;Rhône;500;Cogénération;1;Injection totale;"c-]100;250]";NON;2021-03-31;3;0.69;0;0.0;1;0.23
84;Auvergne-Rhône-Alpes;73;Savoie;100;Photovoltaïque;1;Injection totale;"d-]250;...[";NON;2021-03-31;0;0.0;0;0.0;0;0.0
84;Auvergne-Rhône-Alpes;73;Savoie;100;Photovoltaïque;2;Injection du surplus;"a-]0;36]";OUI;2021-03-31;4;0.0221;1;0.006;2;0.0075
84;Auvergne-Rhône-Alpes;73;Savoie;600;Autres;1;Injection totale;"a-]0;36]";NON;2021-03-31;0;0.0;0;0.0;0;0.0
84;Auvergne-Rhône-Alpes;74;Haute-Savoie;100;Photovoltaïque;2;Injection du surplus;"a-]0;36]";OUI;2021-03-31;9;0.03725;1;0.0036;1;0.0025
84;Auvergne-Rhône-Alpes;74;Haute-Savoie;100;Photovoltaïque;3;Autoconsommation sans injection;"a-]0;36]";OUI;2021-03-31;0;0.0;1;0.005;1;0.005
84;Auvergne-Rhône-Alpes;74;Haute-Savoie;100;Photovoltaïque;3;Autoconsommation sans injection;"b-]36;100]";NON;2021-03-31;4;0.26976;2;0.14;0;0.0
84;Auvergne-Rhône-Alpes;74;Haute-Savoie;100;Photovoltaïque;3;Autoconsommation sans injection;"c-]100;250]";NON;2021-03-31;0;0.0;0;0.0;0;0.0
84;Auvergne-Rhône-Alpes;74;Haute-Savoie;200;Eolien;2;Injection du surplus;"a-]0;36]";NON;2021-03-31;0;0.0;0;0.0;0;0.0
84;Auvergne-Rhône-Alpes;74;Haute-Savoie;500;Cogénération;1;Injection totale;"c-]100;250]";NON;2021-03-31;0;0.0;0;0.0;0;0.0
84;Auvergne-Rhône-Alpes;74;Haute-Savoie;500;Cogénération;1;Injection totale;"d-]250;...[";NON;2021-03-31;0;0.0;0;0.0;0;0.0
84;Auvergne-Rhône-Alpes;1;Ain;100;Photovoltaïque;1;Injection totale;"b-]36;100]";NON;2020-12-31;48;4.46139;10;0.97865;7;0.6433
84;Auvergne-Rhône-Alpes;1;Ain;100;Photovoltaïque;2;Injection du surplus;"a-]0;36]";NON;2020-12-31;231;1.17572;193;0.8047;157;0.69347
84;Auvergne-Rhône-Alpes;1;Ain;300;Hydraulique;1;Injection totale;"d-]250;...[";NON;2020-12-31;0;0.0;0;0.0;0;0.0
84;Auvergne-Rhône-Alpes;1;Ain;400;Bio énergie;1;Injection totale;"b-]36;100]";NON;2020-12-31;0;0.0;0;0.0;0;0.0
84;Auvergne-Rhône-Alpes;1;Ain;600;Autres;1;Injection totale;"c-]100;250]";NON;2020-12-31;0;0.0;0;0.0;0;0.0
84;Auvergne-Rhône-Alpes;3;Allier;100;Photovoltaïque;1;Injection totale;"c-]100;250]";NON;2020-12-31;7;1.6795;0;0.0;0;0.0
84;Auvergne-Rhône-Alpes;3;Allier;500;Cogénération;1;Injection totale;"a-]0;36]";NON;2020-12-31;0;0.0;0;0.0;0;0.0
84;Auvergne-Rhône-Alpes;3;Allier;500;Cogénération;1;Injection totale;"d-]250;...[";NON;2020-12-31;0;0.0;0;0.0;0;0.0
84;Auvergne-Rhône-Alpes;7;Ardèche;100;Photovoltaïque;1;Injection totale;"c-]100;250]";NON;2020-12-31;14;3.1871;1;0.25;0;0.0
84;Auvergne-Rhône-Alpes;7;Ardèche;100;Photovoltaïque;2;Injection du surplus;"a-]0;36]";NON;2020-12-31;120;0.60389;98;0.40373;110;0.45238
84;Auvergne-Rhône-Alpes;7;Ardèche;100;Photovoltaïque;2;Injection du surplus;"b-]36;100]";NON;2020-12-31;0;0.0;0;0.0;0;0.0
84;Auvergne-Rhône-Alpes;7;Ardèche;100;Photovoltaïque;3;Autoconsommation sans injection;"b-]36;100]";NON;2020-12-31;0;0.0;0;0.0;0;0.0
84;Auvergne-Rhône-Alpes;7;Ardèche;300;Hydraulique;1;Injection totale;"a-]0;36]";NON;2020-12-31;0;0.0;0;0.0;0;0.0
84;Auvergne-Rhône-Alpes;7;Ardèche;600;Autres;1;Injection totale;"a-]0;36]";NON;2020-12-31;0;0.0;0;0.0;0;0.0
84;Auvergne-Rhône-Alpes;15;Cantal;100;Photovoltaïque;3;Autoconsommation sans injection;"d-]250;...[";NON;2020-12-31;0;0.0;0;0.0;0;0.0
84;Auvergne-Rhône-Alpes;15;Cantal;300;Hydraulique;2;Injection du surplus;"a-]0;36]";NON;2020-12-31;0;0.0;0;0.0;0;0.0
84;Auvergne-Rhône-Alpes;26;Drôme;100;Photovoltaïque;3;Autoconsommation sans injection;"c-]100;250]";NON;2020-12-31;3;0.589;0;0.0;0;0.0
84;Auvergne-Rhône-Alpes;26;Drôme;200;Eolien;2;Injection du surplus;"a-]0;36]";NON;2020-12-31;0;0.0;0;0.0;0;0.0
84;Auvergne-Rhône-Alpes;26;Drôme;400;Bio énergie;1;Injection totale;"b-]36;100]";NON;2020-12-31;0;0.0;0;0.0;0;0.0
84;Auvergne-Rhône-Alpes;38;Isère;100;Photovoltaïque;2;Injection du surplus;"b-]36;100]";NON;2020-12-31;6;0.3661;1;0.096;1;0.0426
84;Auvergne-Rhône-Alpes;38;Isère;200;Eolien;1;Injection totale;"a-]0;36]";NON;2020-12-31;0;0.0;0;0.0;0;0.0
84;Auvergne-Rhône-Alpes;38;Isère;500;Cogénération;3;Autoconsommation sans injection;"c-]100;250]";NON;2020-12-31;0;0.0;0;0.0;0;0.0
84;Auvergne-Rhône-Alpes;42;Loire;200;Eolien;2;Injection du surplus;"a-]0;36]";NON;2020-12-31;1;0.003;0;0.0;0;0.0
84;Auvergne-Rhône-Alpes;42;Loire;300;Hydraulique;1;Injection totale;"b-]36;100]";NON;2020-12-31;2;0.137;0;0.0;0;0.0
84;Auvergne-Rhône-Alpes;42;Loire;500;Cogénération;1;Injection totale;"d-]250;...[";NON;2020-12-31;0;0.0;0;0.0;0;0.0
84;Auvergne-Rhône-Alpes;43;Haute-Loire;100;Photovoltaïque;1;Injection totale;"a-]0;36]";NON;2020-12-31;17;0.3632;4;0.119;1;0.03
84;Auvergne-Rhône-Alpes;43;Haute-Loire;100;Photovoltaïque;3;Autoconsommation sans injection;"a-]0;36]";OUI;2020-12-31;0;0.0;0;0.0;0;0.0
84;Auvergne-Rhône-Alpes;43;Haute-Loire;200;Eolien;1;Injection totale;"d-]250;...[";NON;2020-12-31;0;0.0;0;0.0;0;0.0
84;Auvergne-Rhône-Alpes;43;Haute-Loire;300;Hydraulique;1;Injection totale;"d-]250;...[";NON;2020-12-31;1;0.499;1;0.499;1;0.365
84;Auvergne-Rhône-Alpes;63;Puy-de-Dôme;100;Photovoltaïque;2;Injection du surplus;"a-]0;36]";NON;2020-12-31;159;0.68461;153;0.61344;136;0.52984
84;Auvergne-Rhône-Alpes;63;Puy-de-Dôme;100;Photovoltaïque;2;Injection du surplus;"c-]100;250]";NON;2020-12-31;0;0.0;0;0.0;0;0.0
84;Auvergne-Rhône-Alpes;63;Puy-de-Dôme;200;Eolien;1;Injection totale;"d-]250;...[";NON;2020-12-31;4;54.0;0;0.0;0;0.0
84;Auvergne-Rhône-Alpes;63;Puy-de-Dôme;300;Hydraulique;1;Injection totale;"a-]0;36]";NON;2020-12-31;0;0.0;0;0.0;0;0.0
84;Auvergne-Rhône-Alpes;63;Puy-de-Dôme;300;Hydraulique;2;Injection du surplus;"c-]100;250]";NON;2020-12-31;0;0.0;0;0.0;0;0.0
84;Auvergne-Rhône-Alpes;63;Puy-de-Dôme;600;Autres;1;Injection totale;"a-]0;36]";NON;2020-12-31;0;0.0;0;0.0;0;0.0
84;Auvergne-Rhône-Alpes;69;Rhône;200;Eolien;1;Injection totale;"d-]250;...[";NON;2020-12-31;1;9.15;0;0.0;1;12.0
84;Auvergne-Rhône-Alpes;69;Rhône;500;Cogénération;2;Injection du surplus;"d-]250;...[";NON;2020-12-31;0;0.0;0;0.0;0;0.0
84;Auvergne-Rhône-Alpes;74;Haute-Savoie;100;Photovoltaïque;1;Injection totale;"a-]0;36]";NON;2020-12-31;30;0.27675;8;0.09315;2;0.042
84;Auvergne-Rhône-Alpes;74;Haute-Savoie;100;Photovoltaïque;2;Injection du surplus;"c-]100;250]";NON;2020-12-31;1;0.24;0;0.0;0;0.0
84;Auvergne-Rhône-Alpes;74;Haute-Savoie;300;Hydraulique;2;Injection du surplus;"d-]250;...[";NON;2020-12-31;0;0.0;0;0.0;0;0.0
84;Auvergne-Rhône-Alpes;74;Haute-Savoie;300;Hydraulique;3;Autoconsommation sans injection;"d-]250;...[";NON;2020-12-31;0;0.0;0;0.0;0;0.0
84;Auvergne-Rhône-Alpes;74;Haute-Savoie;500;Cogénération;1;Injection totale;"d-]250;...[";NON;2020-12-31;0;0.0;0;0.0;0;0.0
84;Auvergne-Rhône-Alpes;74;Haute-Savoie;600;Autres;2;Injection du surplus;"a-]0;36]";NON;2020-12-31;0;0.0;0;0.0;0;0.0
84;Auvergne-Rhône-Alpes;01;Ain;100;Photovoltaïque;1;Injection totale;"c-]100;250]";Non Dispo;2020-03-31;2;0.47;2;0.47;0;0.0
84;Auvergne-Rhône-Alpes;01;Ain;300;Hydraulique;1;Injection totale;"b-]36;100]";Non Dispo;2020-03-31;1;0.09;1;0.09;0;0.0
84;Auvergne-Rhône-Alpes;01;Ain;400;Bio énergie;1;Injection totale;"b-]36;100]";Non Dispo;2020-03-31;0;0.0;0;0.0;0;0.0
84;Auvergne-Rhône-Alpes;01;Ain;400;Bio énergie;2;Injection du surplus;"a-]0;36]";Non Dispo;2020-03-31;0;0.0;0;0.0;0;0.0
84;Auvergne-Rhône-Alpes;01;Ain;500;Cogénération;2;Injection du surplus;"a-]0;36]";Non Dispo;2020-03-31;0;0.0;0;0.0;0;0.0
84;Auvergne-Rhône-Alpes;03;Allier;100;Photovoltaïque;2;Injection du surplus;"b-]36;100]";Non Dispo;2020-03-31;1;0.04;0;0.0;0;0.0
84;Auvergne-Rhône-Alpes;03;Allier;200;Eolien;1;Injection totale;"d-]250;...[";Non Dispo;2020-03-31;2;18.0;0;0.0;0;0.0
84;Auvergne-Rhône-Alpes;03;Allier;300;Hydraulique;1;Injection totale;"d-]250;...[";Non Dispo;2020-03-31;1;0.36;0;0.0;0;0.0
84;Auvergne-Rhône-Alpes;07;Ardèche;100;Photovoltaïque;3;Autoconsommation sans injection;"b-]36;100]";Non Dispo;2020-03-31;1;0.0426;0;0.0;0;0.0
84;Auvergne-Rhône-Alpes;07;Ardèche;100;Photovoltaïque;2;Injection du surplus;"a-]0;36]";Non Dispo;2020-03-31;72;0.3581;53;0.2546;74;0.2871
84;Auvergne-Rhône-Alpes;07;Ardèche;100;Photovoltaïque;2;Injection du surplus;"d-]250;...[";Non Dispo;2020-03-31;1;0.37;1;0.37;0;0.0
84;Auvergne-Rhône-Alpes;07;Ardèche;200;Eolien;1;Injection totale;"d-]250;...[";Non Dispo;2020-03-31;3;23.35;0;0.0;0;0.0
84;Auvergne-Rhône-Alpes;07;Ardèche;200;Eolien;1;Injection totale;"b-]36;100]";Non Dispo;2020-03-31;0;0.0;0;0.0;0;0.0
84;Auvergne-Rhône-Alpes;07;Ardèche;300;Hydraulique;1;Injection totale;"d-]250;...[";Non Dispo;2020-03-31;1;0.272;0;0.0;0;0.0
84;Auvergne-Rhône-Alpes;15;Cantal;200;Eolien;1;Injection totale;"a-]0;36]";Non Dispo;2020-03-31;0;0.0;0;0.0;0;0.0
84;Auvergne-Rhône-Alpes;15;Cantal;300;Hydraulique;1;Injection totale;"a-]0;36]";Non Dispo;2020-03-31;0;0.0;0;0.0;3;0.0
84;Auvergne-Rhône-Alpes;26;Drôme;100;Photovoltaïque;1;Injection totale;"b-]36;100]";Non Dispo;2020-03-31;227;20.97211;26;2.45413;14;1.30306
84;Auvergne-Rhône-Alpes;26;Drôme;100;Photovoltaïque;1;Injection totale;"a-]0;36]";Non Dispo;2020-03-31;59;1.1695;14;0.2497;12;0.2052
84;Auvergne-Rhône-Alpes;26;Drôme;200;Eolien;1;Injection totale;"d-]250;...[";Non Dispo;2020-03-31;1;11.5;0;0.0;0;0.0
84;Auvergne-Rhône-Alpes;26;Drôme;500;Cogénération;1;Injection totale;"d-]250;...[";Non Dispo;2020-03-31;3;2.97;3;2.97;0;0.0
84;Auvergne-Rhône-Alpes;26;Drôme;600;Autres;1;Injection totale;"d-]250;...[";Non Dispo;2020-03-31;0;0.0;0;0.0;0;0.0
84;Auvergne-Rhône-Alpes;38;Isère;100;Photovoltaïque;3;Autoconsommation sans injection;"d-]250;...[";Non Dispo;2020-03-31;2;1.385;1;0.925;0;0.0
84;Auvergne-Rhône-Alpes;38;Isère;100;Photovoltaïque;3;Autoconsommation sans injection;"b-]36;100]";Non Dispo;2020-03-31;1;0.066;1;0.066;0;0.0
84;Auvergne-Rhône-Alpes;38;Isère;200;Eolien;1;Injection totale;"a-]0;36]";Non Dispo;2020-03-31;0;0.0;0;0.0;0;0.0
84;Auvergne-Rhône-Alpes;38;Isère;300;Hydraulique;1;Injection totale;"d-]250;...[";Non Dispo;2020-03-31;4;17.635;0;0.0;0;0.0
84;Auvergne-Rhône-Alpes;38;Isère;500;Cogénération;2;Injection du surplus;"a-]0;36]";Non Dispo;2020-03-31;0;0.0;0;0.0;0;0.0
84;Auvergne-Rhône-Alpes;42;Loire;200;Eolien;2;Injection du surplus;"a-]0;36]";Non Dispo;2020-03-31;0;0.0;0;0.0;0;0.0
84;Auvergne-Rhône-Alpes;42;Loire;300;Hydraulique;1;Injection totale;"c-]100;250]";Non Dispo;2020-03-31;0;0.0;0;0.0;0;0.0
84;Auvergne-Rhône-Alpes;42;Loire;300;Hydraulique;3;Autoconsommation sans injection;"a-]0;36]";Non Dispo;2020-03-31;0;0.0;0;0.0;0;0.0
84;Auvergne-Rhône-Alpes;42;Loire;300;Hydraulique;2;Injection du surplus;"a-]0;36]";Non Dispo;2020-03-31;0;0.0;0;0.0;0;0.0
84;Auvergne-Rhône-Alpes;42;Loire;400;Bio énergie;2;Injection du surplus;"c-]100;250]";Non Dispo;2020-03-31;0;0.0;0;0.0;0;0.0
84;Auvergne-Rhône-Alpes;42;Loire;600;Autres;1;Injection totale;"c-]100;250]";Non Dispo;2020-03-31;0;0.0;0;0.0;0;0.0
84;Auvergne-Rhône-Alpes;43;Haute-Loire;100;Photovoltaïque;2;Injection du surplus;"d-]250;...[";Non Dispo;2020-03-31;1;0.414;0;0.0;0;0.0
84;Auvergne-Rhône-Alpes;43;Haute-Loire;100;Photovoltaïque;1;Injection totale;"a-]0;36]";Non Dispo;2020-03-31;13;0.263;3;0.053;3;0.063
84;Auvergne-Rhône-Alpes;43;Haute-Loire;100;Photovoltaïque;2;Injection du surplus;"b-]36;100]";Non Dispo;2020-03-31;2;0.09149;0;0.0;2;0.1328
84;Auvergne-Rhône-Alpes;43;Haute-Loire;400;Bio énergie;2;Injection du surplus;"a-]0;36]";Non Dispo;2020-03-31;0;0.0;0;0.0;0;0.0
84;Auvergne-Rhône-Alpes;43;Haute-Loire;500;Cogénération;1;Injection totale;"d-]250;...[";Non Dispo;2020-03-31;0;0.0;0;0.0;0;0.0
84;Auvergne-Rhône-Alpes;63;Puy-de-Dôme;300;Hydraulique;1;Injection totale;"b-]36;100]";Non Dispo;2020-03-31;2;0.19;1;0.1;0;0.0
84;Auvergne-Rhône-Alpes;63;Puy-de-Dôme;400;Bio énergie;1;Injection totale;"c-]100;250]";Non Dispo;2020-03-31;2;0.35;0;0.0;0;0.0
84;Auvergne-Rhône-Alpes;63;Puy-de-Dôme;400;Bio énergie;1;Injection totale;"a-]0;36]";Non Dispo;2020-03-31;0;0.0;0;0.0;0;0.0
84;Auvergne-Rhône-Alpes;69;Rhône;100;Photovoltaïque;1;Injection totale;"c-]100;250]";Non Dispo;2020-03-31;7;1.28656;0;0.0;1;0.21
84;Auvergne-Rhône-Alpes;69;Rhône;100;Photovoltaïque;3;Autoconsommation sans injection;"b-]36;100]";Non Dispo;2020-03-31;0;0.0;0;0.0;0;0.0
84;Auvergne-Rhône-Alpes;69;Rhône;300;Hydraulique;1;Injection totale;"c-]100;250]";Non Dispo;2020-03-31;0;0.0;0;0.0;0;0.0
84;Auvergne-Rhône-Alpes;69;Rhône;400;Bio énergie;1;Injection totale;"a-]0;36]";Non Dispo;2020-03-31;0;0.0;0;0.0;0;0.0
84;Auvergne-Rhône-Alpes;69;Rhône;500;Cogénération;1;Injection totale;"d-]250;...[";Non Dispo;2020-03-31;1;1.0;1;1.0;0;0.0
84;Auvergne-Rhône-Alpes;73;Savoie;300;Hydraulique;1;Injection totale;"a-]0;36]";Non Dispo;2020-03-31;1;0.018;0;0.0;0;0.0
84;Auvergne-Rhône-Alpes;73;Savoie;400;Bio énergie;1;Injection totale;"d-]250;...[";Non Dispo;2020-03-31;0;0.0;0;0.0;0;0.0
84;Auvergne-Rhône-Alpes;74;Haute-Savoie;100;Photovoltaïque;3;Autoconsommation sans injection;"a-]0;36]";Non Dispo;2020-03-31;0;0.0;9;0.1537;9;0.1537
84;Auvergne-Rhône-Alpes;74;Haute-Savoie;400;Bio énergie;1;Injection totale;"a-]0;36]";Non Dispo;2020-03-31;0;0.0;0;0.0;0;0.0
84;Auvergne-Rhône-Alpes;1;Ain;100;Photovoltaïque;1;Injection totale;"a-]0;36]";NON;2021-06-30;18;0.2403;4;0.0383;1;0.009
84;Auvergne-Rhône-Alpes;1;Ain;100;Photovoltaïque;3;Autoconsommation sans injection;"c-]100;250]";NON;2021-06-30;4;0.59;2;0.28;0;0.0
84;Auvergne-Rhône-Alpes;1;Ain;200;Eolien;1;Injection totale;"d-]250;...[";NON;2021-06-30;2;21.0;0;0.0;0;0.0
84;Auvergne-Rhône-Alpes;1;Ain;400;Bio énergie;1;Injection totale;"d-]250;...[";NON;2021-06-30;0;0.0;0;0.0;0;0.0
84;Auvergne-Rhône-Alpes;1;Ain;400;Bio énergie;2;Injection du surplus;"a-]0;36]";NON;2021-06-30;0;0.0;0;0.0;0;0.0
84;Auvergne-Rhône-Alpes;3;Allier;200;Eolien;1;Injection totale;"a-]0;36]";NON;2021-06-30;0;0.0;0;0.0;0;0.0
84;Auvergne-Rhône-Alpes;7;Ardèche;100;Photovoltaïque;1;Injection totale;"b-]36;100]";NON;2021-06-30;74;6.76921;12;1.1084;20;1.82118
84;Auvergne-Rhône-Alpes;7;Ardèche;100;Photovoltaïque;2;Injection du surplus;"a-]0;36]";NON;2021-06-30;148;0.72919;178;0.74397;144;0.60865
84;Auvergne-Rhône-Alpes;7;Ardèche;600;Autres;1;Injection totale;"a-]0;36]";NON;2021-06-30;0;0.0;0;0.0;0;0.0
84;Auvergne-Rhône-Alpes;7;Ardèche;600;Autres;1;Injection totale;"b-]36;100]";NON;2021-06-30;0;0.0;0;0.0;0;0.0
84;Auvergne-Rhône-Alpes;7;Ardèche;600;Autres;2;Injection du surplus;"a-]0;36]";NON;2021-06-30;0;0.0;0;0.0;0;0.0
84;Auvergne-Rhône-Alpes;15;Cantal;100;Photovoltaïque;1;Injection totale;"b-]36;100]";NON;2021-06-30;241;22.41089;20;1.8268;30;2.74492
84;Auvergne-Rhône-Alpes;15;Cantal;100;Photovoltaïque;1;Injection totale;"c-]100;250]";OUI;2021-06-30;0;0.0;0;0.0;0;0.0
84;Auvergne-Rhône-Alpes;15;Cantal;100;Photovoltaïque;1;Injection totale;"d-]250;...[";NON;2021-06-30;4;14.609;0;0.0;0;0.0
84;Auvergne-Rhône-Alpes;15;Cantal;200;Eolien;1;Injection totale;"a-]0;36]";NON;2021-06-30;0;0.0;0;0.0;0;0.0
84;Auvergne-Rhône-Alpes;15;Cantal;400;Bio énergie;1;Injection totale;"c-]100;250]";NON;2021-06-30;0;0.0;0;0.0;0;0.0
84;Auvergne-Rhône-Alpes;15;Cantal;550;Stockage hors hydraulique;2;Injection du surplus;"d-]250;...[";OUI;2021-06-30;4;5.0;0;0.0;0;0.0
84;Auvergne-Rhône-Alpes;26;Drôme;100;Photovoltaïque;2;Injection du surplus;"a-]0;36]";OUI;2021-06-30;2;0.0114;2;0.0084;2;0.0039
84;Auvergne-Rhône-Alpes;26;Drôme;100;Photovoltaïque;3;Autoconsommation sans injection;"c-]100;250]";NON;2021-06-30;2;0.468;1;0.248;0;0.0
84;Auvergne-Rhône-Alpes;26;Drôme;500;Cogénération;1;Injection totale;"c-]100;250]";NON;2021-06-30;0;0.0;0;0.0;0;0.0
84;Auvergne-Rhône-Alpes;26;Drôme;500;Cogénération;3;Autoconsommation sans injection;"d-]250;...[";NON;2021-06-30;0;0.0;0;0.0;0;0.0
84;Auvergne-Rhône-Alpes;38;Isère;100;Photovoltaïque;2;Injection du surplus;"b-]36;100]";NON;2021-06-30;7;0.5159;3;0.18;0;0.0
84;Auvergne-Rhône-Alpes;38;Isère;100;Photovoltaïque;3;Autoconsommation sans injection;"a-]0;36]";NON;2021-06-30;0;0.0;46;0.0881;46;0.0881
84;Auvergne-Rhône-Alpes;38;Isère;300;Hydraulique;1;Injection totale;"b-]36;100]";NON;2021-06-30;0;0.0;0;0.0;0;0.0
84;Auvergne-Rhône-Alpes;38;Isère;300;Hydraulique;1;Injection totale;"c-]100;250]";NON;2021-06-30;0;0.0;0;0.0;1;0.25
84;Auvergne-Rhône-Alpes;38;Isère;300;Hydraulique;3;Autoconsommation sans injection;"a-]0;36]";NON;2021-06-30;0;0.0;1;0.02;1;0.02
84;Auvergne-Rhône-Alpes;38;Isère;400;Bio énergie;1;Injection totale;"b-]36;100]";NON;2021-06-30;0;0.0;0;0.0;0;0.0
84;Auvergne-Rhône-Alpes;38;Isère;600;Autres;1;Injection totale;"d-]250;...[";NON;2021-06-30;0;0.0;0;0.0;0;0.0
84;Auvergne-Rhône-Alpes;42;Loire;100;Photovoltaïque;1;Injection totale;"a-]0;36]";NON;2021-06-30;72;0.8455;9;0.12;9;0.1935
84;Auvergne-Rhône-Alpes;42;Loire;300;Hydraulique;1;Injection totale;"a-]0;36]";NON;2021-06-30;0;0.0;0;0.0;0;0.0
84;Auvergne-Rhône-Alpes;42;Loire;300;Hydraulique;1;Injection totale;"b-]36;100]";NON;2021-06-30;0;0.0;0;0.0;0;0.0
84;Auvergne-Rhône-Alpes;43;Haute-Loire;100;Photovoltaïque;2;Injection du surplus;"d-]250;...[";NON;2021-06-30;0;0.0;0;0.0;0;0.0
84;Auvergne-Rhône-Alpes;43;Haute-Loire;200;Eolien;1;Injection totale;"d-]250;...[";NON;2021-06-30;0;0.0;0;0.0;0;0.0
84;Auvergne-Rhône-Alpes;63;Puy-de-Dôme;100;Photovoltaïque;1;Injection totale;"d-]250;...[";NON;2021-06-30;8;26.41;0;0.0;0;0.0
84;Auvergne-Rhône-Alpes;63;Puy-de-Dôme;100;Photovoltaïque;2;Injection du surplus;"a-]0;36]";OUI;2021-06-30;5;0.02835;1;0.00495;2;0.017
84;Auvergne-Rhône-Alpes;63;Puy-de-Dôme;100;Photovoltaïque;2;Injection du surplus;"d-]250;...[";NON;2021-06-30;0;0.0;0;0.0;0;0.0
84;Auvergne-Rhône-Alpes;63;Puy-de-Dôme;100;Photovoltaïque;3;Autoconsommation sans injection;"a-]0;36]";NON;2021-06-30;0;0.0;30;0.12359;30;0.12359
84;Auvergne-Rhône-Alpes;63;Puy-de-Dôme;100;Photovoltaïque;3;Autoconsommation sans injection;"a-]0;36]";OUI;2021-06-30;0;0.0;0;0.0;0;0.0
84;Auvergne-Rhône-Alpes;63;Puy-de-Dôme;100;Photovoltaïque;3;Autoconsommation sans injection;"d-]250;...[";NON;2021-06-30;0;0.0;0;0.0;0;0.0
84;Auvergne-Rhône-Alpes;63;Puy-de-Dôme;300;Hydraulique;2;Injection du surplus;"b-]36;100]";NON;2021-06-30;0;0.0;0;0.0;0;0.0
84;Auvergne-Rhône-Alpes;69;Rhône;100;Photovoltaïque;1;Injection totale;"c-]100;250]";NON;2021-06-30;5;0.98296;0;0.0;1;0.2
84;Auvergne-Rhône-Alpes;69;Rhône;200;Eolien;2;Injection du surplus;"a-]0;36]";NON;2021-06-30;0;0.0;0;0.0;0;0.0
84;Auvergne-Rhône-Alpes;69;Rhône;400;Bio énergie;1;Injection totale;"d-]250;...[";NON;2021-06-30;1;0.3;0;0.0;0;0.0
84;Auvergne-Rhône-Alpes;69;Rhône;500;Cogénération;3;Autoconsommation sans injection;"a-]0;36]";NON;2021-06-30;0;0.0;0;0.0;0;0.0
84;Auvergne-Rhône-Alpes;69;Rhône;500;Cogénération;3;Autoconsommation sans injection;"d-]250;...[";NON;2021-06-30;0;0.0;0;0.0;0;0.0
84;Auvergne-Rhône-Alpes;73;Savoie;100;Photovoltaïque;1;Injection totale;"a-]0;36]";NON;2021-06-30;31;0.4307;9;0.0999;6;0.0648
84;Auvergne-Rhône-Alpes;73;Savoie;100;Photovoltaïque;3;Autoconsommation sans injection;"a-]0;36]";OUI;2021-06-30;0;0.0;0;0.0;0;0.0
84;Auvergne-Rhône-Alpes;73;Savoie;100;Photovoltaïque;3;Autoconsommation sans injection;"b-]36;100]";NON;2021-06-30;2;0.116;0;0.0;0;0.0
84;Auvergne-Rhône-Alpes;73;Savoie;300;Hydraulique;1;Injection totale;"c-]100;250]";NON;2021-06-30;0;0.0;0;0.0;0;0.0
84;Auvergne-Rhône-Alpes;73;Savoie;300;Hydraulique;1;Injection totale;"d-]250;...[";NON;2021-06-30;7;14.223;2;4.01;3;2.489
84;Auvergne-Rhône-Alpes;73;Savoie;300;Hydraulique;2;Injection du surplus;"d-]250;...[";NON;2021-06-30;1;0.999;0;0.0;0;0.0
84;Auvergne-Rhône-Alpes;73;Savoie;500;Cogénération;1;Injection totale;"a-]0;36]";NON;2021-06-30;0;0.0;0;0.0;0;0.0
84;Auvergne-Rhône-Alpes;73;Savoie;600;Autres;1;Injection totale;"b-]36;100]";NON;2021-06-30;0;0.0;0;0.0;0;0.0
84;Auvergne-Rhône-Alpes;74;Haute-Savoie;100;Photovoltaïque;3;Autoconsommation sans injection;"a-]0;36]";NON;2021-06-30;0;0.0;18;0.06648;18;0.06648
84;Auvergne-Rhône-Alpes;74;Haute-Savoie;100;Photovoltaïque;3;Autoconsommation sans injection;"c-]100;250]";NON;2021-06-30;1;0.132;1;0.132;0;0.0
84;Auvergne-Rhône-Alpes;74;Haute-Savoie;300;Hydraulique;1;Injection totale;"d-]250;...[";NON;2021-06-30;2;3.624;0;0.0;0;0.0
84;Auvergne-Rhône-Alpes;74;Haute-Savoie;500;Cogénération;1;Injection totale;"b-]36;100]";NON;2021-06-30;1;0.05;0;0.0;0;0.0
84;Auvergne-Rhône-Alpes;74;Haute-Savoie;600;Autres;1;Injection totale;"c-]100;250]";NON;2021-06-30;0;0.0;0;0.0;0;0.0
84;Auvergne-Rhône-Alpes;1;Ain;300;Hydraulique;1;Injection totale;"a-]0;36]";NON;2021-03-31;0;0.0;0;0.0;0;0.0
84;Auvergne-Rhône-Alpes;1;Ain;300;Hydraulique;2;Injection du surplus;"b-]36;100]";NON;2021-03-31;0;0.0;0;0.0;0;0.0
84;Auvergne-Rhône-Alpes;1;Ain;500;Cogénération;2;Injection du surplus;"a-]0;36]";NON;2021-03-31;0;0.0;0;0.0;0;0.0
84;Auvergne-Rhône-Alpes;3;Allier;100;Photovoltaïque;1;Injection totale;"a-]0;36]";NON;2021-03-31;11;0.191;3;0.015;2;0.0387
84;Auvergne-Rhône-Alpes;3;Allier;100;Photovoltaïque;3;Autoconsommation sans injection;"d-]250;...[";NON;2021-03-31;1;1.23;0;0.0;0;0.0
84;Auvergne-Rhône-Alpes;3;Allier;200;Eolien;2;Injection du surplus;"a-]0;36]";NON;2021-03-31;0;0.0;0;0.0;0;0.0
84;Auvergne-Rhône-Alpes;3;Allier;300;Hydraulique;1;Injection totale;"d-]250;...[";NON;2021-03-31;2;0.62;0;0.0;1;3.4
84;Auvergne-Rhône-Alpes;3;Allier;600;Autres;1;Injection totale;"a-]0;36]";NON;2021-03-31;0;0.0;0;0.0;0;0.0
84;Auvergne-Rhône-Alpes;7;Ardèche;100;Photovoltaïque;1;Injection totale;"b-]36;100]";NON;2021-03-31;81;7.43909;3;0.282;6;0.5719
84;Auvergne-Rhône-Alpes;7;Ardèche;100;Photovoltaïque;3;Autoconsommation sans injection;"a-]0;36]";OUI;2021-03-31;0;0.0;0;0.0;0;0.0
84;Auvergne-Rhône-Alpes;7;Ardèche;100;Photovoltaïque;3;Autoconsommation sans injection;"c-]100;250]";NON;2021-03-31;2;0.363;0;0.0;0;0.0
84;Auvergne-Rhône-Alpes;7;Ardèche;300;Hydraulique;2;Injection du surplus;"c-]100;250]";NON;2021-03-31;0;0.0;0;0.0;0;0.0
84;Auvergne-Rhône-Alpes;15;Cantal;100;Photovoltaïque;2;Injection du surplus;"a-]0;36]";OUI;2021-03-31;0;0.0;0;0.0;0;0.0
84;Auvergne-Rhône-Alpes;15;Cantal;100;Photovoltaïque;3;Autoconsommation sans injection;"a-]0;36]";NON;2021-03-31;0;0.0;1;0.003;1;0.003
84;Auvergne-Rhône-Alpes;15;Cantal;300;Hydraulique;1;Injection totale;"a-]0;36]";NON;2021-03-31;1;0.021;0;0.0;0;0.0
84;Auvergne-Rhône-Alpes;15;Cantal;300;Hydraulique;1;Injection totale;"b-]36;100]";NON;2021-03-31;1;0.06539;0;0.0;0;0.0
84;Auvergne-Rhône-Alpes;15;Cantal;400;Bio énergie;1;Injection totale;"b-]36;100]";NON;2021-03-31;0;0.0;0;0.0;0;0.0
84;Auvergne-Rhône-Alpes;15;Cantal;600;Autres;1;Injection totale;"b-]36;100]";NON;2021-03-31;0;0.0;0;0.0;0;0.0
84;Auvergne-Rhône-Alpes;26;Drôme;100;Photovoltaïque;1;Injection totale;"d-]250;...[";NON;2021-03-31;19;39.581;3;5.15;4;9.32
84;Auvergne-Rhône-Alpes;26;Drôme;100;Photovoltaïque;3;Autoconsommation sans injection;"d-]250;...[";NON;2021-03-31;0;0.0;0;0.0;1;0.37
84;Auvergne-Rhône-Alpes;26;Drôme;300;Hydraulique;1;Injection totale;"b-]36;100]";NON;2021-03-31;0;0.0;0;0.0;0;0.0
84;Auvergne-Rhône-Alpes;26;Drôme;500;Cogénération;1;Injection totale;"c-]100;250]";NON;2021-03-31;0;0.0;0;0.0;0;0.0
84;Auvergne-Rhône-Alpes;38;Isère;400;Bio énergie;1;Injection totale;"a-]0;36]";NON;2021-03-31;0;0.0;0;0.0;0;0.0
84;Auvergne-Rhône-Alpes;38;Isère;500;Cogénération;1;Injection totale;"d-]250;...[";NON;2021-03-31;0;0.0;0;0.0;0;0.0
84;Auvergne-Rhône-Alpes;42;Loire;100;Photovoltaïque;1;Injection totale;"a-]0;36]";OUI;2021-03-31;0;0.0;0;0.0;0;0.0
84;Auvergne-Rhône-Alpes;42;Loire;100;Photovoltaïque;3;Autoconsommation sans injection;"a-]0;36]";OUI;2021-03-31;0;0.0;1;0.003;1;0.003
84;Auvergne-Rhône-Alpes;42;Loire;100;Photovoltaïque;3;Autoconsommation sans injection;"b-]36;100]";NON;2021-03-31;1;0.05;0;0.0;0;0.0
84;Auvergne-Rhône-Alpes;42;Loire;100;Photovoltaïque;3;Autoconsommation sans injection;"d-]250;...[";NON;2021-03-31;0;0.0;0;0.0;0;0.0
84;Auvergne-Rhône-Alpes;42;Loire;300;Hydraulique;2;Injection du surplus;"d-]250;...[";NON;2021-03-31;1;0.824;0;0.0;0;0.0
84;Auvergne-Rhône-Alpes;42;Loire;400;Bio énergie;1;Injection totale;"a-]0;36]";NON;2021-03-31;0;0.0;0;0.0;0;0.0
84;Auvergne-Rhône-Alpes;42;Loire;500;Cogénération;1;Injection totale;"d-]250;...[";NON;2021-03-31;0;0.0;0;0.0;0;0.0
84;Auvergne-Rhône-Alpes;42;Loire;500;Cogénération;3;Autoconsommation sans injection;"b-]36;100]";NON;2021-03-31;0;0.0;0;0.0;0;0.0
84;Auvergne-Rhône-Alpes;43;Haute-Loire;100;Photovoltaïque;1;Injection totale;"d-]250;...[";NON;2021-03-31;3;15.735;0;0.0;0;0.0
84;Auvergne-Rhône-Alpes;43;Haute-Loire;200;Eolien;1;Injection totale;"d-]250;...[";NON;2021-03-31;0;0.0;0;0.0;0;0.0
84;Auvergne-Rhône-Alpes;43;Haute-Loire;400;Bio énergie;1;Injection totale;"d-]250;...[";NON;2021-03-31;0;0.0;0;0.0;0;0.0
84;Auvergne-Rhône-Alpes;63;Puy-de-Dôme;100;Photovoltaïque;1;Injection totale;"a-]0;36]";OUI;2021-03-31;0;0.0;0;0.0;0;0.0
84;Auvergne-Rhône-Alpes;63;Puy-de-Dôme;100;Photovoltaïque;1;Injection totale;"d-]250;...[";NON;2021-03-31;8;26.41;0;0.0;0;0.0
84;Auvergne-Rhône-Alpes;63;Puy-de-Dôme;100;Photovoltaïque;2;Injection du surplus;"a-]0;36]";NON;2021-03-31;193;0.8236;198;0.79154;142;0.59262
84;Auvergne-Rhône-Alpes;63;Puy-de-Dôme;100;Photovoltaïque;2;Injection du surplus;"a-]0;36]";OUI;2021-03-31;6;0.0404;1;0.006;1;0.0046
84;Auvergne-Rhône-Alpes;63;Puy-de-Dôme;100;Photovoltaïque;2;Injection du surplus;"d-]250;...[";NON;2021-03-31;0;0.0;0;0.0;0;0.0
84;Auvergne-Rhône-Alpes;63;Puy-de-Dôme;200;Eolien;1;Injection totale;"d-]250;...[";NON;2021-03-31;3;42.0;0;0.0;1;12.0
84;Auvergne-Rhône-Alpes;63;Puy-de-Dôme;300;Hydraulique;2;Injection du surplus;"c-]100;250]";NON;2021-03-31;0;0.0;0;0.0;0;0.0
84;Auvergne-Rhône-Alpes;69;Rhône;100;Photovoltaïque;1;Injection totale;"d-]250;...[";NON;2021-03-31;10;22.707;2;0.792;0;0.0
84;Auvergne-Rhône-Alpes;69;Rhône;100;Photovoltaïque;2;Injection du surplus;"b-]36;100]";NON;2021-03-31;12;0.76334;3;0.21674;2;0.1594
84;Auvergne-Rhône-Alpes;69;Rhône;100;Photovoltaïque;2;Injection du surplus;"c-]100;250]";NON;2021-03-31;2;0.4032;1;0.21;0;0.0
84;Auvergne-Rhône-Alpes;69;Rhône;200;Eolien;1;Injection totale;"d-]250;...[";NON;2021-03-31;1;9.15;0;0.0;0;0.0
84;Auvergne-Rhône-Alpes;69;Rhône;400;Bio énergie;1;Injection totale;"b-]36;100]";NON;2021-03-31;0;0.0;0;0.0;0;0.0
84;Auvergne-Rhône-Alpes;69;Rhône;600;Autres;1;Injection totale;"a-]0;36]";NON;2021-03-31;0;0.0;0;0.0;0;0.0
84;Auvergne-Rhône-Alpes;69;Rhône;600;Autres;3;Autoconsommation sans injection;"d-]250;...[";NON;2021-03-31;0;0.0;0;0.0;0;0.0
84;Auvergne-Rhône-Alpes;73;Savoie;100;Photovoltaïque;1;Injection totale;"c-]100;250]";NON;2021-03-31;8;1.78918;1;0.25;0;0.0
84;Auvergne-Rhône-Alpes;73;Savoie;100;Photovoltaïque;3;Autoconsommation sans injection;"a-]0;36]";NON;2021-03-31;1;0.015;9;0.01158;9;0.01158
84;Auvergne-Rhône-Alpes;73;Savoie;600;Autres;1;Injection totale;"d-]250;...[";NON;2021-03-31;0;0.0;0;0.0;0;0.0
84;Auvergne-Rhône-Alpes;73;Savoie;600;Autres;2;Injection du surplus;"a-]0;36]";NON;2021-03-31;0;0.0;0;0.0;0;0.0
84;Auvergne-Rhône-Alpes;15;Cantal;100;Photovoltaïque;3;Autoconsommation sans injection;"a-]0;36]";NON;2020-09-30;0;0.0;1;0.003;1;0.003
84;Auvergne-Rhône-Alpes;1;Ain;100;Photovoltaïque;1;Injection totale;"a-]0;36]";NON;2020-09-30;22;0.40758;6;0.12298;5;0.045
84;Auvergne-Rhône-Alpes;69;Rhône;100;Photovoltaïque;3;Autoconsommation sans injection;"b-]36;100]";NON;2020-09-30;2;0.1525;2;0.1525;0;0.0
84;Auvergne-Rhône-Alpes;43;Haute-Loire;100;Photovoltaïque;1;Injection totale;"b-]36;100]";NON;2020-09-30;95;8.53026;8;0.70946;3;0.245
84;Auvergne-Rhône-Alpes;26;Drôme;100;Photovoltaïque;3;Autoconsommation sans injection;"d-]250;...[";NON;2020-09-30;1;0.37;0;0.0;0;0.0
84;Auvergne-Rhône-Alpes;69;Rhône;100;Photovoltaïque;3;Autoconsommation sans injection;"a-]0;36]";NON;2020-09-30;4;0.0868;22;0.08238;22;0.08238
84;Auvergne-Rhône-Alpes;69;Rhône;100;Photovoltaïque;1;Injection totale;"b-]36;100]";NON;2020-09-30;52;4.56149;7;0.60671;5;0.451
84;Auvergne-Rhône-Alpes;73;Savoie;100;Photovoltaïque;3;Autoconsommation sans injection;"b-]36;100]";NON;2020-09-30;2;0.116;0;0.0;0;0.0
84;Auvergne-Rhône-Alpes;74;Haute-Savoie;100;Photovoltaïque;3;Autoconsommation sans injection;"b-]36;100]";NON;2020-09-30;2;0.12976;0;0.0;0;0.0
84;Auvergne-Rhône-Alpes;3;Allier;100;Photovoltaïque;1;Injection totale;"a-]0;36]";OUI;2020-09-30;0;0.0;0;0.0;0;0.0
84;Auvergne-Rhône-Alpes;1;Ain;100;Photovoltaïque;3;Autoconsommation sans injection;"a-]0;36]";NON;2020-09-30;1;0.013;13;0.04466;12;0.03166
84;Auvergne-Rhône-Alpes;1;Ain;100;Photovoltaïque;3;Autoconsommation sans injection;"a-]0;36]";OUI;2020-09-30;0;0.0;1;0.003;1;0.003
84;Auvergne-Rhône-Alpes;3;Allier;100;Photovoltaïque;1;Injection totale;"c-]100;250]";NON;2020-09-30;7;1.6775;0;0.0;2;0.4975
84;Auvergne-Rhône-Alpes;3;Allier;100;Photovoltaïque;2;Injection du surplus;"d-]250;...[";NON;2020-09-30;0;0.0;0;0.0;0;0.0
84;Auvergne-Rhône-Alpes;7;Ardèche;100;Photovoltaïque;3;Autoconsommation sans injection;"d-]250;...[";NON;2020-09-30;0;0.0;0;0.0;0;0.0
84;Auvergne-Rhône-Alpes;26;Drôme;100;Photovoltaïque;1;Injection totale;"d-]250;...[";OUI;2020-09-30;0;0.0;0;0.0;0;0.0
84;Auvergne-Rhône-Alpes;38;Isère;100;Photovoltaïque;1;Injection totale;"d-]250;...[";NON;2020-09-30;14;51.65;0;0.0;1;5.25
84;Auvergne-Rhône-Alpes;42;Loire;100;Photovoltaïque;1;Injection totale;"a-]0;36]";OUI;2020-09-30;0;0.0;0;0.0;0;0.0
84;Auvergne-Rhône-Alpes;42;Loire;100;Photovoltaïque;2;Injection du surplus;"a-]0;36]";NON;2020-09-30;156;0.73039;138;0.56613;102;0.4627
84;Auvergne-Rhône-Alpes;63;Puy-de-Dôme;100;Photovoltaïque;2;Injection du surplus;"a-]0;36]";NON;2020-09-30;164;0.68346;148;0.59405;75;0.32799
84;Auvergne-Rhône-Alpes;63;Puy-de-Dôme;100;Photovoltaïque;2;Injection du surplus;"b-]36;100]";NON;2020-09-30;2;0.148;0;0.0;1;0.05
84;Auvergne-Rhône-Alpes;69;Rhône;100;Photovoltaïque;1;Injection totale;"a-]0;36]";NON;2020-09-30;53;0.8863;9;0.16954;11;0.132
84;Auvergne-Rhône-Alpes;69;Rhône;100;Photovoltaïque;3;Autoconsommation sans injection;"a-]0;36]";OUI;2020-09-30;0;0.0;4;0.0141;4;0.0141
84;Auvergne-Rhône-Alpes;69;Rhône;100;Photovoltaïque;3;Autoconsommation sans injection;"c-]100;250]";NON;2020-09-30;1;0.2;0;0.0;0;0.0
84;Auvergne-Rhône-Alpes;73;Savoie;100;Photovoltaïque;3;Autoconsommation sans injection;"a-]0;36]";OUI;2020-09-30;0;0.0;1;0.0018;1;0.0018
84;Auvergne-Rhône-Alpes;26;Drôme;200;Eolien;1;Injection totale;"a-]0;36]";NON;2020-09-30;0;0.0;0;0.0;0;0.0
84;Auvergne-Rhône-Alpes;42;Loire;200;Eolien;1;Injection totale;"a-]0;36]";NON;2020-09-30;0;0.0;0;0.0;0;0.0
84;Auvergne-Rhône-Alpes;43;Haute-Loire;200;Eolien;1;Injection totale;"b-]36;100]";NON;2020-09-30;0;0.0;0;0.0;0;0.0
84;Auvergne-Rhône-Alpes;15;Cantal;200;Eolien;2;Injection du surplus;"a-]0;36]";NON;2020-09-30;0;0.0;0;0.0;0;0.0
84;Auvergne-Rhône-Alpes;43;Haute-Loire;200;Eolien;1;Injection totale;"d-]250;...[";NON;2020-09-30;0;0.0;0;0.0;0;0.0
84;Auvergne-Rhône-Alpes;26;Drôme;200;Eolien;2;Injection du surplus;"a-]0;36]";NON;2020-09-30;0;0.0;0;0.0;0;0.0
84;Auvergne-Rhône-Alpes;38;Isère;200;Eolien;1;Injection totale;"a-]0;36]";NON;2020-09-30;0;0.0;0;0.0;0;0.0
84;Auvergne-Rhône-Alpes;42;Loire;200;Eolien;2;Injection du surplus;"a-]0;36]";NON;2020-09-30;0;0.0;0;0.0;0;0.0
84;Auvergne-Rhône-Alpes;3;Allier;300;Hydraulique;2;Injection du surplus;"a-]0;36]";NON;2020-09-30;0;0.0;0;0.0;0;0.0
84;Auvergne-Rhône-Alpes;1;Ain;300;Hydraulique;1;Injection totale;"c-]100;250]";NON;2020-09-30;1;0.125;1;0.125;0;0.0
84;Auvergne-Rhône-Alpes;26;Drôme;300;Hydraulique;1;Injection totale;"c-]100;250]";NON;2020-09-30;1;0.13;0;0.0;0;0.0
84;Auvergne-Rhône-Alpes;7;Ardèche;300;Hydraulique;3;Autoconsommation sans injection;"d-]250;...[";NON;2020-09-30;0;0.0;0;0.0;0;0.0
84;Auvergne-Rhône-Alpes;74;Haute-Savoie;300;Hydraulique;1;Injection totale;"b-]36;100]";NON;2020-09-30;0;0.0;0;0.0;0;0.0
84;Auvergne-Rhône-Alpes;3;Allier;400;Bio énergie;1;Injection totale;"d-]250;...[";NON;2020-09-30;0;0.0;0;0.0;0;0.0
84;Auvergne-Rhône-Alpes;15;Cantal;400;Bio énergie;1;Injection totale;"c-]100;250]";NON;2020-09-30;0;0.0;0;0.0;0;0.0
84;Auvergne-Rhône-Alpes;1;Ain;400;Bio énergie;1;Injection totale;"a-]0;36]";NON;2020-09-30;1;0.035;0;0.0;0;0.0
84;Auvergne-Rhône-Alpes;69;Rhône;400;Bio énergie;1;Injection totale;"a-]0;36]";NON;2020-09-30;0;0.0;0;0.0;0;0.0
84;Auvergne-Rhône-Alpes;1;Ain;500;Cogénération;1;Injection totale;"a-]0;36]";NON;2020-09-30;0;0.0;0;0.0;0;0.0
84;Auvergne-Rhône-Alpes;42;Loire;500;Cogénération;1;Injection totale;"d-]250;...[";NON;2020-09-30;0;0.0;0;0.0;0;0.0
84;Auvergne-Rhône-Alpes;63;Puy-de-Dôme;500;Cogénération;1;Injection totale;"a-]0;36]";NON;2020-09-30;0;0.0;0;0.0;0;0.0
84;Auvergne-Rhône-Alpes;38;Isère;600;Autres;1;Injection totale;"d-]250;...[";NON;2020-09-30;0;0.0;0;0.0;0;0.0
84;Auvergne-Rhône-Alpes;1;Ain;600;Autres;1;Injection totale;"d-]250;...[";OUI;2020-09-30;0;0.0;0;0.0;0;0.0
84;Auvergne-Rhône-Alpes;1;Ain;600;Autres;1;Injection totale;"c-]100;250]";NON;2020-09-30;0;0.0;0;0.0;0;0.0
84;Auvergne-Rhône-Alpes;38;Isère;600;Autres;2;Injection du surplus;"c-]100;250]";NON;2020-09-30;1;0.24;1;0.24;0;0.0
84;Auvergne-Rhône-Alpes;69;Rhône;600;Autres;1;Injection totale;"a-]0;36]";NON;2020-09-30;0;0.0;0;0.0;0;0.0
84;Auvergne-Rhône-Alpes;1;Ain;100;Photovoltaïque;1;Injection totale;"d-]250;...[";NON;2020-12-31;19;80.021;1;3.7;1;8.0
84;Auvergne-Rhône-Alpes;1;Ain;100;Photovoltaïque;3;Autoconsommation sans injection;"b-]36;100]";NON;2020-12-31;1;0.044;0;0.0;0;0.0
84;Auvergne-Rhône-Alpes;1;Ain;200;Eolien;1;Injection totale;"a-]0;36]";NON;2020-12-31;0;0.0;0;0.0;0;0.0
84;Auvergne-Rhône-Alpes;1;Ain;300;Hydraulique;2;Injection du surplus;"b-]36;100]";NON;2020-12-31;0;0.0;0;0.0;0;0.0
84;Auvergne-Rhône-Alpes;3;Allier;100;Photovoltaïque;1;Injection totale;"d-]250;...[";NON;2020-12-31;16;83.92188;1;3.132;2;11.746
84;Auvergne-Rhône-Alpes;3;Allier;100;Photovoltaïque;2;Injection du surplus;"a-]0;36]";OUI;2020-12-31;0;0.0;0;0.0;1;0.006
84;Auvergne-Rhône-Alpes;3;Allier;100;Photovoltaïque;3;Autoconsommation sans injection;"a-]0;36]";NON;2020-12-31;0;0.0;13;0.04312;13;0.04312
84;Auvergne-Rhône-Alpes;3;Allier;200;Eolien;1;Injection totale;"d-]250;...[";NON;2020-12-31;1;10.8;0;0.0;1;6.6
84;Auvergne-Rhône-Alpes;3;Allier;400;Bio énergie;1;Injection totale;"d-]250;...[";NON;2020-12-31;0;0.0;0;0.0;0;0.0
84;Auvergne-Rhône-Alpes;7;Ardèche;100;Photovoltaïque;1;Injection totale;"a-]0;36]";NON;2020-12-31;61;0.7826;16;0.2195;13;0.2911
84;Auvergne-Rhône-Alpes;7;Ardèche;100;Photovoltaïque;3;Autoconsommation sans injection;"a-]0;36]";NON;2020-12-31;0;0.0;14;0.02381;14;0.02381
84;Auvergne-Rhône-Alpes;7;Ardèche;400;Bio énergie;1;Injection totale;"b-]36;100]";NON;2020-12-31;0;0.0;0;0.0;0;0.0
84;Auvergne-Rhône-Alpes;15;Cantal;200;Eolien;1;Injection totale;"d-]250;...[";NON;2020-12-31;3;30.4;2;18.4;0;0.0
84;Auvergne-Rhône-Alpes;26;Drôme;100;Photovoltaïque;1;Injection totale;"d-]250;...[";OUI;2020-12-31;0;0.0;0;0.0;0;0.0
84;Auvergne-Rhône-Alpes;26;Drôme;100;Photovoltaïque;2;Injection du surplus;"a-]0;36]";NON;2020-12-31;197;0.88484;158;0.66656;150;0.6822
84;Auvergne-Rhône-Alpes;26;Drôme;600;Autres;1;Injection totale;"d-]250;...[";NON;2020-12-31;0;0.0;0;0.0;0;0.0
84;Auvergne-Rhône-Alpes;38;Isère;100;Photovoltaïque;1;Injection totale;"c-]100;250]";NON;2020-12-31;23;5.0188;4;0.9768;1;0.25
84;Auvergne-Rhône-Alpes;38;Isère;300;Hydraulique;1;Injection totale;"c-]100;250]";NON;2020-12-31;1;0.25;0;0.0;0;0.0
84;Auvergne-Rhône-Alpes;38;Isère;300;Hydraulique;1;Injection totale;"d-]250;...[";NON;2020-12-31;5;18.895;0;0.0;0;0.0
84;Auvergne-Rhône-Alpes;38;Isère;300;Hydraulique;2;Injection du surplus;"d-]250;...[";NON;2020-12-31;0;0.0;0;0.0;0;0.0
84;Auvergne-Rhône-Alpes;38;Isère;400;Bio énergie;1;Injection totale;"c-]100;250]";NON;2020-12-31;0;0.0;0;0.0;1;0.212
84;Auvergne-Rhône-Alpes;38;Isère;600;Autres;1;Injection totale;"b-]36;100]";NON;2020-12-31;0;0.0;0;0.0;0;0.0
84;Auvergne-Rhône-Alpes;42;Loire;100;Photovoltaïque;1;Injection totale;"c-]100;250]";NON;2020-12-31;10;2.1707;2;0.45;2;0.4726
84;Auvergne-Rhône-Alpes;42;Loire;200;Eolien;1;Injection totale;"d-]250;...[";NON;2020-12-31;6;71.304;0;0.0;0;0.0
84;Auvergne-Rhône-Alpes;42;Loire;300;Hydraulique;2;Injection du surplus;"d-]250;...[";NON;2020-12-31;1;0.824;0;0.0;0;0.0
84;Auvergne-Rhône-Alpes;43;Haute-Loire;600;Autres;1;Injection totale;"a-]0;36]";NON;2020-12-31;0;0.0;0;0.0;0;0.0
84;Auvergne-Rhône-Alpes;63;Puy-de-Dôme;100;Photovoltaïque;2;Injection du surplus;"a-]0;36]";OUI;2020-12-31;4;0.0276;3;0.02;0;0.0
84;Auvergne-Rhône-Alpes;63;Puy-de-Dôme;300;Hydraulique;1;Injection totale;"b-]36;100]";NON;2020-12-31;2;0.19;0;0.0;0;0.0
84;Auvergne-Rhône-Alpes;69;Rhône;100;Photovoltaïque;2;Injection du surplus;"a-]0;36]";OUI;2020-12-31;4;0.0189;2;0.009;7;0.0279
84;Auvergne-Rhône-Alpes;69;Rhône;100;Photovoltaïque;3;Autoconsommation sans injection;"a-]0;36]";OUI;2020-12-31;0;0.0;0;0.0;0;0.0
84;Auvergne-Rhône-Alpes;69;Rhône;100;Photovoltaïque;3;Autoconsommation sans injection;"b-]36;100]";NON;2020-12-31;1;0.1;0;0.0;1;0.0525
84;Auvergne-Rhône-Alpes;69;Rhône;300;Hydraulique;1;Injection totale;"a-]0;36]";NON;2020-12-31;0;0.0;0;0.0;0;0.0
84;Auvergne-Rhône-Alpes;69;Rhône;300;Hydraulique;2;Injection du surplus;"a-]0;36]";NON;2020-12-31;0;0.0;0;0.0;0;0.0
84;Auvergne-Rhône-Alpes;69;Rhône;400;Bio énergie;1;Injection totale;"c-]100;250]";NON;2020-12-31;1;0.165;1;0.165;0;0.0
84;Auvergne-Rhône-Alpes;69;Rhône;400;Bio énergie;1;Injection totale;"d-]250;...[";NON;2020-12-31;0;0.0;0;0.0;0;0.0
84;Auvergne-Rhône-Alpes;69;Rhône;500;Cogénération;1;Injection totale;"a-]0;36]";NON;2020-12-31;2;0.0;0;0.0;0;0.0
84;Auvergne-Rhône-Alpes;69;Rhône;500;Cogénération;1;Injection totale;"c-]100;250]";NON;2020-12-31;4;0.92;0;0.0;0;0.0
84;Auvergne-Rhône-Alpes;73;Savoie;100;Photovoltaïque;1;Injection totale;"b-]36;100]";NON;2020-12-31;16;1.4178;1;0.09;3;0.249
84;Auvergne-Rhône-Alpes;73;Savoie;100;Photovoltaïque;2;Injection du surplus;"a-]0;36]";OUI;2020-12-31;6;0.0291;1;0.003;1;0.005
84;Auvergne-Rhône-Alpes;73;Savoie;400;Bio énergie;1;Injection totale;"b-]36;100]";NON;2020-12-31;1;0.064;0;0.0;0;0.0
84;Auvergne-Rhône-Alpes;74;Haute-Savoie;100;Photovoltaïque;1;Injection totale;"d-]250;...[";NON;2020-12-31;3;2.5848;0;0.0;0;0.0
84;Auvergne-Rhône-Alpes;74;Haute-Savoie;100;Photovoltaïque;2;Injection du surplus;"a-]0;36]";NON;2020-12-31;224;1.08369;163;0.71722;85;0.37039
84;Auvergne-Rhône-Alpes;74;Haute-Savoie;100;Photovoltaïque;3;Autoconsommation sans injection;"a-]0;36]";NON;2020-12-31;0;0.0;58;0.10231;58;0.10231
84;Auvergne-Rhône-Alpes;01;Ain;100;Photovoltaïque;3;Autoconsommation sans injection;"a-]0;36]";Non Dispo;2020-03-31;0;0.0;8;0.04326;8;0.04326
84;Auvergne-Rhône-Alpes;01;Ain;100;Photovoltaïque;1;Injection totale;"a-]0;36]";Non Dispo;2020-03-31;17;0.2126;7;0.0458;10;0.1665
84;Auvergne-Rhône-Alpes;01;Ain;200;Eolien;3;Autoconsommation sans injection;"a-]0;36]";Non Dispo;2020-03-31;0;0.0;0;0.0;0;0.0
84;Auvergne-Rhône-Alpes;01;Ain;200;Eolien;1;Injection totale;"a-]0;36]";Non Dispo;2020-03-31;0;0.0;0;0.0;0;0.0
84;Auvergne-Rhône-Alpes;01;Ain;300;Hydraulique;1;Injection totale;"c-]100;250]";Non Dispo;2020-03-31;0;0.0;0;0.0;0;0.0
84;Auvergne-Rhône-Alpes;01;Ain;400;Bio énergie;1;Injection totale;"c-]100;250]";Non Dispo;2020-03-31;1;0.16;0;0.0;1;0.21
84;Auvergne-Rhône-Alpes;03;Allier;100;Photovoltaïque;3;Autoconsommation sans injection;"a-]0;36]";Non Dispo;2020-03-31;0;0.0;8;0.0319;8;0.0319
84;Auvergne-Rhône-Alpes;07;Ardèche;100;Photovoltaïque;1;Injection totale;"a-]0;36]";Non Dispo;2020-03-31;42;0.6347;5;0.0914;11;0.127
84;Auvergne-Rhône-Alpes;07;Ardèche;300;Hydraulique;1;Injection totale;"a-]0;36]";Non Dispo;2020-03-31;0;0.0;0;0.0;3;0.036
84;Auvergne-Rhône-Alpes;07;Ardèche;300;Hydraulique;2;Injection du surplus;"c-]100;250]";Non Dispo;2020-03-31;0;0.0;0;0.0;0;0.0
84;Auvergne-Rhône-Alpes;15;Cantal;300;Hydraulique;1;Injection totale;"b-]36;100]";Non Dispo;2020-03-31;1;0.06539;0;0.0;0;0.0
84;Auvergne-Rhône-Alpes;15;Cantal;400;Bio énergie;2;Injection du surplus;"c-]100;250]";Non Dispo;2020-03-31;0;0.0;0;0.0;0;0.0
84;Auvergne-Rhône-Alpes;38;Isère;100;Photovoltaïque;3;Autoconsommation sans injection;"c-]100;250]";Non Dispo;2020-03-31;1;0.21;0;0.0;0;0.0
84;Auvergne-Rhône-Alpes;38;Isère;100;Photovoltaïque;3;Autoconsommation sans injection;"a-]0;36]";Non Dispo;2020-03-31;1;0.008;24;0.06182;24;0.06182
84;Auvergne-Rhône-Alpes;38;Isère;400;Bio énergie;1;Injection totale;"a-]0;36]";Non Dispo;2020-03-31;0;0.0;0;0.0;0;0.0
84;Auvergne-Rhône-Alpes;38;Isère;400;Bio énergie;1;Injection totale;"c-]100;250]";Non Dispo;2020-03-31;1;0.22;0;0.0;1;0.25
84;Auvergne-Rhône-Alpes;42;Loire;100;Photovoltaïque;3;Autoconsommation sans injection;"c-]100;250]";Non Dispo;2020-03-31;0;0.0;0;0.0;0;0.0
84;Auvergne-Rhône-Alpes;42;Loire;100;Photovoltaïque;3;Autoconsommation sans injection;"d-]250;...[";Non Dispo;2020-03-31;1;0.3;0;0.0;0;0.0
84;Auvergne-Rhône-Alpes;42;Loire;300;Hydraulique;2;Injection du surplus;"d-]250;...[";Non Dispo;2020-03-31;1;0.824;0;0.0;0;0.0
84;Auvergne-Rhône-Alpes;42;Loire;500;Cogénération;1;Injection totale;"d-]250;...[";Non Dispo;2020-03-31;0;0.0;0;0.0;0;0.0
84;Auvergne-Rhône-Alpes;43;Haute-Loire;100;Photovoltaïque;1;Injection totale;"b-]36;100]";Non Dispo;2020-03-31;83;7.48243;11;1.0025;10;0.93022
84;Auvergne-Rhône-Alpes;63;Puy-de-Dôme;100;Photovoltaïque;1;Injection totale;"a-]0;36]";Non Dispo;2020-03-31;13;0.1705;4;0.058;4;0.053
84;Auvergne-Rhône-Alpes;63;Puy-de-Dôme;300;Hydraulique;1;Injection totale;"c-]100;250]";Non Dispo;2020-03-31;0;0.0;0;0.0;1;0.23
84;Auvergne-Rhône-Alpes;63;Puy-de-Dôme;400;Bio énergie;2;Injection du surplus;"b-]36;100]";Non Dispo;2020-03-31;0;0.0;0;0.0;0;0.0
84;Auvergne-Rhône-Alpes;69;Rhône;100;Photovoltaïque;1;Injection totale;"a-]0;36]";Non Dispo;2020-03-31;49;0.6866;10;0.1304;9;0.136
84;Auvergne-Rhône-Alpes;69;Rhône;400;Bio énergie;1;Injection totale;"b-]36;100]";Non Dispo;2020-03-31;0;0.0;0;0.0;0;0.0
84;Auvergne-Rhône-Alpes;69;Rhône;500;Cogénération;1;Injection totale;"b-]36;100]";Non Dispo;2020-03-31;0;0.0;0;0.0;0;0.0
84;Auvergne-Rhône-Alpes;69;Rhône;600;Autres;1;Injection totale;"d-]250;...[";Non Dispo;2020-03-31;0;0.0;0;0.0;0;0.0
84;Auvergne-Rhône-Alpes;73;Savoie;100;Photovoltaïque;2;Injection du surplus;"a-]0;36]";Non Dispo;2020-03-31;111;0.497;54;0.2003;30;0.1294
84;Auvergne-Rhône-Alpes;73;Savoie;400;Bio énergie;1;Injection totale;"c-]100;250]";Non Dispo;2020-03-31;0;0.0;0;0.0;0;0.0
84;Auvergne-Rhône-Alpes;73;Savoie;400;Bio énergie;1;Injection totale;"b-]36;100]";Non Dispo;2020-03-31;1;0.065;0;0.0;0;0.0
84;Auvergne-Rhône-Alpes;74;Haute-Savoie;100;Photovoltaïque;1;Injection totale;"a-]0;36]";Non Dispo;2020-03-31;27;0.2186;2;0.038;2;0.009
84;Auvergne-Rhône-Alpes;74;Haute-Savoie;400;Bio énergie;1;Injection totale;"d-]250;...[";Non Dispo;2020-03-31;0;0.0;0;0.0;0;0.0
84;Auvergne-Rhône-Alpes;42;Loire;100;Photovoltaïque;2;Injection du surplus;"b-]36;100]";NON;2020-06-30;7;0.5148;1;0.08;0;0.0
84;Auvergne-Rhône-Alpes;74;Haute-Savoie;100;Photovoltaïque;2;Injection du surplus;"a-]0;36]";NON;2020-06-30;150;0.762;74;0.33085;49;0.24115
84;Auvergne-Rhône-Alpes;7;Ardèche;100;Photovoltaïque;2;Injection du surplus;"a-]0;36]";OUI;2020-06-30;;;;;;
84;Auvergne-Rhône-Alpes;3;Allier;100;Photovoltaïque;2;Injection du surplus;"a-]0;36]";NON;2020-06-30;39;0.1538;35;0.1233;58;0.2388
84;Auvergne-Rhône-Alpes;43;Haute-Loire;100;Photovoltaïque;2;Injection du surplus;"a-]0;36]";OUI;2020-06-30;;;;;;
84;Auvergne-Rhône-Alpes;1;Ain;100;Photovoltaïque;1;Injection totale;"b-]36;100]";NON;2020-06-30;50;4.53281;12;1.06497;3;0.266
84;Auvergne-Rhône-Alpes;1;Ain;100;Photovoltaïque;3;Autoconsommation sans injection;"c-]100;250]";NON;2020-06-30;1;0.11;1;0.11;0;0.0
84;Auvergne-Rhône-Alpes;3;Allier;100;Photovoltaïque;1;Injection totale;"d-]250;...[";NON;2020-06-30;18;93.71688;2;15.409;0;0.0
84;Auvergne-Rhône-Alpes;3;Allier;100;Photovoltaïque;2;Injection du surplus;"b-]36;100]";NON;2020-06-30;0;0.0;0;0.0;1;0.04
84;Auvergne-Rhône-Alpes;3;Allier;100;Photovoltaïque;3;Autoconsommation sans injection;"d-]250;...[";NON;2020-06-30;1;1.23;0;0.0;0;0.0
84;Auvergne-Rhône-Alpes;7;Ardèche;100;Photovoltaïque;1;Injection totale;"d-]250;...[";NON;2020-06-30;11;39.714;1;1.48;2;4.425
84;Auvergne-Rhône-Alpes;7;Ardèche;100;Photovoltaïque;2;Injection du surplus;"b-]36;100]";NON;2020-06-30;0;0.0;0;0.0;0;0.0
84;Auvergne-Rhône-Alpes;38;Isère;100;Photovoltaïque;3;Autoconsommation sans injection;"c-]100;250]";NON;2020-06-30;3;0.586;2;0.376;0;0.0
84;Auvergne-Rhône-Alpes;43;Haute-Loire;100;Photovoltaïque;2;Injection du surplus;"a-]0;36]";NON;2020-06-30;43;0.1575;38;0.1427;36;0.1664
84;Auvergne-Rhône-Alpes;43;Haute-Loire;100;Photovoltaïque;3;Autoconsommation sans injection;"a-]0;36]";OUI;2020-06-30;;;;;;
84;Auvergne-Rhône-Alpes;73;Savoie;100;Photovoltaïque;1;Injection totale;"b-]36;100]";NON;2020-06-30;17;1.5228;6;0.575;2;0.19
84;Auvergne-Rhône-Alpes;73;Savoie;100;Photovoltaïque;2;Injection du surplus;"a-]0;36]";OUI;2020-06-30;;;;;;
84;Auvergne-Rhône-Alpes;73;Savoie;100;Photovoltaïque;2;Injection du surplus;"c-]100;250]";NON;2020-06-30;1;0.15;0;0.0;0;0.0
84;Auvergne-Rhône-Alpes;74;Haute-Savoie;100;Photovoltaïque;3;Autoconsommation sans injection;"d-]250;...[";NON;2020-06-30;2;0.9872;1;0.33;0;0.0
84;Auvergne-Rhône-Alpes;3;Allier;200;Eolien;2;Injection du surplus;"a-]0;36]";NON;2020-06-30;;;;;;
84;Auvergne-Rhône-Alpes;63;Puy-de-Dôme;200;Eolien;1;Injection totale;"a-]0;36]";NON;2020-06-30;;;;;;
84;Auvergne-Rhône-Alpes;38;Isère;200;Eolien;1;Injection totale;"a-]0;36]";NON;2020-06-30;;;;;;
84;Auvergne-Rhône-Alpes;26;Drôme;200;Eolien;1;Injection totale;"a-]0;36]";NON;2020-06-30;;;;;;
84;Auvergne-Rhône-Alpes;7;Ardèche;200;Eolien;1;Injection totale;"d-]250;...[";NON;2020-06-30;4;23.65;1;0.3;0;0.0
84;Auvergne-Rhône-Alpes;73;Savoie;200;Eolien;2;Injection du surplus;"a-]0;36]";NON;2020-06-30;;;;;;
84;Auvergne-Rhône-Alpes;69;Rhône;300;Hydraulique;1;Injection totale;"c-]100;250]";NON;2020-06-30;0;0.0;0;0.0;0;0.0
84;Auvergne-Rhône-Alpes;38;Isère;300;Hydraulique;2;Injection du surplus;"a-]0;36]";NON;2020-06-30;;;;;;
84;Auvergne-Rhône-Alpes;7;Ardèche;300;Hydraulique;2;Injection du surplus;"c-]100;250]";NON;2020-06-30;0;0.0;0;0.0;0;0.0
84;Auvergne-Rhône-Alpes;26;Drôme;300;Hydraulique;1;Injection totale;"b-]36;100]";NON;2020-06-30;0;0.0;0;0.0;0;0.0
84;Auvergne-Rhône-Alpes;63;Puy-de-Dôme;300;Hydraulique;1;Injection totale;"b-]36;100]";NON;2020-06-30;2;0.19;0;0.0;0;0.0
84;Auvergne-Rhône-Alpes;74;Haute-Savoie;300;Hydraulique;1;Injection totale;"c-]100;250]";NON;2020-06-30;0;0.0;0;0.0;0;0.0
84;Auvergne-Rhône-Alpes;3;Allier;400;Bio énergie;1;Injection totale;"c-]100;250]";NON;2020-06-30;3;0.554;0;0.0;0;0.0
84;Auvergne-Rhône-Alpes;15;Cantal;400;Bio énergie;1;Injection totale;"d-]250;...[";NON;2020-06-30;0;0.0;0;0.0;0;0.0
84;Auvergne-Rhône-Alpes;63;Puy-de-Dôme;400;Bio énergie;1;Injection totale;"c-]100;250]";NON;2020-06-30;2;0.35;0;0.0;0;0.0
84;Auvergne-Rhône-Alpes;42;Loire;400;Bio énergie;1;Injection totale;"c-]100;250]";NON;2020-06-30;2;0.45;0;0.0;0;0.0
84;Auvergne-Rhône-Alpes;43;Haute-Loire;400;Bio énergie;2;Injection du surplus;"d-]250;...[";NON;2020-06-30;0;0.0;0;0.0;0;0.0
84;Auvergne-Rhône-Alpes;7;Ardèche;400;Bio énergie;1;Injection totale;"b-]36;100]";NON;2020-06-30;0;0.0;0;0.0;0;0.0
84;Auvergne-Rhône-Alpes;42;Loire;400;Bio énergie;1;Injection totale;"b-]36;100]";NON;2020-06-30;1;0.097;0;0.0;0;0.0
84;Auvergne-Rhône-Alpes;69;Rhône;400;Bio énergie;1;Injection totale;"b-]36;100]";NON;2020-06-30;0;0.0;0;0.0;0;0.0
84;Auvergne-Rhône-Alpes;69;Rhône;400;Bio énergie;1;Injection totale;"d-]250;...[";NON;2020-06-30;0;0.0;0;0.0;0;0.0
84;Auvergne-Rhône-Alpes;73;Savoie;400;Bio énergie;1;Injection totale;"c-]100;250]";NON;2020-06-30;0;0.0;0;0.0;0;0.0
84;Auvergne-Rhône-Alpes;38;Isère;500;Cogénération;1;Injection totale;"d-]250;...[";NON;2020-06-30;2;12.973;0;0.0;0;0.0
84;Auvergne-Rhône-Alpes;26;Drôme;500;Cogénération;1;Injection totale;"a-]0;36]";NON;2020-06-30;;;;;;
84;Auvergne-Rhône-Alpes;38;Isère;500;Cogénération;1;Injection totale;"a-]0;36]";NON;2020-06-30;;;;;;
84;Auvergne-Rhône-Alpes;42;Loire;500;Cogénération;1;Injection totale;"d-]250;...[";NON;2020-06-30;0;0.0;0;0.0;0;0.0
84;Auvergne-Rhône-Alpes;43;Haute-Loire;500;Cogénération;1;Injection totale;"a-]0;36]";NON;2020-06-30;;;;;;
84;Auvergne-Rhône-Alpes;1;Ain;550;Stockage hors hydraulique;1;Injection totale;"a-]0;36]";OUI;2020-06-30;;;;;;
84;Auvergne-Rhône-Alpes;69;Rhône;550;Stockage hors hydraulique;3;Autoconsommation sans injection;"a-]0;36]";OUI;2020-06-30;;;;;;
84;Auvergne-Rhône-Alpes;7;Ardèche;600;Autres;1;Injection totale;"c-]100;250]";NON;2020-06-30;0;0.0;0;0.0;0;0.0
84;Auvergne-Rhône-Alpes;73;Savoie;600;Autres;1;Injection totale;"a-]0;36]";NON;2020-06-30;;;;;;
84;Auvergne-Rhône-Alpes;7;Ardèche;600;Autres;1;Injection totale;"a-]0;36]";NON;2020-06-30;;;;;;
84;Auvergne-Rhône-Alpes;42;Loire;600;Autres;1;Injection totale;"d-]250;...[";OUI;2020-06-30;0;0.0;0;0.0;0;0.0
84;Auvergne-Rhône-Alpes;69;Rhône;600;Autres;1;Injection totale;"d-]250;...[";NON;2020-06-30;0;0.0;0;0.0;0;0.0
84;Auvergne-Rhône-Alpes;1;Ain;100;Photovoltaïque;3;Autoconsommation sans injection;"a-]0;36]";NON;2021-06-30;0;0.0;31;0.08946;31;0.08946
84;Auvergne-Rhône-Alpes;1;Ain;200;Eolien;1;Injection totale;"a-]0;36]";NON;2021-06-30;0;0.0;0;0.0;0;0.0
84;Auvergne-Rhône-Alpes;1;Ain;300;Hydraulique;1;Injection totale;"a-]0;36]";NON;2021-06-30;0;0.0;0;0.0;0;0.0
84;Auvergne-Rhône-Alpes;1;Ain;600;Autres;2;Injection du surplus;"a-]0;36]";NON;2021-06-30;0;0.0;0;0.0;0;0.0
84;Auvergne-Rhône-Alpes;7;Ardèche;100;Photovoltaïque;1;Injection totale;"a-]0;36]";NON;2021-06-30;72;1.03949;13;0.27549;18;0.1781
84;Auvergne-Rhône-Alpes;7;Ardèche;100;Photovoltaïque;3;Autoconsommation sans injection;"d-]250;...[";NON;2021-06-30;0;0.0;0;0.0;1;0.476
84;Auvergne-Rhône-Alpes;7;Ardèche;300;Hydraulique;1;Injection totale;"b-]36;100]";NON;2021-06-30;1;0.09;0;0.0;0;0.0
84;Auvergne-Rhône-Alpes;7;Ardèche;300;Hydraulique;2;Injection du surplus;"c-]100;250]";NON;2021-06-30;0;0.0;0;0.0;0;0.0
84;Auvergne-Rhône-Alpes;7;Ardèche;550;Stockage hors hydraulique;1;Injection totale;"d-]250;...[";OUI;2021-06-30;0;0.0;0;0.0;0;0.0
84;Auvergne-Rhône-Alpes;15;Cantal;100;Photovoltaïque;3;Autoconsommation sans injection;"a-]0;36]";NON;2021-06-30;0;0.0;2;0.0055;2;0.0055
84;Auvergne-Rhône-Alpes;15;Cantal;100;Photovoltaïque;3;Autoconsommation sans injection;"d-]250;...[";NON;2021-06-30;1;0.52;1;0.52;0;0.0
84;Auvergne-Rhône-Alpes;15;Cantal;300;Hydraulique;1;Injection totale;"a-]0;36]";NON;2021-06-30;1;0.021;0;0.0;0;0.0
84;Auvergne-Rhône-Alpes;15;Cantal;400;Bio énergie;1;Injection totale;"d-]250;...[";NON;2021-06-30;0;0.0;0;0.0;0;0.0
84;Auvergne-Rhône-Alpes;15;Cantal;600;Autres;1;Injection totale;"b-]36;100]";NON;2021-06-30;0;0.0;0;0.0;0;0.0
84;Auvergne-Rhône-Alpes;26;Drôme;100;Photovoltaïque;2;Injection du surplus;"a-]0;36]";NON;2021-06-30;197;1.02609;233;1.11425;181;0.816
84;Auvergne-Rhône-Alpes;26;Drôme;200;Eolien;2;Injection du surplus;"a-]0;36]";NON;2021-06-30;0;0.0;0;0.0;0;0.0
84;Auvergne-Rhône-Alpes;26;Drôme;300;Hydraulique;2;Injection du surplus;"a-]0;36]";NON;2021-06-30;0;0.0;0;0.0;0;0.0
84;Auvergne-Rhône-Alpes;26;Drôme;500;Cogénération;1;Injection totale;"d-]250;...[";NON;2021-06-30;1;0.974;0;0.0;0;0.0
84;Auvergne-Rhône-Alpes;38;Isère;100;Photovoltaïque;2;Injection du surplus;"a-]0;36]";OUI;2021-06-30;9;0.0326;4;0.0159;4;0.0294
84;Auvergne-Rhône-Alpes;38;Isère;100;Photovoltaïque;3;Autoconsommation sans injection;"c-]100;250]";OUI;2021-06-30;0;0.0;0;0.0;0;0.0
84;Auvergne-Rhône-Alpes;38;Isère;200;Eolien;1;Injection totale;"d-]250;...[";NON;2021-06-30;3;32.6;0;0.0;0;0.0
84;Auvergne-Rhône-Alpes;38;Isère;500;Cogénération;1;Injection totale;"a-]0;36]";NON;2021-06-30;0;0.0;0;0.0;0;0.0
84;Auvergne-Rhône-Alpes;38;Isère;600;Autres;1;Injection totale;"b-]36;100]";NON;2021-06-30;0;0.0;0;0.0;0;0.0
84;Auvergne-Rhône-Alpes;38;Isère;600;Autres;1;Injection totale;"c-]100;250]";NON;2021-06-30;1;0.22;0;0.0;0;0.0
84;Auvergne-Rhône-Alpes;38;Isère;600;Autres;2;Injection du surplus;"c-]100;250]";OUI;2021-06-30;0;0.0;0;0.0;0;0.0
84;Auvergne-Rhône-Alpes;42;Loire;100;Photovoltaïque;1;Injection totale;"c-]100;250]";NON;2021-06-30;20;4.2067;3;0.62;0;0.0
84;Auvergne-Rhône-Alpes;42;Loire;100;Photovoltaïque;3;Autoconsommation sans injection;"b-]36;100]";NON;2021-06-30;1;0.05;0;0.0;0;0.0
84;Auvergne-Rhône-Alpes;42;Loire;300;Hydraulique;2;Injection du surplus;"d-]250;...[";NON;2021-06-30;0;0.0;0;0.0;1;0.824
84;Auvergne-Rhône-Alpes;42;Loire;400;Bio énergie;2;Injection du surplus;"b-]36;100]";NON;2021-06-30;0;0.0;0;0.0;0;0.0
84;Auvergne-Rhône-Alpes;42;Loire;500;Cogénération;1;Injection totale;"c-]100;250]";NON;2021-06-30;0;0.0;0;0.0;0;0.0
84;Auvergne-Rhône-Alpes;42;Loire;600;Autres;1;Injection totale;"d-]250;...[";NON;2021-06-30;0;0.0;0;0.0;0;0.0
84;Auvergne-Rhône-Alpes;43;Haute-Loire;100;Photovoltaïque;1;Injection totale;"c-]100;250]";NON;2021-06-30;28;6.17242;2;0.496;2;0.48783
84;Auvergne-Rhône-Alpes;43;Haute-Loire;100;Photovoltaïque;1;Injection totale;"d-]250;...[";NON;2021-06-30;4;15.215;1;0.48;0;0.0
84;Auvergne-Rhône-Alpes;43;Haute-Loire;400;Bio énergie;1;Injection totale;"b-]36;100]";NON;2021-06-30;0;0.0;0;0.0;0;0.0
84;Auvergne-Rhône-Alpes;43;Haute-Loire;400;Bio énergie;1;Injection totale;"c-]100;250]";NON;2021-06-30;1;0.19;0;0.0;0;0.0
84;Auvergne-Rhône-Alpes;43;Haute-Loire;600;Autres;1;Injection totale;"a-]0;36]";NON;2021-06-30;0;0.0;0;0.0;0;0.0
84;Auvergne-Rhône-Alpes;63;Puy-de-Dôme;100;Photovoltaïque;1;Injection totale;"b-]36;100]";NON;2021-06-30;185;17.26202;35;3.34868;30;2.78868
84;Auvergne-Rhône-Alpes;63;Puy-de-Dôme;100;Photovoltaïque;1;Injection totale;"b-]36;100]";OUI;2021-06-30;0;0.0;0;0.0;0;0.0
84;Auvergne-Rhône-Alpes;63;Puy-de-Dôme;100;Photovoltaïque;2;Injection du surplus;"a-]0;36]";NON;2021-06-30;251;1.10823;249;1.05029;185;0.75429
84;Auvergne-Rhône-Alpes;63;Puy-de-Dôme;100;Photovoltaïque;3;Autoconsommation sans injection;"c-]100;250]";NON;2021-06-30;0;0.0;0;0.0;1;0.16
84;Auvergne-Rhône-Alpes;63;Puy-de-Dôme;300;Hydraulique;1;Injection totale;"b-]36;100]";OUI;2021-06-30;1;0.068;1;0.068;0;0.0
84;Auvergne-Rhône-Alpes;63;Puy-de-Dôme;300;Hydraulique;1;Injection totale;"c-]100;250]";NON;2021-06-30;0;0.0;0;0.0;0;0.0
84;Auvergne-Rhône-Alpes;63;Puy-de-Dôme;400;Bio énergie;1;Injection totale;"c-]100;250]";NON;2021-06-30;1;0.16;0;0.0;0;0.0
84;Auvergne-Rhône-Alpes;69;Rhône;100;Photovoltaïque;3;Autoconsommation sans injection;"a-]0;36]";NON;2021-06-30;1;0.033;35;0.07984;35;0.07984
84;Auvergne-Rhône-Alpes;69;Rhône;100;Photovoltaïque;3;Autoconsommation sans injection;"c-]100;250]";NON;2021-06-30;3;0.626;1;0.2;1;0.2
84;Auvergne-Rhône-Alpes;69;Rhône;400;Bio énergie;1;Injection totale;"b-]36;100]";NON;2021-06-30;0;0.0;0;0.0;0;0.0
84;Auvergne-Rhône-Alpes;69;Rhône;600;Autres;1;Injection totale;"a-]0;36]";NON;2021-06-30;0;0.0;0;0.0;0;0.0
84;Auvergne-Rhône-Alpes;73;Savoie;100;Photovoltaïque;1;Injection totale;"c-]100;250]";NON;2021-06-30;8;1.78918;0;0.0;0;0.0
84;Auvergne-Rhône-Alpes;73;Savoie;100;Photovoltaïque;1;Injection totale;"d-]250;...[";NON;2021-06-30;0;0.0;0;0.0;0;0.0
84;Auvergne-Rhône-Alpes;74;Haute-Savoie;200;Eolien;2;Injection du surplus;"a-]0;36]";NON;2021-06-30;0;0.0;0;0.0;0;0.0
84;Auvergne-Rhône-Alpes;74;Haute-Savoie;300;Hydraulique;1;Injection totale;"a-]0;36]";NON;2021-06-30;1;0.01602;0;0.0;0;0.0
84;Auvergne-Rhône-Alpes;74;Haute-Savoie;400;Bio énergie;1;Injection totale;"a-]0;36]";NON;2021-06-30;0;0.0;0;0.0;0;0.0
84;Auvergne-Rhône-Alpes;1;Ain;100;Photovoltaïque;2;Injection du surplus;"a-]0;36]";NON;2021-06-30;212;1.01022;272;1.21872;226;1.08471
84;Auvergne-Rhône-Alpes;1;Ain;100;Photovoltaïque;3;Autoconsommation sans injection;"b-]36;100]";NON;2021-06-30;2;0.125;0;0.0;0;0.0
84;Auvergne-Rhône-Alpes;1;Ain;100;Photovoltaïque;3;Autoconsommation sans injection;"d-]250;...[";NON;2021-06-30;1;0.498;0;0.0;0;0.0
84;Auvergne-Rhône-Alpes;1;Ain;200;Eolien;3;Autoconsommation sans injection;"a-]0;36]";NON;2021-06-30;0;0.0;0;0.0;0;0.0
84;Auvergne-Rhône-Alpes;1;Ain;400;Bio énergie;2;Injection du surplus;"c-]100;250]";NON;2021-06-30;0;0.0;0;0.0;0;0.0
84;Auvergne-Rhône-Alpes;1;Ain;500;Cogénération;1;Injection totale;"a-]0;36]";NON;2021-06-30;0;0.0;0;0.0;0;0.0
84;Auvergne-Rhône-Alpes;3;Allier;100;Photovoltaïque;2;Injection du surplus;"a-]0;36]";NON;2021-06-30;103;0.42071;156;0.65639;148;0.61801
84;Auvergne-Rhône-Alpes;3;Allier;100;Photovoltaïque;2;Injection du surplus;"a-]0;36]";OUI;2021-06-30;1;0.003;0;0.0;0;0.0
84;Auvergne-Rhône-Alpes;3;Allier;100;Photovoltaïque;3;Autoconsommation sans injection;"a-]0;36]";OUI;2021-06-30;0;0.0;0;0.0;0;0.0
84;Auvergne-Rhône-Alpes;3;Allier;200;Eolien;1;Injection totale;"c-]100;250]";NON;2021-06-30;1;0.101;1;0.101;0;0.0
84;Auvergne-Rhône-Alpes;7;Ardèche;100;Photovoltaïque;2;Injection du surplus;"a-]0;36]";OUI;2021-06-30;2;0.009;3;0.015;5;0.0186
84;Auvergne-Rhône-Alpes;7;Ardèche;100;Photovoltaïque;2;Injection du surplus;"b-]36;100]";NON;2021-06-30;1;0.0666;1;0.0666;0;0.0
84;Auvergne-Rhône-Alpes;7;Ardèche;100;Photovoltaïque;3;Autoconsommation sans injection;"a-]0;36]";NON;2021-06-30;0;0.0;12;0.02228;12;0.02228
84;Auvergne-Rhône-Alpes;7;Ardèche;100;Photovoltaïque;3;Autoconsommation sans injection;"b-]36;100]";NON;2021-06-30;0;0.0;0;0.0;0;0.0
84;Auvergne-Rhône-Alpes;7;Ardèche;200;Eolien;1;Injection totale;"d-]250;...[";NON;2021-06-30;2;6.3;0;0.0;0;0.0
84;Auvergne-Rhône-Alpes;7;Ardèche;300;Hydraulique;1;Injection totale;"a-]0;36]";NON;2021-06-30;0;0.0;0;0.0;0;0.0
84;Auvergne-Rhône-Alpes;7;Ardèche;400;Bio énergie;1;Injection totale;"b-]36;100]";NON;2021-06-30;0;0.0;0;0.0;0;0.0
84;Auvergne-Rhône-Alpes;15;Cantal;100;Photovoltaïque;3;Autoconsommation sans injection;"c-]100;250]";NON;2021-06-30;1;0.2;1;0.2;0;0.0
84;Auvergne-Rhône-Alpes;15;Cantal;300;Hydraulique;1;Injection totale;"c-]100;250]";NON;2021-06-30;1;0.25;1;0.25;0;0.0
84;Auvergne-Rhône-Alpes;15;Cantal;300;Hydraulique;1;Injection totale;"d-]250;...[";NON;2021-06-30;0;0.0;0;0.0;0;0.0
84;Auvergne-Rhône-Alpes;15;Cantal;500;Cogénération;3;Autoconsommation sans injection;"a-]0;36]";NON;2021-06-30;0;0.0;0;0.0;0;0.0
84;Auvergne-Rhône-Alpes;26;Drôme;100;Photovoltaïque;1;Injection totale;"a-]0;36]";NON;2021-06-30;68;1.20761;12;0.2144;18;0.3182
84;Auvergne-Rhône-Alpes;26;Drôme;100;Photovoltaïque;1;Injection totale;"b-]36;100]";NON;2021-06-30;255;23.84698;45;4.18174;30;2.69634
84;Auvergne-Rhône-Alpes;26;Drôme;100;Photovoltaïque;3;Autoconsommation sans injection;"a-]0;36]";NON;2021-06-30;0;0.0;20;0.0553;20;0.0553
84;Auvergne-Rhône-Alpes;26;Drôme;300;Hydraulique;1;Injection totale;"b-]36;100]";NON;2021-06-30;0;0.0;0;0.0;0;0.0
84;Auvergne-Rhône-Alpes;38;Isère;200;Eolien;2;Injection du surplus;"a-]0;36]";NON;2021-06-30;0;0.0;0;0.0;0;0.0
84;Auvergne-Rhône-Alpes;38;Isère;300;Hydraulique;1;Injection totale;"a-]0;36]";NON;2021-06-30;0;0.0;0;0.0;0;0.0
84;Auvergne-Rhône-Alpes;38;Isère;300;Hydraulique;2;Injection du surplus;"d-]250;...[";NON;2021-06-30;0;0.0;0;0.0;0;0.0
84;Auvergne-Rhône-Alpes;38;Isère;600;Autres;2;Injection du surplus;"c-]100;250]";NON;2021-06-30;1;0.24;0;0.0;0;0.0
84;Auvergne-Rhône-Alpes;42;Loire;100;Photovoltaïque;1;Injection totale;"d-]250;...[";NON;2021-06-30;5;11.77;0;0.0;0;0.0
84;Auvergne-Rhône-Alpes;42;Loire;100;Photovoltaïque;3;Autoconsommation sans injection;"c-]100;250]";NON;2021-06-30;3;0.722;1;0.25;0;0.0
84;Auvergne-Rhône-Alpes;42;Loire;200;Eolien;1;Injection totale;"d-]250;...[";NON;2021-06-30;7;88.304;0;0.0;0;0.0
84;Auvergne-Rhône-Alpes;42;Loire;300;Hydraulique;1;Injection totale;"c-]100;250]";NON;2021-06-30;0;0.0;0;0.0;0;0.0
84;Auvergne-Rhône-Alpes;43;Haute-Loire;100;Photovoltaïque;1;Injection totale;"a-]0;36]";NON;2021-06-30;23;0.46737;6;0.09787;6;0.1409
84;Auvergne-Rhône-Alpes;43;Haute-Loire;100;Photovoltaïque;1;Injection totale;"a-]0;36]";OUI;2021-06-30;0;0.0;0;0.0;0;0.0
84;Auvergne-Rhône-Alpes;43;Haute-Loire;100;Photovoltaïque;3;Autoconsommation sans injection;"a-]0;36]";NON;2021-06-30;0;0.0;11;0.04553;11;0.04553
84;Auvergne-Rhône-Alpes;43;Haute-Loire;100;Photovoltaïque;3;Autoconsommation sans injection;"c-]100;250]";NON;2021-06-30;0;0.0;0;0.0;0;0.0
84;Auvergne-Rhône-Alpes;43;Haute-Loire;300;Hydraulique;1;Injection totale;"a-]0;36]";NON;2021-06-30;1;0.0;0;0.0;0;0.0
84;Auvergne-Rhône-Alpes;43;Haute-Loire;400;Bio énergie;2;Injection du surplus;"d-]250;...[";NON;2021-06-30;0;0.0;0;0.0;0;0.0
84;Auvergne-Rhône-Alpes;43;Haute-Loire;500;Cogénération;1;Injection totale;"a-]0;36]";NON;2021-06-30;0;0.0;0;0.0;0;0.0
84;Auvergne-Rhône-Alpes;63;Puy-de-Dôme;500;Cogénération;1;Injection totale;"c-]100;250]";NON;2021-06-30;0;0.0;0;0.0;0;0.0
84;Auvergne-Rhône-Alpes;69;Rhône;100;Photovoltaïque;1;Injection totale;"d-]250;...[";NON;2021-06-30;10;22.707;0;0.0;0;0.0
84;Auvergne-Rhône-Alpes;69;Rhône;100;Photovoltaïque;2;Injection du surplus;"c-]100;250]";NON;2021-06-30;0;0.0;0;0.0;0;0.0
84;Auvergne-Rhône-Alpes;69;Rhône;400;Bio énergie;1;Injection totale;"a-]0;36]";NON;2021-06-30;0;0.0;0;0.0;0;0.0
84;Auvergne-Rhône-Alpes;69;Rhône;500;Cogénération;2;Injection du surplus;"d-]250;...[";NON;2021-06-30;0;0.0;0;0.0;0;0.0
84;Auvergne-Rhône-Alpes;73;Savoie;100;Photovoltaïque;2;Injection du surplus;"c-]100;250]";NON;2021-06-30;1;0.15;0;0.0;0;0.0
84;Auvergne-Rhône-Alpes;73;Savoie;100;Photovoltaïque;2;Injection du surplus;"c-]100;250]";OUI;2021-06-30;1;0.1146;1;0.1146;0;0.0
84;Auvergne-Rhône-Alpes;73;Savoie;550;Stockage hors hydraulique;1;Injection totale;"a-]0;36]";OUI;2021-06-30;0;0.0;1;0.0;1;0.0
84;Auvergne-Rhône-Alpes;74;Haute-Savoie;100;Photovoltaïque;1;Injection totale;"a-]0;36]";NON;2021-06-30;23;0.2634;5;0.0705;6;0.0903
84;Auvergne-Rhône-Alpes;74;Haute-Savoie;100;Photovoltaïque;3;Autoconsommation sans injection;"a-]0;36]";OUI;2021-06-30;0;0.0;0;0.0;0;0.0
84;Auvergne-Rhône-Alpes;74;Haute-Savoie;100;Photovoltaïque;3;Autoconsommation sans injection;"b-]36;100]";NON;2021-06-30;4;0.26976;0;0.0;0;0.0
84;Auvergne-Rhône-Alpes;74;Haute-Savoie;300;Hydraulique;1;Injection totale;"c-]100;250]";NON;2021-06-30;0;0.0;0;0.0;0;0.0
84;Auvergne-Rhône-Alpes;74;Haute-Savoie;300;Hydraulique;2;Injection du surplus;"d-]250;...[";NON;2021-06-30;0;0.0;0;0.0;0;0.0
84;Auvergne-Rhône-Alpes;74;Haute-Savoie;400;Bio énergie;1;Injection totale;"d-]250;...[";NON;2021-06-30;0;0.0;0;0.0;0;0.0
84;Auvergne-Rhône-Alpes;1;Ain;400;Bio énergie;1;Injection totale;"a-]0;36]";NON;2021-06-30;1;0.035;0;0.0;0;0.0
84;Auvergne-Rhône-Alpes;1;Ain;400;Bio énergie;1;Injection totale;"c-]100;250]";NON;2021-06-30;0;0.0;0;0.0;0;0.0
84;Auvergne-Rhône-Alpes;3;Allier;100;Photovoltaïque;1;Injection totale;"b-]36;100]";NON;2021-06-30;337;31.09972;61;5.66552;43;3.9589
84;Auvergne-Rhône-Alpes;3;Allier;100;Photovoltaïque;1;Injection totale;"c-]100;250]";NON;2021-06-30;18;4.411;4;1.0;0;0.0
84;Auvergne-Rhône-Alpes;3;Allier;100;Photovoltaïque;1;Injection totale;"d-]250;...[";NON;2021-06-30;17;112.139;1;1.143;1;3.132
84;Auvergne-Rhône-Alpes;3;Allier;100;Photovoltaïque;2;Injection du surplus;"b-]36;100]";NON;2021-06-30;4;0.3207;2;0.1328;0;0.0
84;Auvergne-Rhône-Alpes;3;Allier;100;Photovoltaïque;3;Autoconsommation sans injection;"a-]0;36]";NON;2021-06-30;1;0.033;11;0.07954;10;0.04654
84;Auvergne-Rhône-Alpes;3;Allier;200;Eolien;1;Injection totale;"d-]250;...[";NON;2021-06-30;2;11.0742;1;0.2742;0;0.0
84;Auvergne-Rhône-Alpes;3;Allier;400;Bio énergie;1;Injection totale;"d-]250;...[";NON;2021-06-30;0;0.0;0;0.0;0;0.0
84;Auvergne-Rhône-Alpes;7;Ardèche;100;Photovoltaïque;1;Injection totale;"c-]100;250]";NON;2021-06-30;11;2.5201;1;0.2;0;0.0
84;Auvergne-Rhône-Alpes;7;Ardèche;300;Hydraulique;1;Injection totale;"d-]250;...[";NON;2021-06-30;1;0.272;0;0.0;0;0.0
84;Auvergne-Rhône-Alpes;7;Ardèche;300;Hydraulique;3;Autoconsommation sans injection;"d-]250;...[";NON;2021-06-30;0;0.0;0;0.0;0;0.0
84;Auvergne-Rhône-Alpes;7;Ardèche;500;Cogénération;1;Injection totale;"d-]250;...[";NON;2021-06-30;1;1.96;0;0.0;0;0.0
84;Auvergne-Rhône-Alpes;15;Cantal;100;Photovoltaïque;2;Injection du surplus;"a-]0;36]";OUI;2021-06-30;0;0.0;0;0.0;0;0.0
84;Auvergne-Rhône-Alpes;15;Cantal;100;Photovoltaïque;3;Autoconsommation sans injection;"a-]0;36]";OUI;2021-06-30;0;0.0;0;0.0;0;0.0
84;Auvergne-Rhône-Alpes;15;Cantal;300;Hydraulique;1;Injection totale;"b-]36;100]";NON;2021-06-30;1;0.06539;0;0.0;0;0.0
84;Auvergne-Rhône-Alpes;15;Cantal;400;Bio énergie;1;Injection totale;"b-]36;100]";NON;2021-06-30;0;0.0;0;0.0;0;0.0
84;Auvergne-Rhône-Alpes;38;Isère;100;Photovoltaïque;1;Injection totale;"d-]250;...[";NON;2021-06-30;14;60.375;2;2.13;1;0.4
84;Auvergne-Rhône-Alpes;38;Isère;100;Photovoltaïque;2;Injection du surplus;"b-]36;100]";OUI;2021-06-30;1;0.05;0;0.0;0;0.0
84;Auvergne-Rhône-Alpes;42;Loire;100;Photovoltaïque;2;Injection du surplus;"a-]0;36]";OUI;2021-06-30;2;0.006;3;0.009;1;0.003
84;Auvergne-Rhône-Alpes;42;Loire;100;Photovoltaïque;2;Injection du surplus;"b-]36;100]";NON;2021-06-30;2;0.18;1;0.1;1;0.045
84;Auvergne-Rhône-Alpes;42;Loire;100;Photovoltaïque;2;Injection du surplus;"c-]100;250]";NON;2021-06-30;1;0.249;0;0.0;0;0.0
84;Auvergne-Rhône-Alpes;42;Loire;100;Photovoltaïque;3;Autoconsommation sans injection;"a-]0;36]";OUI;2021-06-30;0;0.0;0;0.0;0;0.0
84;Auvergne-Rhône-Alpes;42;Loire;300;Hydraulique;3;Autoconsommation sans injection;"a-]0;36]";NON;2021-06-30;0;0.0;0;0.0;0;0.0
84;Auvergne-Rhône-Alpes;42;Loire;400;Bio énergie;1;Injection totale;"a-]0;36]";NON;2021-06-30;0;0.0;0;0.0;0;0.0
84;Auvergne-Rhône-Alpes;42;Loire;400;Bio énergie;2;Injection du surplus;"c-]100;250]";NON;2021-06-30;0;0.0;0;0.0;0;0.0
84;Auvergne-Rhône-Alpes;43;Haute-Loire;300;Hydraulique;1;Injection totale;"c-]100;250]";NON;2021-06-30;1;0.132;0;0.0;0;0.0
84;Auvergne-Rhône-Alpes;63;Puy-de-Dôme;200;Eolien;2;Injection du surplus;"a-]0;36]";NON;2021-06-30;0;0.0;0;0.0;0;0.0
84;Auvergne-Rhône-Alpes;63;Puy-de-Dôme;300;Hydraulique;1;Injection totale;"b-]36;100]";NON;2021-06-30;2;0.19;0;0.0;0;0.0
84;Auvergne-Rhône-Alpes;63;Puy-de-Dôme;400;Bio énergie;1;Injection totale;"a-]0;36]";NON;2021-06-30;0;0.0;0;0.0;0;0.0
84;Auvergne-Rhône-Alpes;63;Puy-de-Dôme;500;Cogénération;1;Injection totale;"d-]250;...[";NON;2021-06-30;0;0.0;0;0.0;0;0.0
84;Auvergne-Rhône-Alpes;69;Rhône;100;Photovoltaïque;1;Injection totale;"b-]36;100]";NON;2021-06-30;62;5.39313;15;1.29684;14;1.30346
84;Auvergne-Rhône-Alpes;69;Rhône;100;Photovoltaïque;3;Autoconsommation sans injection;"a-]0;36]";OUI;2021-06-30;0;0.0;0;0.0;0;0.0
84;Auvergne-Rhône-Alpes;69;Rhône;300;Hydraulique;1;Injection totale;"a-]0;36]";NON;2021-06-30;0;0.0;0;0.0;0;0.0
84;Auvergne-Rhône-Alpes;69;Rhône;300;Hydraulique;1;Injection totale;"d-]250;...[";NON;2021-06-30;0;0.0;0;0.0;0;0.0
84;Auvergne-Rhône-Alpes;69;Rhône;400;Bio énergie;2;Injection du surplus;"d-]250;...[";NON;2021-06-30;0;0.0;0;0.0;0;0.0
84;Auvergne-Rhône-Alpes;69;Rhône;500;Cogénération;1;Injection totale;"a-]0;36]";NON;2021-06-30;1;0.0;0;0.0;0;0.0
84;Auvergne-Rhône-Alpes;69;Rhône;600;Autres;1;Injection totale;"d-]250;...[";NON;2021-06-30;0;0.0;0;0.0;0;0.0
84;Auvergne-Rhône-Alpes;69;Rhône;600;Autres;2;Injection du surplus;"a-]0;36]";NON;2021-06-30;0;0.0;0;0.0;0;0.0
84;Auvergne-Rhône-Alpes;73;Savoie;100;Photovoltaïque;3;Autoconsommation sans injection;"a-]0;36]";NON;2021-06-30;1;0.015;10;0.02011;10;0.02011
84;Auvergne-Rhône-Alpes;74;Haute-Savoie;100;Photovoltaïque;2;Injection du surplus;"c-]100;250]";NON;2021-06-30;1;0.24;0;0.0;0;0.0
84;Auvergne-Rhône-Alpes;74;Haute-Savoie;400;Bio énergie;1;Injection totale;"c-]100;250]";NON;2021-06-30;0;0.0;0;0.0;0;0.0
84;Auvergne-Rhône-Alpes;74;Haute-Savoie;400;Bio énergie;2;Injection du surplus;"d-]250;...[";NON;2021-06-30;1;1.1;0;0.0;0;0.0
84;Auvergne-Rhône-Alpes;74;Haute-Savoie;500;Cogénération;1;Injection totale;"a-]0;36]";NON;2021-06-30;0;0.0;0;0.0;0;0.0
84;Auvergne-Rhône-Alpes;74;Haute-Savoie;550;Stockage hors hydraulique;2;Injection du surplus;"d-]250;...[";OUI;2021-06-30;0;0.0;0;0.0;0;0.0
84;Auvergne-Rhône-Alpes;1;Ain;200;Eolien;1;Injection totale;"d-]250;...[";NON;2021-09-30;2;21.0;0;0.0;0;0.0
84;Auvergne-Rhône-Alpes;1;Ain;300;Hydraulique;1;Injection totale;"a-]0;36]";NON;2021-09-30;1;0.012;1;0.012;0;0.0
84;Auvergne-Rhône-Alpes;1;Ain;300;Hydraulique;2;Injection du surplus;"c-]100;250]";NON;2021-09-30;0;0.0;0;0.0;0;0.0
84;Auvergne-Rhône-Alpes;1;Ain;400;Bio énergie;1;Injection totale;"b-]36;100]";NON;2021-09-30;1;0.044;0;0.0;0;0.0
84;Auvergne-Rhône-Alpes;1;Ain;600;Autres;1;Injection totale;"c-]100;250]";NON;2021-09-30;0;0.0;0;0.0;0;0.0
84;Auvergne-Rhône-Alpes;3;Allier;100;Photovoltaïque;1;Injection totale;"a-]0;36]";NON;2021-09-30;15;0.2607;5;0.0623;3;0.072
84;Auvergne-Rhône-Alpes;3;Allier;100;Photovoltaïque;1;Injection totale;"d-]250;...[";NON;2021-09-30;18;117.288;7;27.739;6;15.547
84;Auvergne-Rhône-Alpes;3;Allier;200;Eolien;1;Injection totale;"a-]0;36]";NON;2021-09-30;0;0.0;0;0.0;0;0.0
84;Auvergne-Rhône-Alpes;3;Allier;300;Hydraulique;1;Injection totale;"d-]250;...[";NON;2021-09-30;1;3.4;0;0.0;1;0.26
84;Auvergne-Rhône-Alpes;7;Ardèche;100;Photovoltaïque;2;Injection du surplus;"a-]0;36]";NON;2021-09-30;162;0.74872;159;0.6642;155;0.68229
84;Auvergne-Rhône-Alpes;7;Ardèche;100;Photovoltaïque;2;Injection du surplus;"d-]250;...[";NON;2021-09-30;1;0.37044;1;0.37044;0;0.0
84;Auvergne-Rhône-Alpes;7;Ardèche;300;Hydraulique;1;Injection totale;"d-]250;...[";NON;2021-09-30;1;0.272;0;0.0;0;0.0
84;Auvergne-Rhône-Alpes;7;Ardèche;300;Hydraulique;2;Injection du surplus;"c-]100;250]";NON;2021-09-30;0;0.0;0;0.0;0;0.0
84;Auvergne-Rhône-Alpes;7;Ardèche;550;Stockage hors hydraulique;1;Injection totale;"d-]250;...[";OUI;2021-09-30;0;0.0;0;0.0;0;0.0
84;Auvergne-Rhône-Alpes;15;Cantal;100;Photovoltaïque;3;Autoconsommation sans injection;"c-]100;250]";NON;2021-09-30;0;0.0;0;0.0;1;0.2
84;Auvergne-Rhône-Alpes;15;Cantal;400;Bio énergie;1;Injection totale;"b-]36;100]";NON;2021-09-30;0;0.0;0;0.0;0;0.0
84;Auvergne-Rhône-Alpes;15;Cantal;550;Stockage hors hydraulique;2;Injection du surplus;"d-]250;...[";OUI;2021-09-30;1;1.25;0;0.0;3;3.75
84;Auvergne-Rhône-Alpes;38;Isère;100;Photovoltaïque;2;Injection du surplus;"a-]0;36]";OUI;2021-09-30;5;0.01808;2;0.00928;4;0.0148
84;Auvergne-Rhône-Alpes;38;Isère;100;Photovoltaïque;2;Injection du surplus;"c-]100;250]";NON;2021-09-30;2;0.392;0;0.0;0;0.0
84;Auvergne-Rhône-Alpes;38;Isère;100;Photovoltaïque;3;Autoconsommation sans injection;"a-]0;36]";OUI;2021-09-30;0;0.0;0;0.0;0;0.0
84;Auvergne-Rhône-Alpes;38;Isère;200;Eolien;1;Injection totale;"d-]250;...[";NON;2021-09-30;3;32.6;0;0.0;0;0.0
84;Auvergne-Rhône-Alpes;38;Isère;300;Hydraulique;1;Injection totale;"c-]100;250]";NON;2021-09-30;0;0.0;0;0.0;0;0.0
84;Auvergne-Rhône-Alpes;38;Isère;600;Autres;1;Injection totale;"d-]250;...[";NON;2021-09-30;0;0.0;0;0.0;0;0.0
84;Auvergne-Rhône-Alpes;42;Loire;100;Photovoltaïque;1;Injection totale;"d-]250;...[";NON;2021-09-30;5;11.769;0;0.0;0;0.0
84;Auvergne-Rhône-Alpes;42;Loire;100;Photovoltaïque;3;Autoconsommation sans injection;"a-]0;36]";OUI;2021-09-30;0;0.0;1;0.003;1;0.003
84;Auvergne-Rhône-Alpes;42;Loire;100;Photovoltaïque;3;Autoconsommation sans injection;"b-]36;100]";NON;2021-09-30;2;0.095;1;0.045;0;0.0
84;Auvergne-Rhône-Alpes;42;Loire;200;Eolien;2;Injection du surplus;"a-]0;36]";NON;2021-09-30;1;0.003;0;0.0;0;0.0
84;Auvergne-Rhône-Alpes;42;Loire;400;Bio énergie;2;Injection du surplus;"b-]36;100]";NON;2021-09-30;0;0.0;0;0.0;0;0.0
84;Auvergne-Rhône-Alpes;42;Loire;500;Cogénération;1;Injection totale;"b-]36;100]";NON;2021-09-30;0;0.0;0;0.0;0;0.0
84;Auvergne-Rhône-Alpes;43;Haute-Loire;100;Photovoltaïque;1;Injection totale;"a-]0;36]";OUI;2021-09-30;0;0.0;0;0.0;0;0.0
84;Auvergne-Rhône-Alpes;43;Haute-Loire;100;Photovoltaïque;2;Injection du surplus;"d-]250;...[";NON;2021-09-30;0;0.0;0;0.0;0;0.0
84;Auvergne-Rhône-Alpes;43;Haute-Loire;100;Photovoltaïque;3;Autoconsommation sans injection;"c-]100;250]";NON;2021-09-30;0;0.0;0;0.0;0;0.0
84;Auvergne-Rhône-Alpes;43;Haute-Loire;400;Bio énergie;2;Injection du surplus;"a-]0;36]";NON;2021-09-30;0;0.0;0;0.0;0;0.0
84;Auvergne-Rhône-Alpes;63;Puy-de-Dôme;100;Photovoltaïque;1;Injection totale;"a-]0;36]";OUI;2021-09-30;1;0.028;1;0.028;0;0.0
84;Auvergne-Rhône-Alpes;63;Puy-de-Dôme;300;Hydraulique;1;Injection totale;"a-]0;36]";NON;2021-09-30;1;0.0075;0;0.0;0;0.0
84;Auvergne-Rhône-Alpes;63;Puy-de-Dôme;400;Bio énergie;1;Injection totale;"d-]250;...[";NON;2021-09-30;2;0.949;1;0.45;0;0.0
84;Auvergne-Rhône-Alpes;63;Puy-de-Dôme;600;Autres;1;Injection totale;"a-]0;36]";NON;2021-09-30;0;0.0;0;0.0;0;0.0
84;Auvergne-Rhône-Alpes;69;Rhône;100;Photovoltaïque;2;Injection du surplus;"b-]36;100]";NON;2021-09-30;12;0.738;4;0.2556;4;0.24394
84;Auvergne-Rhône-Alpes;69;Rhône;500;Cogénération;1;Injection totale;"c-]100;250]";NON;2021-09-30;1;0.25;1;0.25;3;0.69
84;Auvergne-Rhône-Alpes;69;Rhône;500;Cogénération;2;Injection du surplus;"d-]250;...[";NON;2021-09-30;0;0.0;0;0.0;0;0.0
84;Auvergne-Rhône-Alpes;73;Savoie;100;Photovoltaïque;3;Autoconsommation sans injection;"a-]0;36]";NON;2021-09-30;1;0.015;14;0.01594;14;0.01594
84;Auvergne-Rhône-Alpes;73;Savoie;100;Photovoltaïque;3;Autoconsommation sans injection;"c-]100;250]";NON;2021-09-30;2;0.298;2;0.298;0;0.0
84;Auvergne-Rhône-Alpes;73;Savoie;300;Hydraulique;1;Injection totale;"b-]36;100]";NON;2021-09-30;0;0.0;0;0.0;0;0.0
84;Auvergne-Rhône-Alpes;73;Savoie;400;Bio énergie;1;Injection totale;"d-]250;...[";NON;2021-09-30;0;0.0;0;0.0;0;0.0
84;Auvergne-Rhône-Alpes;74;Haute-Savoie;100;Photovoltaïque;1;Injection totale;"b-]36;100]";NON;2021-09-30;12;1.0122;6;0.4806;1;0.075
84;Auvergne-Rhône-Alpes;74;Haute-Savoie;100;Photovoltaïque;2;Injection du surplus;"a-]0;36]";NON;2021-09-30;169;0.87886;164;0.79971;176;0.86341
84;Auvergne-Rhône-Alpes;74;Haute-Savoie;100;Photovoltaïque;2;Injection du surplus;"a-]0;36]";OUI;2021-09-30;8;0.02925;3;0.0122;4;0.0182
84;Auvergne-Rhône-Alpes;74;Haute-Savoie;100;Photovoltaïque;3;Autoconsommation sans injection;"a-]0;36]";NON;2021-09-30;0;0.0;26;0.04438;26;0.04438
84;Auvergne-Rhône-Alpes;74;Haute-Savoie;100;Photovoltaïque;3;Autoconsommation sans injection;"a-]0;36]";OUI;2021-09-30;0;0.0;0;0.0;0;0.0
84;Auvergne-Rhône-Alpes;74;Haute-Savoie;300;Hydraulique;3;Autoconsommation sans injection;"d-]250;...[";NON;2021-09-30;0;0.0;0;0.0;0;0.0
84;Auvergne-Rhône-Alpes;74;Haute-Savoie;400;Bio énergie;2;Injection du surplus;"d-]250;...[";NON;2021-09-30;1;1.1;0;0.0;0;0.0
84;Auvergne-Rhône-Alpes;74;Haute-Savoie;500;Cogénération;1;Injection totale;"c-]100;250]";NON;2021-09-30;0;0.0;0;0.0;0;0.0
84;Auvergne-Rhône-Alpes;1;Ain;300;Hydraulique;1;Injection totale;"b-]36;100]";NON;2021-09-30;0;0.0;0;0.0;1;0.09
84;Auvergne-Rhône-Alpes;1;Ain;400;Bio énergie;1;Injection totale;"c-]100;250]";NON;2021-09-30;0;0.0;0;0.0;0;0.0
84;Auvergne-Rhône-Alpes;3;Allier;100;Photovoltaïque;3;Autoconsommation sans injection;"b-]36;100]";NON;2021-09-30;2;0.08428;0;0.0;0;0.0
84;Auvergne-Rhône-Alpes;3;Allier;200;Eolien;2;Injection du surplus;"a-]0;36]";NON;2021-09-30;0;0.0;0;0.0;0;0.0
84;Auvergne-Rhône-Alpes;3;Allier;300;Hydraulique;1;Injection totale;"c-]100;250]";NON;2021-09-30;0;0.0;0;0.0;0;0.0
84;Auvergne-Rhône-Alpes;7;Ardèche;100;Photovoltaïque;1;Injection totale;"a-]0;36]";NON;2021-09-30;80;1.3634;15;0.2983;14;0.192
84;Auvergne-Rhône-Alpes;7;Ardèche;100;Photovoltaïque;1;Injection totale;"d-]250;...[";NON;2021-09-30;6;14.42;0;0.0;1;3.5
84;Auvergne-Rhône-Alpes;7;Ardèche;100;Photovoltaïque;3;Autoconsommation sans injection;"a-]0;36]";OUI;2021-09-30;0;0.0;0;0.0;0;0.0
84;Auvergne-Rhône-Alpes;7;Ardèche;300;Hydraulique;3;Autoconsommation sans injection;"d-]250;...[";NON;2021-09-30;0;0.0;0;0.0;0;0.0
84;Auvergne-Rhône-Alpes;15;Cantal;600;Autres;2;Injection du surplus;"a-]0;36]";NON;2021-09-30;1;0.001;0;0.0;0;0.0
84;Auvergne-Rhône-Alpes;26;Drôme;100;Photovoltaïque;2;Injection du surplus;"a-]0;36]";OUI;2021-09-30;4;0.02337;2;0.01197;0;0.0
84;Auvergne-Rhône-Alpes;26;Drôme;100;Photovoltaïque;3;Autoconsommation sans injection;"b-]36;100]";NON;2021-09-30;2;0.12018;0;0.0;0;0.0
84;Auvergne-Rhône-Alpes;26;Drôme;200;Eolien;1;Injection totale;"a-]0;36]";NON;2021-09-30;0;0.0;0;0.0;0;0.0
84;Auvergne-Rhône-Alpes;26;Drôme;200;Eolien;2;Injection du surplus;"a-]0;36]";NON;2021-09-30;0;0.0;0;0.0;0;0.0
84;Auvergne-Rhône-Alpes;26;Drôme;400;Bio énergie;1;Injection totale;"a-]0;36]";NON;2021-09-30;0;0.0;0;0.0;0;0.0
84;Auvergne-Rhône-Alpes;26;Drôme;500;Cogénération;1;Injection totale;"d-]250;...[";NON;2021-09-30;2;1.964;1;0.99;0;0.0
84;Auvergne-Rhône-Alpes;26;Drôme;600;Autres;1;Injection totale;"d-]250;...[";NON;2021-09-30;0;0.0;0;0.0;0;0.0
84;Auvergne-Rhône-Alpes;38;Isère;100;Photovoltaïque;1;Injection totale;"c-]100;250]";NON;2021-09-30;36;8.2478;10;2.42;4;0.788
84;Auvergne-Rhône-Alpes;38;Isère;400;Bio énergie;1;Injection totale;"a-]0;36]";NON;2021-09-30;0;0.0;0;0.0;0;0.0
84;Auvergne-Rhône-Alpes;38;Isère;400;Bio énergie;2;Injection du surplus;"c-]100;250]";NON;2021-09-30;0;0.0;0;0.0;0;0.0
84;Auvergne-Rhône-Alpes;38;Isère;600;Autres;2;Injection du surplus;"c-]100;250]";OUI;2021-09-30;0;0.0;0;0.0;0;0.0
84;Auvergne-Rhône-Alpes;42;Loire;100;Photovoltaïque;1;Injection totale;"b-]36;100]";NON;2021-09-30;103;9.61536;14;1.307;24;2.1835
84;Auvergne-Rhône-Alpes;42;Loire;100;Photovoltaïque;3;Autoconsommation sans injection;"d-]250;...[";NON;2021-09-30;0;0.0;0;0.0;0;0.0
84;Auvergne-Rhône-Alpes;42;Loire;300;Hydraulique;1;Injection totale;"a-]0;36]";NON;2021-09-30;0;0.0;0;0.0;0;0.0
84;Auvergne-Rhône-Alpes;42;Loire;400;Bio énergie;1;Injection totale;"a-]0;36]";NON;2021-09-30;0;0.0;0;0.0;0;0.0
84;Auvergne-Rhône-Alpes;43;Haute-Loire;100;Photovoltaïque;3;Autoconsommation sans injection;"a-]0;36]";NON;2021-09-30;0;0.0;13;0.05981;13;0.05981
84;Auvergne-Rhône-Alpes;43;Haute-Loire;400;Bio énergie;1;Injection totale;"d-]250;...[";NON;2021-09-30;0;0.0;0;0.0;0;0.0
84;Auvergne-Rhône-Alpes;43;Haute-Loire;500;Cogénération;1;Injection totale;"d-]250;...[";NON;2021-09-30;0;0.0;0;0.0;0;0.0
84;Auvergne-Rhône-Alpes;63;Puy-de-Dôme;100;Photovoltaïque;1;Injection totale;"a-]0;36]";NON;2021-09-30;20;0.334;4;0.108;3;0.041
84;Auvergne-Rhône-Alpes;63;Puy-de-Dôme;100;Photovoltaïque;1;Injection totale;"c-]100;250]";NON;2021-09-30;9;2.0372;1;0.23;1;0.23
84;Auvergne-Rhône-Alpes;63;Puy-de-Dôme;100;Photovoltaïque;1;Injection totale;"d-]250;...[";NON;2021-09-30;11;27.904;9;4.318;6;2.824
84;Auvergne-Rhône-Alpes;63;Puy-de-Dôme;100;Photovoltaïque;2;Injection du surplus;"a-]0;36]";OUI;2021-09-30;3;0.01635;1;0.00442;3;0.01642
84;Auvergne-Rhône-Alpes;63;Puy-de-Dôme;100;Photovoltaïque;3;Autoconsommation sans injection;"a-]0;36]";NON;2021-09-30;0;0.0;35;0.13455;35;0.13455
84;Auvergne-Rhône-Alpes;63;Puy-de-Dôme;100;Photovoltaïque;3;Autoconsommation sans injection;"d-]250;...[";NON;2021-09-30;0;0.0;0;0.0;0;0.0
84;Auvergne-Rhône-Alpes;63;Puy-de-Dôme;300;Hydraulique;1;Injection totale;"b-]36;100]";OUI;2021-09-30;1;0.068;0;0.0;0;0.0
84;Auvergne-Rhône-Alpes;63;Puy-de-Dôme;300;Hydraulique;2;Injection du surplus;"c-]100;250]";NON;2021-09-30;0;0.0;0;0.0;0;0.0
84;Auvergne-Rhône-Alpes;63;Puy-de-Dôme;400;Bio énergie;1;Injection totale;"a-]0;36]";NON;2021-09-30;0;0.0;0;0.0;0;0.0
84;Auvergne-Rhône-Alpes;63;Puy-de-Dôme;500;Cogénération;1;Injection totale;"d-]250;...[";NON;2021-09-30;0;0.0;0;0.0;0;0.0
84;Auvergne-Rhône-Alpes;69;Rhône;100;Photovoltaïque;2;Injection du surplus;"c-]100;250]";NON;2021-09-30;0;0.0;0;0.0;1;0.1932
84;Auvergne-Rhône-Alpes;69;Rhône;100;Photovoltaïque;2;Injection du surplus;"c-]100;250]";OUI;2021-09-30;1;0.1255;1;0.1255;0;0.0
84;Auvergne-Rhône-Alpes;69;Rhône;500;Cogénération;1;Injection totale;"b-]36;100]";NON;2021-09-30;0;0.0;0;0.0;0;0.0
84;Auvergne-Rhône-Alpes;69;Rhône;600;Autres;1;Injection totale;"d-]250;...[";NON;2021-09-30;0;0.0;0;0.0;0;0.0
84;Auvergne-Rhône-Alpes;73;Savoie;100;Photovoltaïque;3;Autoconsommation sans injection;"b-]36;100]";NON;2021-09-30;2;0.116;0;0.0;0;0.0
84;Auvergne-Rhône-Alpes;73;Savoie;300;Hydraulique;1;Injection totale;"d-]250;...[";NON;2021-09-30;7;14.223;0;0.0;0;0.0
84;Auvergne-Rhône-Alpes;74;Haute-Savoie;100;Photovoltaïque;1;Injection totale;"d-]250;...[";NON;2021-09-30;2;0.9898;0;0.0;0;0.0
84;Auvergne-Rhône-Alpes;74;Haute-Savoie;100;Photovoltaïque;2;Injection du surplus;"c-]100;250]";NON;2021-09-30;1;0.24;0;0.0;0;0.0
84;Auvergne-Rhône-Alpes;1;Ain;100;Photovoltaïque;2;Injection du surplus;"a-]0;36]";NON;2021-09-30;183;0.92866;236;1.11821;278;1.28379
84;Auvergne-Rhône-Alpes;1;Ain;100;Photovoltaïque;3;Autoconsommation sans injection;"b-]36;100]";NON;2021-09-30;2;0.125;0;0.0;1;0.08
84;Auvergne-Rhône-Alpes;1;Ain;200;Eolien;1;Injection totale;"a-]0;36]";NON;2021-09-30;0;0.0;0;0.0;0;0.0
84;Auvergne-Rhône-Alpes;1;Ain;300;Hydraulique;1;Injection totale;"d-]250;...[";NON;2021-09-30;0;0.0;0;0.0;0;0.0
84;Auvergne-Rhône-Alpes;1;Ain;300;Hydraulique;3;Autoconsommation sans injection;"a-]0;36]";NON;2021-09-30;0;0.0;0;0.0;0;0.0
84;Auvergne-Rhône-Alpes;3;Allier;100;Photovoltaïque;2;Injection du surplus;"a-]0;36]";OUI;2021-09-30;0;0.0;0;0.0;0;0.0
84;Auvergne-Rhône-Alpes;3;Allier;100;Photovoltaïque;3;Autoconsommation sans injection;"c-]100;250]";NON;2021-09-30;0;0.0;0;0.0;0;0.0
84;Auvergne-Rhône-Alpes;3;Allier;300;Hydraulique;1;Injection totale;"a-]0;36]";NON;2021-09-30;0;0.0;0;0.0;0;0.0
84;Auvergne-Rhône-Alpes;3;Allier;400;Bio énergie;1;Injection totale;"a-]0;36]";NON;2021-09-30;0;0.0;0;0.0;0;0.0
84;Auvergne-Rhône-Alpes;3;Allier;400;Bio énergie;1;Injection totale;"c-]100;250]";NON;2021-09-30;2;0.36;0;0.0;0;0.0
84;Auvergne-Rhône-Alpes;7;Ardèche;100;Photovoltaïque;3;Autoconsommation sans injection;"b-]36;100]";NON;2021-09-30;0;0.0;0;0.0;0;0.0
84;Auvergne-Rhône-Alpes;15;Cantal;100;Photovoltaïque;1;Injection totale;"a-]0;36]";NON;2021-09-30;16;0.356;0;0.0;3;0.069
84;Auvergne-Rhône-Alpes;15;Cantal;100;Photovoltaïque;1;Injection totale;"c-]100;250]";NON;2021-09-30;33;7.09869;7;1.456;1;0.245
84;Auvergne-Rhône-Alpes;15;Cantal;100;Photovoltaïque;2;Injection du surplus;"a-]0;36]";NON;2021-09-30;34;0.16734;37;0.14811;43;0.21529
84;Auvergne-Rhône-Alpes;15;Cantal;100;Photovoltaïque;2;Injection du surplus;"a-]0;36]";OUI;2021-09-30;0;0.0;0;0.0;0;0.0
84;Auvergne-Rhône-Alpes;15;Cantal;100;Photovoltaïque;3;Autoconsommation sans injection;"a-]0;36]";OUI;2021-09-30;0;0.0;0;0.0;0;0.0
84;Auvergne-Rhône-Alpes;15;Cantal;300;Hydraulique;1;Injection totale;"c-]100;250]";NON;2021-09-30;1;0.25;0;0.0;0;0.0
84;Auvergne-Rhône-Alpes;15;Cantal;600;Autres;1;Injection totale;"c-]100;250]";NON;2021-09-30;0;0.0;0;0.0;0;0.0
84;Auvergne-Rhône-Alpes;26;Drôme;100;Photovoltaïque;1;Injection totale;"d-]250;...[";NON;2021-09-30;18;38.455;2;2.945;3;7.02
84;Auvergne-Rhône-Alpes;26;Drôme;300;Hydraulique;2;Injection du surplus;"a-]0;36]";NON;2021-09-30;0;0.0;0;0.0;0;0.0
84;Auvergne-Rhône-Alpes;26;Drôme;600;Autres;1;Injection totale;"b-]36;100]";NON;2021-09-30;0;0.0;0;0.0;0;0.0
84;Auvergne-Rhône-Alpes;26;Drôme;600;Autres;2;Injection du surplus;"a-]0;36]";NON;2021-09-30;0;0.0;0;0.0;0;0.0
84;Auvergne-Rhône-Alpes;26;Drôme;600;Autres;2;Injection du surplus;"d-]250;...[";NON;2021-09-30;0;0.0;0;0.0;0;0.0
84;Auvergne-Rhône-Alpes;38;Isère;100;Photovoltaïque;1;Injection totale;"a-]0;36]";NON;2021-09-30;120;1.47634;14;0.207;8;0.0842
84;Auvergne-Rhône-Alpes;42;Loire;100;Photovoltaïque;2;Injection du surplus;"d-]250;...[";NON;2021-09-30;0;0.0;0;0.0;0;0.0
84;Auvergne-Rhône-Alpes;42;Loire;400;Bio énergie;1;Injection totale;"b-]36;100]";NON;2021-09-30;1;0.049;1;0.049;0;0.0
84;Auvergne-Rhône-Alpes;42;Loire;500;Cogénération;1;Injection totale;"c-]100;250]";NON;2021-09-30;0;0.0;0;0.0;0;0.0
84;Auvergne-Rhône-Alpes;43;Haute-Loire;100;Photovoltaïque;1;Injection totale;"d-]250;...[";NON;2021-09-30;3;11.7;9;6.704;10;10.219
84;Auvergne-Rhône-Alpes;43;Haute-Loire;100;Photovoltaïque;2;Injection du surplus;"a-]0;36]";OUI;2021-09-30;2;0.012;0;0.0;1;0.003
84;Auvergne-Rhône-Alpes;43;Haute-Loire;300;Hydraulique;1;Injection totale;"d-]250;...[";NON;2021-09-30;0;0.0;0;0.0;0;0.0
84;Auvergne-Rhône-Alpes;43;Haute-Loire;400;Bio énergie;2;Injection du surplus;"d-]250;...[";NON;2021-09-30;0;0.0;0;0.0;0;0.0
84;Auvergne-Rhône-Alpes;63;Puy-de-Dôme;300;Hydraulique;1;Injection totale;"c-]100;250]";NON;2021-09-30;0;0.0;0;0.0;0;0.0
84;Auvergne-Rhône-Alpes;69;Rhône;100;Photovoltaïque;2;Injection du surplus;"a-]0;36]";NON;2021-09-30;230;1.25257;234;1.13505;288;1.45403
84;Auvergne-Rhône-Alpes;69;Rhône;100;Photovoltaïque;3;Autoconsommation sans injection;"a-]0;36]";NON;2021-09-30;1;0.033;31;0.10471;31;0.10471
84;Auvergne-Rhône-Alpes;69;Rhône;100;Photovoltaïque;3;Autoconsommation sans injection;"a-]0;36]";OUI;2021-09-30;0;0.0;0;0.0;0;0.0
84;Auvergne-Rhône-Alpes;69;Rhône;400;Bio énergie;1;Injection totale;"a-]0;36]";NON;2021-09-30;0;0.0;0;0.0;0;0.0
84;Auvergne-Rhône-Alpes;69;Rhône;400;Bio énergie;1;Injection totale;"b-]36;100]";NON;2021-09-30;0;0.0;0;0.0;0;0.0
84;Auvergne-Rhône-Alpes;69;Rhône;500;Cogénération;1;Injection totale;"d-]250;...[";NON;2021-09-30;0;0.0;0;0.0;0;0.0
84;Auvergne-Rhône-Alpes;69;Rhône;500;Cogénération;3;Autoconsommation sans injection;"a-]0;36]";NON;2021-09-30;0;0.0;0;0.0;0;0.0
84;Auvergne-Rhône-Alpes;69;Rhône;600;Autres;2;Injection du surplus;"a-]0;36]";NON;2021-09-30;0;0.0;0;0.0;0;0.0
84;Auvergne-Rhône-Alpes;73;Savoie;100;Photovoltaïque;2;Injection du surplus;"a-]0;36]";OUI;2021-09-30;2;0.011;0;0.0;2;0.0102
84;Auvergne-Rhône-Alpes;73;Savoie;550;Stockage hors hydraulique;1;Injection totale;"a-]0;36]";OUI;2021-09-30;1;0.0;0;0.0;0;0.0
84;Auvergne-Rhône-Alpes;74;Haute-Savoie;100;Photovoltaïque;1;Injection totale;"a-]0;36]";NON;2021-09-30;23;0.3211;3;0.096;3;0.0435
84;Auvergne-Rhône-Alpes;74;Haute-Savoie;300;Hydraulique;2;Injection du surplus;"d-]250;...[";NON;2021-09-30;0;0.0;0;0.0;0;0.0
84;Auvergne-Rhône-Alpes;73;Savoie;100;Photovoltaïque;2;Injection du surplus;"b-]36;100]";NON;2020-09-30;8;0.587;1;0.099;0;0.0
84;Auvergne-Rhône-Alpes;74;Haute-Savoie;100;Photovoltaïque;3;Autoconsommation sans injection;"c-]100;250]";NON;2020-09-30;0;0.0;0;0.0;0;0.0
84;Auvergne-Rhône-Alpes;7;Ardèche;100;Photovoltaïque;3;Autoconsommation sans injection;"b-]36;100]";NON;2020-09-30;0;0.0;0;0.0;1;0.0426
84;Auvergne-Rhône-Alpes;63;Puy-de-Dôme;100;Photovoltaïque;2;Injection du surplus;"a-]0;36]";OUI;2020-09-30;2;0.0106;2;0.0076;3;0.0108
84;Auvergne-Rhône-Alpes;1;Ain;100;Photovoltaïque;1;Injection totale;"b-]36;100]";NON;2020-09-30;45;4.13324;3;0.2818;7;0.59137
84;Auvergne-Rhône-Alpes;3;Allier;100;Photovoltaïque;1;Injection totale;"a-]0;36]";NON;2020-09-30;15;0.3267;3;0.081;6;0.092
84;Auvergne-Rhône-Alpes;38;Isère;100;Photovoltaïque;3;Autoconsommation sans injection;"d-]250;...[";NON;2020-09-30;2;1.385;0;0.0;0;0.0
84;Auvergne-Rhône-Alpes;42;Loire;100;Photovoltaïque;1;Injection totale;"a-]0;36]";NON;2020-09-30;43;0.66887;5;0.1276;8;0.1266
84;Auvergne-Rhône-Alpes;42;Loire;100;Photovoltaïque;3;Autoconsommation sans injection;"d-]250;...[";NON;2020-09-30;1;0.3;0;0.0;0;0.0
84;Auvergne-Rhône-Alpes;43;Haute-Loire;100;Photovoltaïque;1;Injection totale;"c-]100;250]";NON;2020-09-30;26;5.72028;5;1.097;0;0.0
84;Auvergne-Rhône-Alpes;69;Rhône;100;Photovoltaïque;2;Injection du surplus;"a-]0;36]";NON;2020-09-30;197;1.0297;167;0.75103;121;0.58131
84;Auvergne-Rhône-Alpes;74;Haute-Savoie;100;Photovoltaïque;3;Autoconsommation sans injection;"a-]0;36]";NON;2020-09-30;0;0.0;17;0.05593;17;0.05593
84;Auvergne-Rhône-Alpes;63;Puy-de-Dôme;200;Eolien;2;Injection du surplus;"a-]0;36]";NON;2020-09-30;0;0.0;0;0.0;0;0.0
84;Auvergne-Rhône-Alpes;15;Cantal;200;Eolien;1;Injection totale;"d-]250;...[";NON;2020-09-30;1;12.0;0;0.0;0;0.0
84;Auvergne-Rhône-Alpes;3;Allier;200;Eolien;1;Injection totale;"a-]0;36]";NON;2020-09-30;0;0.0;0;0.0;0;0.0
84;Auvergne-Rhône-Alpes;7;Ardèche;200;Eolien;1;Injection totale;"d-]250;...[";NON;2020-09-30;2;6.3;0;0.0;2;17.35
84;Auvergne-Rhône-Alpes;74;Haute-Savoie;200;Eolien;2;Injection du surplus;"a-]0;36]";NON;2020-09-30;0;0.0;0;0.0;0;0.0
84;Auvergne-Rhône-Alpes;42;Loire;300;Hydraulique;2;Injection du surplus;"a-]0;36]";NON;2020-09-30;0;0.0;0;0.0;0;0.0
84;Auvergne-Rhône-Alpes;74;Haute-Savoie;300;Hydraulique;1;Injection totale;"d-]250;...[";NON;2020-09-30;3;5.264;1;1.64;0;0.0
84;Auvergne-Rhône-Alpes;43;Haute-Loire;300;Hydraulique;1;Injection totale;"b-]36;100]";NON;2020-09-30;1;0.099;0;0.0;1;0.1
84;Auvergne-Rhône-Alpes;73;Savoie;300;Hydraulique;2;Injection du surplus;"c-]100;250]";NON;2020-09-30;0;0.0;0;0.0;0;0.0
84;Auvergne-Rhône-Alpes;1;Ain;300;Hydraulique;1;Injection totale;"a-]0;36]";NON;2020-09-30;0;0.0;0;0.0;2;0.0
84;Auvergne-Rhône-Alpes;74;Haute-Savoie;300;Hydraulique;1;Injection totale;"c-]100;250]";NON;2020-09-30;0;0.0;0;0.0;0;0.0
84;Auvergne-Rhône-Alpes;74;Haute-Savoie;300;Hydraulique;2;Injection du surplus;"c-]100;250]";NON;2020-09-30;0;0.0;0;0.0;0;0.0
84;Auvergne-Rhône-Alpes;63;Puy-de-Dôme;400;Bio énergie;1;Injection totale;"b-]36;100]";NON;2020-09-30;0;0.0;0;0.0;0;0.0
84;Auvergne-Rhône-Alpes;7;Ardèche;400;Bio énergie;1;Injection totale;"c-]100;250]";NON;2020-09-30;0;0.0;0;0.0;0;0.0
84;Auvergne-Rhône-Alpes;43;Haute-Loire;400;Bio énergie;1;Injection totale;"d-]250;...[";NON;2020-09-30;0;0.0;0;0.0;0;0.0
84;Auvergne-Rhône-Alpes;42;Loire;400;Bio énergie;1;Injection totale;"b-]36;100]";NON;2020-09-30;1;0.097;0;0.0;0;0.0
84;Auvergne-Rhône-Alpes;38;Isère;400;Bio énergie;1;Injection totale;"a-]0;36]";NON;2020-09-30;0;0.0;0;0.0;0;0.0
84;Auvergne-Rhône-Alpes;69;Rhône;400;Bio énergie;1;Injection totale;"d-]250;...[";NON;2020-09-30;0;0.0;0;0.0;0;0.0
84;Auvergne-Rhône-Alpes;26;Drôme;400;Bio énergie;1;Injection totale;"a-]0;36]";NON;2020-09-30;0;0.0;0;0.0;0;0.0
84;Auvergne-Rhône-Alpes;1;Ain;500;Cogénération;1;Injection totale;"d-]250;...[";NON;2020-09-30;0;0.0;0;0.0;0;0.0
84;Auvergne-Rhône-Alpes;73;Savoie;500;Cogénération;1;Injection totale;"d-]250;...[";NON;2020-09-30;0;0.0;0;0.0;0;0.0
84;Auvergne-Rhône-Alpes;74;Haute-Savoie;500;Cogénération;1;Injection totale;"c-]100;250]";NON;2020-09-30;0;0.0;0;0.0;0;0.0
84;Auvergne-Rhône-Alpes;3;Allier;500;Cogénération;1;Injection totale;"a-]0;36]";NON;2020-09-30;0;0.0;0;0.0;0;0.0
84;Auvergne-Rhône-Alpes;7;Ardèche;500;Cogénération;1;Injection totale;"a-]0;36]";NON;2020-09-30;0;0.0;0;0.0;0;0.0
84;Auvergne-Rhône-Alpes;7;Ardèche;500;Cogénération;1;Injection totale;"d-]250;...[";NON;2020-09-30;1;1.96;0;0.0;0;0.0
84;Auvergne-Rhône-Alpes;3;Allier;500;Cogénération;1;Injection totale;"d-]250;...[";NON;2020-09-30;0;0.0;0;0.0;0;0.0
84;Auvergne-Rhône-Alpes;42;Loire;500;Cogénération;3;Autoconsommation sans injection;"a-]0;36]";NON;2020-09-30;0;0.0;0;0.0;0;0.0
84;Auvergne-Rhône-Alpes;63;Puy-de-Dôme;500;Cogénération;1;Injection totale;"c-]100;250]";NON;2020-09-30;0;0.0;0;0.0;0;0.0
84;Auvergne-Rhône-Alpes;7;Ardèche;600;Autres;1;Injection totale;"d-]250;...[";NON;2020-09-30;0;0.0;0;0.0;0;0.0
84;Auvergne-Rhône-Alpes;69;Rhône;600;Autres;1;Injection totale;"c-]100;250]";NON;2020-09-30;0;0.0;0;0.0;0;0.0
84;Auvergne-Rhône-Alpes;74;Haute-Savoie;600;Autres;1;Injection totale;"a-]0;36]";NON;2020-09-30;0;0.0;0;0.0;0;0.0
84;Auvergne-Rhône-Alpes;1;Ain;600;Autres;1;Injection totale;"d-]250;...[";NON;2020-09-30;0;0.0;0;0.0;0;0.0
84;Auvergne-Rhône-Alpes;26;Drôme;600;Autres;1;Injection totale;"b-]36;100]";NON;2020-09-30;0;0.0;0;0.0;0;0.0
84;Auvergne-Rhône-Alpes;42;Loire;600;Autres;1;Injection totale;"d-]250;...[";NON;2020-09-30;0;0.0;0;0.0;0;0.0
84;Auvergne-Rhône-Alpes;69;Rhône;600;Autres;1;Injection totale;"d-]250;...[";NON;2020-09-30;0;0.0;0;0.0;0;0.0
84;Auvergne-Rhône-Alpes;1;Ain;300;Hydraulique;1;Injection totale;"a-]0;36]";NON;2020-12-31;0;0.0;0;0.0;0;0.0
84;Auvergne-Rhône-Alpes;1;Ain;300;Hydraulique;3;Autoconsommation sans injection;"a-]0;36]";NON;2020-12-31;0;0.0;0;0.0;0;0.0
84;Auvergne-Rhône-Alpes;1;Ain;400;Bio énergie;2;Injection du surplus;"a-]0;36]";NON;2020-12-31;0;0.0;0;0.0;0;0.0
84;Auvergne-Rhône-Alpes;1;Ain;600;Autres;1;Injection totale;"a-]0;36]";NON;2020-12-31;0;0.0;0;0.0;0;0.0
84;Auvergne-Rhône-Alpes;1;Ain;600;Autres;2;Injection du surplus;"a-]0;36]";NON;2020-12-31;0;0.0;0;0.0;0;0.0
84;Auvergne-Rhône-Alpes;3;Allier;100;Photovoltaïque;1;Injection totale;"a-]0;36]";OUI;2020-12-31;0;0.0;0;0.0;0;0.0
84;Auvergne-Rhône-Alpes;3;Allier;100;Photovoltaïque;3;Autoconsommation sans injection;"a-]0;36]";OUI;2020-12-31;0;0.0;0;0.0;0;0.0
84;Auvergne-Rhône-Alpes;3;Allier;300;Hydraulique;1;Injection totale;"a-]0;36]";NON;2020-12-31;1;0.03;0;0.0;0;0.0
84;Auvergne-Rhône-Alpes;3;Allier;300;Hydraulique;1;Injection totale;"b-]36;100]";NON;2020-12-31;0;0.0;0;0.0;0;0.0
84;Auvergne-Rhône-Alpes;3;Allier;400;Bio énergie;1;Injection totale;"a-]0;36]";NON;2020-12-31;0;0.0;0;0.0;0;0.0
84;Auvergne-Rhône-Alpes;7;Ardèche;300;Hydraulique;1;Injection totale;"d-]250;...[";NON;2020-12-31;1;0.272;0;0.0;0;0.0
84;Auvergne-Rhône-Alpes;15;Cantal;100;Photovoltaïque;1;Injection totale;"c-]100;250]";NON;2020-12-31;24;5.23896;3;0.66156;4;0.8186
84;Auvergne-Rhône-Alpes;15;Cantal;300;Hydraulique;1;Injection totale;"c-]100;250]";NON;2020-12-31;0;0.0;0;0.0;0;0.0
84;Auvergne-Rhône-Alpes;15;Cantal;300;Hydraulique;1;Injection totale;"d-]250;...[";NON;2020-12-31;0;0.0;0;0.0;0;0.0
84;Auvergne-Rhône-Alpes;15;Cantal;400;Bio énergie;1;Injection totale;"c-]100;250]";NON;2020-12-31;0;0.0;0;0.0;0;0.0
84;Auvergne-Rhône-Alpes;15;Cantal;400;Bio énergie;1;Injection totale;"d-]250;...[";NON;2020-12-31;0;0.0;0;0.0;0;0.0
84;Auvergne-Rhône-Alpes;15;Cantal;600;Autres;1;Injection totale;"c-]100;250]";NON;2020-12-31;0;0.0;0;0.0;0;0.0
84;Auvergne-Rhône-Alpes;26;Drôme;100;Photovoltaïque;2;Injection du surplus;"b-]36;100]";NON;2020-12-31;8;0.59022;3;0.25442;1;0.085
84;Auvergne-Rhône-Alpes;26;Drôme;100;Photovoltaïque;3;Autoconsommation sans injection;"b-]36;100]";NON;2020-12-31;1;0.065;1;0.065;0;0.0
84;Auvergne-Rhône-Alpes;26;Drôme;300;Hydraulique;1;Injection totale;"b-]36;100]";NON;2020-12-31;0;0.0;0;0.0;0;0.0
84;Auvergne-Rhône-Alpes;26;Drôme;400;Bio énergie;1;Injection totale;"a-]0;36]";NON;2020-12-31;0;0.0;0;0.0;0;0.0
84;Auvergne-Rhône-Alpes;26;Drôme;500;Cogénération;3;Autoconsommation sans injection;"d-]250;...[";NON;2020-12-31;0;0.0;0;0.0;0;0.0
84;Auvergne-Rhône-Alpes;26;Drôme;600;Autres;2;Injection du surplus;"a-]0;36]";NON;2020-12-31;0;0.0;0;0.0;0;0.0
84;Auvergne-Rhône-Alpes;38;Isère;100;Photovoltaïque;1;Injection totale;"b-]36;100]";NON;2020-12-31;108;10.01564;15;1.3673;19;1.73372
84;Auvergne-Rhône-Alpes;38;Isère;300;Hydraulique;2;Injection du surplus;"c-]100;250]";NON;2020-12-31;2;0.324;0;0.0;0;0.0
84;Auvergne-Rhône-Alpes;38;Isère;500;Cogénération;1;Injection totale;"a-]0;36]";NON;2020-12-31;0;0.0;0;0.0;0;0.0
84;Auvergne-Rhône-Alpes;38;Isère;600;Autres;1;Injection totale;"c-]100;250]";NON;2020-12-31;1;0.22;0;0.0;0;0.0
84;Auvergne-Rhône-Alpes;42;Loire;100;Photovoltaïque;1;Injection totale;"a-]0;36]";OUI;2020-12-31;0;0.0;0;0.0;0;0.0
84;Auvergne-Rhône-Alpes;42;Loire;100;Photovoltaïque;1;Injection totale;"d-]250;...[";NON;2020-12-31;6;15.315;1;1.585;0;0.0
84;Auvergne-Rhône-Alpes;42;Loire;100;Photovoltaïque;3;Autoconsommation sans injection;"d-]250;...[";NON;2020-12-31;0;0.0;0;0.0;1;0.3
84;Auvergne-Rhône-Alpes;42;Loire;400;Bio énergie;1;Injection totale;"d-]250;...[";NON;2020-12-31;0;0.0;0;0.0;0;0.0
84;Auvergne-Rhône-Alpes;42;Loire;500;Cogénération;3;Autoconsommation sans injection;"a-]0;36]";NON;2020-12-31;0;0.0;0;0.0;0;0.0
84;Auvergne-Rhône-Alpes;42;Loire;600;Autres;1;Injection totale;"d-]250;...[";NON;2020-12-31;0;0.0;0;0.0;0;0.0
84;Auvergne-Rhône-Alpes;42;Loire;600;Autres;2;Injection du surplus;"a-]0;36]";NON;2020-12-31;0;0.0;0;0.0;0;0.0
84;Auvergne-Rhône-Alpes;43;Haute-Loire;100;Photovoltaïque;2;Injection du surplus;"a-]0;36]";NON;2020-12-31;60;0.29312;68;0.36047;59;0.24962
84;Auvergne-Rhône-Alpes;43;Haute-Loire;100;Photovoltaïque;2;Injection du surplus;"d-]250;...[";NON;2020-12-31;0;0.0;0;0.0;0;0.0
84;Auvergne-Rhône-Alpes;43;Haute-Loire;300;Hydraulique;1;Injection totale;"a-]0;36]";NON;2020-12-31;1;0.01;0;0.0;0;0.0
84;Auvergne-Rhône-Alpes;43;Haute-Loire;500;Cogénération;1;Injection totale;"a-]0;36]";NON;2020-12-31;0;0.0;0;0.0;0;0.0
84;Auvergne-Rhône-Alpes;63;Puy-de-Dôme;100;Photovoltaïque;1;Injection totale;"a-]0;36]";NON;2020-12-31;16;0.2631;2;0.038;2;0.006
84;Auvergne-Rhône-Alpes;63;Puy-de-Dôme;100;Photovoltaïque;2;Injection du surplus;"d-]250;...[";NON;2020-12-31;0;0.0;0;0.0;0;0.0
84;Auvergne-Rhône-Alpes;63;Puy-de-Dôme;100;Photovoltaïque;3;Autoconsommation sans injection;"c-]100;250]";NON;2020-12-31;0;0.0;0;0.0;0;0.0
84;Auvergne-Rhône-Alpes;63;Puy-de-Dôme;200;Eolien;2;Injection du surplus;"a-]0;36]";NON;2020-12-31;0;0.0;0;0.0;0;0.0
84;Auvergne-Rhône-Alpes;63;Puy-de-Dôme;300;Hydraulique;1;Injection totale;"c-]100;250]";NON;2020-12-31;0;0.0;0;0.0;0;0.0
84;Auvergne-Rhône-Alpes;63;Puy-de-Dôme;300;Hydraulique;2;Injection du surplus;"a-]0;36]";NON;2020-12-31;0;0.0;0;0.0;0;0.0
84;Auvergne-Rhône-Alpes;63;Puy-de-Dôme;400;Bio énergie;1;Injection totale;"b-]36;100]";NON;2020-12-31;0;0.0;0;0.0;0;0.0
84;Auvergne-Rhône-Alpes;69;Rhône;100;Photovoltaïque;1;Injection totale;"d-]250;...[";NON;2020-12-31;8;21.915;1;6.86;0;0.0
84;Auvergne-Rhône-Alpes;69;Rhône;100;Photovoltaïque;3;Autoconsommation sans injection;"d-]250;...[";NON;2020-12-31;5;2.281;3;1.399;0;0.0
84;Auvergne-Rhône-Alpes;69;Rhône;300;Hydraulique;1;Injection totale;"c-]100;250]";NON;2020-12-31;0;0.0;0;0.0;0;0.0
84;Auvergne-Rhône-Alpes;73;Savoie;100;Photovoltaïque;1;Injection totale;"a-]0;36]";NON;2020-12-31;34;0.4247;6;0.08;3;0.052
84;Auvergne-Rhône-Alpes;73;Savoie;300;Hydraulique;2;Injection du surplus;"a-]0;36]";NON;2020-12-31;0;0.0;0;0.0;0;0.0
84;Auvergne-Rhône-Alpes;74;Haute-Savoie;100;Photovoltaïque;2;Injection du surplus;"b-]36;100]";NON;2020-12-31;4;0.258;1;0.056;0;0.0
84;Auvergne-Rhône-Alpes;74;Haute-Savoie;100;Photovoltaïque;3;Autoconsommation sans injection;"a-]0;36]";OUI;2020-12-31;0;0.0;0;0.0;0;0.0
84;Auvergne-Rhône-Alpes;74;Haute-Savoie;100;Photovoltaïque;3;Autoconsommation sans injection;"c-]100;250]";NON;2020-12-31;0;0.0;0;0.0;0;0.0
84;Auvergne-Rhône-Alpes;74;Haute-Savoie;300;Hydraulique;1;Injection totale;"a-]0;36]";NON;2020-12-31;1;0.01602;0;0.0;0;0.0
84;Auvergne-Rhône-Alpes;1;Ain;100;Photovoltaïque;1;Injection totale;"c-]100;250]";NON;2021-03-31;6;1.354;2;0.47;1;0.25
84;Auvergne-Rhône-Alpes;1;Ain;100;Photovoltaïque;1;Injection totale;"d-]250;...[";NON;2021-03-31;19;75.321;4;10.915;3;6.425
84;Auvergne-Rhône-Alpes;1;Ain;100;Photovoltaïque;3;Autoconsommation sans injection;"c-]100;250]";NON;2021-03-31;2;0.31;1;0.2;0;0.0
84;Auvergne-Rhône-Alpes;1;Ain;100;Photovoltaïque;3;Autoconsommation sans injection;"d-]250;...[";NON;2021-03-31;1;0.498;0;0.0;0;0.0
84;Auvergne-Rhône-Alpes;1;Ain;200;Eolien;1;Injection totale;"d-]250;...[";NON;2021-03-31;2;21.0;0;0.0;0;0.0
84;Auvergne-Rhône-Alpes;1;Ain;400;Bio énergie;1;Injection totale;"a-]0;36]";NON;2021-03-31;1;0.035;0;0.0;0;0.0
84;Auvergne-Rhône-Alpes;1;Ain;400;Bio énergie;1;Injection totale;"d-]250;...[";NON;2021-03-31;0;0.0;0;0.0;0;0.0
84;Auvergne-Rhône-Alpes;1;Ain;400;Bio énergie;2;Injection du surplus;"a-]0;36]";NON;2021-03-31;0;0.0;0;0.0;0;0.0
84;Auvergne-Rhône-Alpes;3;Allier;100;Photovoltaïque;1;Injection totale;"b-]36;100]";NON;2021-03-31;316;29.1081;72;6.71765;53;4.98891
84;Auvergne-Rhône-Alpes;3;Allier;100;Photovoltaïque;1;Injection totale;"d-]250;...[";NON;2021-03-31;17;101.705;2;1.692;4;10.00788
84;Auvergne-Rhône-Alpes;3;Allier;100;Photovoltaïque;2;Injection du surplus;"b-]36;100]";NON;2021-03-31;2;0.1879;0;0.0;0;0.0
84;Auvergne-Rhône-Alpes;3;Allier;100;Photovoltaïque;3;Autoconsommation sans injection;"a-]0;36]";OUI;2021-03-31;0;0.0;0;0.0;0;0.0
84;Auvergne-Rhône-Alpes;3;Allier;300;Hydraulique;2;Injection du surplus;"a-]0;36]";NON;2021-03-31;0;0.0;0;0.0;0;0.0
84;Auvergne-Rhône-Alpes;7;Ardèche;100;Photovoltaïque;2;Injection du surplus;"a-]0;36]";OUI;2021-03-31;3;0.0096;2;0.006;1;0.003
84;Auvergne-Rhône-Alpes;7;Ardèche;100;Photovoltaïque;2;Injection du surplus;"b-]36;100]";NON;2021-03-31;0;0.0;0;0.0;0;0.0
84;Auvergne-Rhône-Alpes;7;Ardèche;100;Photovoltaïque;3;Autoconsommation sans injection;"b-]36;100]";NON;2021-03-31;0;0.0;0;0.0;0;0.0
84;Auvergne-Rhône-Alpes;7;Ardèche;600;Autres;1;Injection totale;"a-]0;36]";NON;2021-03-31;0;0.0;0;0.0;0;0.0
84;Auvergne-Rhône-Alpes;7;Ardèche;600;Autres;1;Injection totale;"c-]100;250]";NON;2021-03-31;0;0.0;0;0.0;0;0.0
84;Auvergne-Rhône-Alpes;15;Cantal;100;Photovoltaïque;1;Injection totale;"d-]250;...[";NON;2021-03-31;4;14.609;1;9.62;0;0.0
84;Auvergne-Rhône-Alpes;15;Cantal;200;Eolien;1;Injection totale;"d-]250;...[";NON;2021-03-31;3;30.4;0;0.0;0;0.0
84;Auvergne-Rhône-Alpes;15;Cantal;300;Hydraulique;1;Injection totale;"d-]250;...[";NON;2021-03-31;0;0.0;0;0.0;0;0.0
84;Auvergne-Rhône-Alpes;15;Cantal;400;Bio énergie;1;Injection totale;"d-]250;...[";NON;2021-03-31;0;0.0;0;0.0;0;0.0
84;Auvergne-Rhône-Alpes;15;Cantal;400;Bio énergie;2;Injection du surplus;"c-]100;250]";NON;2021-03-31;0;0.0;0;0.0;0;0.0
84;Auvergne-Rhône-Alpes;15;Cantal;600;Autres;2;Injection du surplus;"a-]0;36]";NON;2021-03-31;1;0.001;0;0.0;0;0.0
84;Auvergne-Rhône-Alpes;26;Drôme;100;Photovoltaïque;1;Injection totale;"c-]100;250]";NON;2021-03-31;51;11.14873;5;1.15;9;1.938
84;Auvergne-Rhône-Alpes;26;Drôme;400;Bio énergie;1;Injection totale;"a-]0;36]";NON;2021-03-31;0;0.0;0;0.0;0;0.0
84;Auvergne-Rhône-Alpes;26;Drôme;600;Autres;2;Injection du surplus;"d-]250;...[";NON;2021-03-31;0;0.0;0;0.0;0;0.0
84;Auvergne-Rhône-Alpes;38;Isère;100;Photovoltaïque;2;Injection du surplus;"a-]0;36]";NON;2021-03-31;317;1.59008;311;1.43301;238;1.0444
84;Auvergne-Rhône-Alpes;38;Isère;100;Photovoltaïque;2;Injection du surplus;"b-]36;100]";NON;2021-03-31;4;0.3359;1;0.0999;2;0.0926
84;Auvergne-Rhône-Alpes;38;Isère;100;Photovoltaïque;3;Autoconsommation sans injection;"d-]250;...[";NON;2021-03-31;1;0.925;0;0.0;0;0.0
84;Auvergne-Rhône-Alpes;38;Isère;300;Hydraulique;1;Injection totale;"d-]250;...[";NON;2021-03-31;8;19.78;3;0.885;0;0.0
84;Auvergne-Rhône-Alpes;38;Isère;400;Bio énergie;1;Injection totale;"c-]100;250]";NON;2021-03-31;0;0.0;0;0.0;0;0.0
84;Auvergne-Rhône-Alpes;38;Isère;400;Bio énergie;1;Injection totale;"d-]250;...[";NON;2021-03-31;1;0.435;1;0.435;0;0.0
84;Auvergne-Rhône-Alpes;42;Loire;400;Bio énergie;2;Injection du surplus;"c-]100;250]";NON;2021-03-31;0;0.0;0;0.0;0;0.0
84;Auvergne-Rhône-Alpes;42;Loire;600;Autres;1;Injection totale;"d-]250;...[";NON;2021-03-31;0;0.0;0;0.0;0;0.0
84;Auvergne-Rhône-Alpes;43;Haute-Loire;100;Photovoltaïque;1;Injection totale;"a-]0;36]";NON;2021-03-31;23;0.5454;11;0.2362;2;0.009
84;Auvergne-Rhône-Alpes;43;Haute-Loire;100;Photovoltaïque;2;Injection du surplus;"b-]36;100]";NON;2021-03-31;2;0.1818;0;0.0;1;0.066
84;Auvergne-Rhône-Alpes;43;Haute-Loire;100;Photovoltaïque;3;Autoconsommation sans injection;"b-]36;100]";NON;2021-03-31;1;0.04905;0;0.0;0;0.0
84;Auvergne-Rhône-Alpes;43;Haute-Loire;200;Eolien;2;Injection du surplus;"a-]0;36]";NON;2021-03-31;0;0.0;0;0.0;0;0.0
84;Auvergne-Rhône-Alpes;43;Haute-Loire;300;Hydraulique;1;Injection totale;"b-]36;100]";NON;2021-03-31;2;0.194;0;0.0;0;0.0
84;Auvergne-Rhône-Alpes;43;Haute-Loire;400;Bio énergie;2;Injection du surplus;"d-]250;...[";NON;2021-03-31;0;0.0;0;0.0;0;0.0
84;Auvergne-Rhône-Alpes;63;Puy-de-Dôme;100;Photovoltaïque;2;Injection du surplus;"b-]36;100]";NON;2021-03-31;3;0.205;1;0.09;0;0.0
84;Auvergne-Rhône-Alpes;63;Puy-de-Dôme;300;Hydraulique;1;Injection totale;"a-]0;36]";NON;2021-03-31;1;0.0075;1;0.0075;0;0.0
84;Auvergne-Rhône-Alpes;63;Puy-de-Dôme;400;Bio énergie;1;Injection totale;"c-]100;250]";NON;2021-03-31;1;0.16;0;0.0;0;0.0
84;Auvergne-Rhône-Alpes;69;Rhône;100;Photovoltaïque;2;Injection du surplus;"a-]0;36]";NON;2021-03-31;216;1.30541;263;1.37397;258;1.21966
84;Auvergne-Rhône-Alpes;69;Rhône;100;Photovoltaïque;3;Autoconsommation sans injection;"d-]250;...[";NON;2021-03-31;4;1.861;0;0.0;1;0.42
84;Auvergne-Rhône-Alpes;69;Rhône;300;Hydraulique;1;Injection totale;"c-]100;250]";NON;2021-03-31;0;0.0;0;0.0;0;0.0
84;Auvergne-Rhône-Alpes;69;Rhône;300;Hydraulique;1;Injection totale;"d-]250;...[";NON;2021-03-31;0;0.0;0;0.0;0;0.0
84;Auvergne-Rhône-Alpes;69;Rhône;400;Bio énergie;1;Injection totale;"d-]250;...[";NON;2021-03-31;1;0.3;1;0.3;0;0.0
84;Auvergne-Rhône-Alpes;73;Savoie;100;Photovoltaïque;1;Injection totale;"a-]0;36]";NON;2021-03-31;33;0.41837;9;0.13657;4;0.0759
84;Auvergne-Rhône-Alpes;73;Savoie;100;Photovoltaïque;2;Injection du surplus;"c-]100;250]";OUI;2021-03-31;0;0.0;0;0.0;0;0.0
84;Auvergne-Rhône-Alpes;73;Savoie;100;Photovoltaïque;3;Autoconsommation sans injection;"c-]100;250]";NON;2021-03-31;1;0.146;0;0.0;0;0.0
84;Auvergne-Rhône-Alpes;73;Savoie;300;Hydraulique;1;Injection totale;"d-]250;...[";NON;2021-03-31;7;11.703;1;0.5;2;5.484
84;Auvergne-Rhône-Alpes;73;Savoie;500;Cogénération;1;Injection totale;"a-]0;36]";NON;2021-03-31;0;0.0;0;0.0;0;0.0
84;Auvergne-Rhône-Alpes;73;Savoie;500;Cogénération;1;Injection totale;"d-]250;...[";NON;2021-03-31;0;0.0;0;0.0;0;0.0
84;Auvergne-Rhône-Alpes;73;Savoie;600;Autres;1;Injection totale;"b-]36;100]";NON;2021-03-31;0;0.0;0;0.0;0;0.0
84;Auvergne-Rhône-Alpes;74;Haute-Savoie;100;Photovoltaïque;1;Injection totale;"b-]36;100]";NON;2021-03-31;12;1.0484;2;0.1378;3;0.25464
84;Auvergne-Rhône-Alpes;74;Haute-Savoie;100;Photovoltaïque;1;Injection totale;"c-]100;250]";NON;2021-03-31;1;0.2;1;0.2;0;0.0
84;Auvergne-Rhône-Alpes;74;Haute-Savoie;300;Hydraulique;1;Injection totale;"b-]36;100]";NON;2021-03-31;0;0.0;0;0.0;0;0.0
84;Auvergne-Rhône-Alpes;74;Haute-Savoie;300;Hydraulique;2;Injection du surplus;"d-]250;...[";NON;2021-03-31;0;0.0;0;0.0;0;0.0
84;Auvergne-Rhône-Alpes;74;Haute-Savoie;400;Bio énergie;1;Injection totale;"d-]250;...[";NON;2021-03-31;0;0.0;0;0.0;0;0.0
84;Auvergne-Rhône-Alpes;74;Haute-Savoie;400;Bio énergie;2;Injection du surplus;"c-]100;250]";NON;2021-03-31;0;0.0;0;0.0;0;0.0
84;Auvergne-Rhône-Alpes;15;Cantal;100;Photovoltaïque;2;Injection du surplus;"a-]0;36]";OUI;2020-06-30;;;;;;
84;Auvergne-Rhône-Alpes;69;Rhône;100;Photovoltaïque;3;Autoconsommation sans injection;"c-]100;250]";NON;2020-06-30;1;0.2;0;0.0;0;0.0
84;Auvergne-Rhône-Alpes;63;Puy-de-Dôme;100;Photovoltaïque;3;Autoconsommation sans injection;"d-]250;...[";NON;2020-06-30;0;0.0;0;0.0;0;0.0
84;Auvergne-Rhône-Alpes;1;Ain;100;Photovoltaïque;3;Autoconsommation sans injection;"b-]36;100]";NON;2020-06-30;0;0.0;0;0.0;0;0.0
84;Auvergne-Rhône-Alpes;15;Cantal;100;Photovoltaïque;1;Injection totale;"c-]100;250]";NON;2020-06-30;28;6.1199;7;1.5145;2;0.39
84;Auvergne-Rhône-Alpes;63;Puy-de-Dôme;100;Photovoltaïque;3;Autoconsommation sans injection;"c-]100;250]";NON;2020-06-30;0;0.0;0;0.0;0;0.0
84;Auvergne-Rhône-Alpes;26;Drôme;100;Photovoltaïque;2;Injection du surplus;"b-]36;100]";NON;2020-06-30;5;0.31;0;0.0;0;0.0
84;Auvergne-Rhône-Alpes;74;Haute-Savoie;100;Photovoltaïque;2;Injection du surplus;"b-]36;100]";NON;2020-06-30;1;0.06;0;0.0;0;0.0
84;Auvergne-Rhône-Alpes;1;Ain;100;Photovoltaïque;2;Injection du surplus;"a-]0;36]";OUI;2020-06-30;;;;;;
84;Auvergne-Rhône-Alpes;3;Allier;100;Photovoltaïque;1;Injection totale;"b-]36;100]";NON;2020-06-30;262;24.35334;42;3.7941;56;5.30754
84;Auvergne-Rhône-Alpes;7;Ardèche;100;Photovoltaïque;3;Autoconsommation sans injection;"b-]36;100]";NON;2020-06-30;1;0.0426;1;0.099;1;0.099
84;Auvergne-Rhône-Alpes;26;Drôme;100;Photovoltaïque;2;Injection du surplus;"a-]0;36]";NON;2020-06-30;105;0.50701;79;0.33851;66;0.2955
84;Auvergne-Rhône-Alpes;38;Isère;100;Photovoltaïque;2;Injection du surplus;"a-]0;36]";OUI;2020-06-30;18;0.0924;;;;
84;Auvergne-Rhône-Alpes;42;Loire;100;Photovoltaïque;1;Injection totale;"b-]36;100]";NON;2020-06-30;99;9.38472;14;1.34608;9;0.83154
84;Auvergne-Rhône-Alpes;42;Loire;100;Photovoltaïque;1;Injection totale;"d-]250;...[";NON;2020-06-30;6;16.282;1;1.875;0;0.0
84;Auvergne-Rhône-Alpes;42;Loire;100;Photovoltaïque;2;Injection du surplus;"d-]250;...[";NON;2020-06-30;0;0.0;0;0.0;1;0.414
84;Auvergne-Rhône-Alpes;43;Haute-Loire;100;Photovoltaïque;1;Injection totale;"c-]100;250]";NON;2020-06-30;21;4.61345;4;0.88845;0;0.0
84;Auvergne-Rhône-Alpes;69;Rhône;100;Photovoltaïque;2;Injection du surplus;"b-]36;100]";NON;2020-06-30;8;0.5562;3;0.2222;0;0.0
84;Auvergne-Rhône-Alpes;73;Savoie;100;Photovoltaïque;2;Injection du surplus;"a-]0;36]";NON;2020-06-30;108;0.5139;45;0.2428;37;0.1783
84;Auvergne-Rhône-Alpes;74;Haute-Savoie;100;Photovoltaïque;1;Injection totale;"a-]0;36]";NON;2020-06-30;27;0.224;;;;
84;Auvergne-Rhône-Alpes;74;Haute-Savoie;100;Photovoltaïque;3;Autoconsommation sans injection;"a-]0;36]";NON;2020-06-30;;;;;;
84;Auvergne-Rhône-Alpes;1;Ain;200;Eolien;3;Autoconsommation sans injection;"a-]0;36]";NON;2020-06-30;;;;;;
84;Auvergne-Rhône-Alpes;69;Rhône;200;Eolien;2;Injection du surplus;"a-]0;36]";NON;2020-06-30;;;;;;
84;Auvergne-Rhône-Alpes;1;Ain;200;Eolien;1;Injection totale;"a-]0;36]";NON;2020-06-30;;;;;;
84;Auvergne-Rhône-Alpes;43;Haute-Loire;200;Eolien;1;Injection totale;"a-]0;36]";NON;2020-06-30;;;;;;
84;Auvergne-Rhône-Alpes;43;Haute-Loire;200;Eolien;1;Injection totale;"d-]250;...[";NON;2020-06-30;0;0.0;0;0.0;0;0.0
84;Auvergne-Rhône-Alpes;63;Puy-de-Dôme;200;Eolien;1;Injection totale;"d-]250;...[";NON;2020-06-30;4;54.0;0;0.0;0;0.0
84;Auvergne-Rhône-Alpes;42;Loire;300;Hydraulique;1;Injection totale;"a-]0;36]";NON;2020-06-30;;;;;;
84;Auvergne-Rhône-Alpes;38;Isère;300;Hydraulique;1;Injection totale;"a-]0;36]";NON;2020-06-30;;;;;;
84;Auvergne-Rhône-Alpes;1;Ain;300;Hydraulique;3;Autoconsommation sans injection;"a-]0;36]";NON;2020-06-30;;;;;;
84;Auvergne-Rhône-Alpes;73;Savoie;300;Hydraulique;1;Injection totale;"d-]250;...[";NON;2020-06-30;9;18.982;1;1.0;0;0.0
84;Auvergne-Rhône-Alpes;63;Puy-de-Dôme;300;Hydraulique;2;Injection du surplus;"a-]0;36]";NON;2020-06-30;;;;;;
84;Auvergne-Rhône-Alpes;74;Haute-Savoie;300;Hydraulique;1;Injection totale;"b-]36;100]";NON;2020-06-30;0;0.0;0;0.0;0;0.0
84;Auvergne-Rhône-Alpes;73;Savoie;400;Bio énergie;1;Injection totale;"b-]36;100]";NON;2020-06-30;1;0.065;0;0.0;0;0.0
84;Auvergne-Rhône-Alpes;3;Allier;400;Bio énergie;1;Injection totale;"a-]0;36]";NON;2020-06-30;;;;;;
84;Auvergne-Rhône-Alpes;26;Drôme;400;Bio énergie;1;Injection totale;"c-]100;250]";NON;2020-06-30;0;0.0;0;0.0;0;0.0
84;Auvergne-Rhône-Alpes;7;Ardèche;400;Bio énergie;1;Injection totale;"c-]100;250]";NON;2020-06-30;0;0.0;0;0.0;0;0.0
84;Auvergne-Rhône-Alpes;42;Loire;400;Bio énergie;1;Injection totale;"d-]250;...[";NON;2020-06-30;0;0.0;0;0.0;0;0.0
84;Auvergne-Rhône-Alpes;42;Loire;400;Bio énergie;2;Injection du surplus;"c-]100;250]";NON;2020-06-30;0;0.0;0;0.0;0;0.0
84;Auvergne-Rhône-Alpes;43;Haute-Loire;400;Bio énergie;1;Injection totale;"c-]100;250]";NON;2020-06-30;4;0.594;0;0.0;0;0.0
84;Auvergne-Rhône-Alpes;63;Puy-de-Dôme;400;Bio énergie;1;Injection totale;"d-]250;...[";NON;2020-06-30;2;2.999;0;0.0;0;0.0
84;Auvergne-Rhône-Alpes;63;Puy-de-Dôme;400;Bio énergie;2;Injection du surplus;"b-]36;100]";NON;2020-06-30;0;0.0;0;0.0;0;0.0
84;Auvergne-Rhône-Alpes;73;Savoie;400;Bio énergie;1;Injection totale;"d-]250;...[";NON;2020-06-30;0;0.0;0;0.0;0;0.0
84;Auvergne-Rhône-Alpes;43;Haute-Loire;500;Cogénération;1;Injection totale;"d-]250;...[";NON;2020-06-30;0;0.0;0;0.0;0;0.0
84;Auvergne-Rhône-Alpes;26;Drôme;500;Cogénération;1;Injection totale;"c-]100;250]";NON;2020-06-30;0;0.0;0;0.0;0;0.0
84;Auvergne-Rhône-Alpes;42;Loire;500;Cogénération;3;Autoconsommation sans injection;"b-]36;100]";NON;2020-06-30;0;0.0;0;0.0;0;0.0
84;Auvergne-Rhône-Alpes;63;Puy-de-Dôme;500;Cogénération;1;Injection totale;"c-]100;250]";NON;2020-06-30;0;0.0;0;0.0;0;0.0
84;Auvergne-Rhône-Alpes;69;Rhône;500;Cogénération;3;Autoconsommation sans injection;"a-]0;36]";NON;2020-06-30;;;;;;
84;Auvergne-Rhône-Alpes;69;Rhône;600;Autres;3;Autoconsommation sans injection;"d-]250;...[";NON;2020-06-30;0;0.0;0;0.0;0;0.0
84;Auvergne-Rhône-Alpes;69;Rhône;600;Autres;1;Injection totale;"b-]36;100]";NON;2020-06-30;0;0.0;0;0.0;0;0.0
84;Auvergne-Rhône-Alpes;38;Isère;600;Autres;2;Injection du surplus;"a-]0;36]";NON;2020-06-30;;;;;;
84;Auvergne-Rhône-Alpes;42;Loire;600;Autres;1;Injection totale;"a-]0;36]";NON;2020-06-30;;;;;;
84;Auvergne-Rhône-Alpes;26;Drôme;600;Autres;2;Injection du surplus;"a-]0;36]";NON;2020-06-30;;;;;;
84;Auvergne-Rhône-Alpes;01;Ain;300;Hydraulique;2;Injection du surplus;"a-]0;36]";Non Dispo;2020-03-31;0;0.0;0;0.0;0;0.0
84;Auvergne-Rhône-Alpes;01;Ain;400;Bio énergie;1;Injection totale;"a-]0;36]";Non Dispo;2020-03-31;0;0.0;0;0.0;0;0.0
84;Auvergne-Rhône-Alpes;03;Allier;100;Photovoltaïque;2;Injection du surplus;"d-]250;...[";Non Dispo;2020-03-31;0;0.0;0;0.0;0;0.0
84;Auvergne-Rhône-Alpes;03;Allier;200;Eolien;1;Injection totale;"a-]0;36]";Non Dispo;2020-03-31;0;0.0;0;0.0;0;0.0
84;Auvergne-Rhône-Alpes;03;Allier;600;Autres;1;Injection totale;"a-]0;36]";Non Dispo;2020-03-31;0;0.0;0;0.0;0;0.0
84;Auvergne-Rhône-Alpes;07;Ardèche;100;Photovoltaïque;1;Injection totale;"d-]250;...[";Non Dispo;2020-03-31;12;42.659;0;0.0;1;1.92
84;Auvergne-Rhône-Alpes;07;Ardèche;400;Bio énergie;1;Injection totale;"b-]36;100]";Non Dispo;2020-03-31;0;0.0;0;0.0;0;0.0
84;Auvergne-Rhône-Alpes;07;Ardèche;400;Bio énergie;1;Injection totale;"d-]250;...[";Non Dispo;2020-03-31;0;0.0;0;0.0;0;0.0
84;Auvergne-Rhône-Alpes;07;Ardèche;500;Cogénération;1;Injection totale;"a-]0;36]";Non Dispo;2020-03-31;0;0.0;0;0.0;0;0.0
84;Auvergne-Rhône-Alpes;07;Ardèche;600;Autres;1;Injection totale;"b-]36;100]";Non Dispo;2020-03-31;0;0.0;0;0.0;0;0.0
84;Auvergne-Rhône-Alpes;15;Cantal;100;Photovoltaïque;3;Autoconsommation sans injection;"a-]0;36]";Non Dispo;2020-03-31;0;0.0;1;0.002;1;0.002
84;Auvergne-Rhône-Alpes;15;Cantal;400;Bio énergie;1;Injection totale;"d-]250;...[";Non Dispo;2020-03-31;0;0.0;0;0.0;0;0.0
84;Auvergne-Rhône-Alpes;26;Drôme;100;Photovoltaïque;2;Injection du surplus;"b-]36;100]";Non Dispo;2020-03-31;5;0.31;0;0.0;0;0.0
84;Auvergne-Rhône-Alpes;26;Drôme;100;Photovoltaïque;3;Autoconsommation sans injection;"a-]0;36]";Non Dispo;2020-03-31;0;0.0;12;0.0224;12;0.0224
84;Auvergne-Rhône-Alpes;26;Drôme;200;Eolien;2;Injection du surplus;"a-]0;36]";Non Dispo;2020-03-31;0;0.0;0;0.0;0;0.0
84;Auvergne-Rhône-Alpes;26;Drôme;400;Bio énergie;1;Injection totale;"c-]100;250]";Non Dispo;2020-03-31;0;0.0;0;0.0;0;0.0
84;Auvergne-Rhône-Alpes;38;Isère;300;Hydraulique;1;Injection totale;"c-]100;250]";Non Dispo;2020-03-31;1;0.25;1;0.25;0;0.0
84;Auvergne-Rhône-Alpes;38;Isère;400;Bio énergie;1;Injection totale;"d-]250;...[";Non Dispo;2020-03-31;0;0.0;0;0.0;0;0.0
84;Auvergne-Rhône-Alpes;42;Loire;100;Photovoltaïque;2;Injection du surplus;"a-]0;36]";Non Dispo;2020-03-31;93;0.4707;96;0.3798;146;0.5803
84;Auvergne-Rhône-Alpes;42;Loire;200;Eolien;1;Injection totale;"a-]0;36]";Non Dispo;2020-03-31;0;0.0;0;0.0;0;0.0
84;Auvergne-Rhône-Alpes;42;Loire;400;Bio énergie;1;Injection totale;"b-]36;100]";Non Dispo;2020-03-31;0;0.0;0;0.0;0;0.0
84;Auvergne-Rhône-Alpes;42;Loire;400;Bio énergie;1;Injection totale;"d-]250;...[";Non Dispo;2020-03-31;0;0.0;0;0.0;0;0.0
84;Auvergne-Rhône-Alpes;42;Loire;400;Bio énergie;2;Injection du surplus;"b-]36;100]";Non Dispo;2020-03-31;1;0.08;0;0.0;0;0.0
84;Auvergne-Rhône-Alpes;42;Loire;500;Cogénération;3;Autoconsommation sans injection;"b-]36;100]";Non Dispo;2020-03-31;0;0.0;0;0.0;0;0.0
84;Auvergne-Rhône-Alpes;42;Loire;500;Cogénération;1;Injection totale;"c-]100;250]";Non Dispo;2020-03-31;0;0.0;0;0.0;0;0.0
84;Auvergne-Rhône-Alpes;43;Haute-Loire;400;Bio énergie;2;Injection du surplus;"d-]250;...[";Non Dispo;2020-03-31;0;0.0;0;0.0;0;0.0
84;Auvergne-Rhône-Alpes;63;Puy-de-Dôme;100;Photovoltaïque;1;Injection totale;"c-]100;250]";Non Dispo;2020-03-31;8;1.7032;1;0.1592;1;0.246
84;Auvergne-Rhône-Alpes;69;Rhône;100;Photovoltaïque;3;Autoconsommation sans injection;"a-]0;36]";Non Dispo;2020-03-31;4;0.0868;13;0.0571;12;0.0241
84;Auvergne-Rhône-Alpes;69;Rhône;400;Bio énergie;2;Injection du surplus;"d-]250;...[";Non Dispo;2020-03-31;0;0.0;0;0.0;0;0.0
84;Auvergne-Rhône-Alpes;73;Savoie;100;Photovoltaïque;3;Autoconsommation sans injection;"c-]100;250]";Non Dispo;2020-03-31;1;0.146;0;0.0;0;0.0
84;Auvergne-Rhône-Alpes;73;Savoie;200;Eolien;2;Injection du surplus;"a-]0;36]";Non Dispo;2020-03-31;0;0.0;0;0.0;0;0.0
84;Auvergne-Rhône-Alpes;73;Savoie;500;Cogénération;1;Injection totale;"d-]250;...[";Non Dispo;2020-03-31;1;6.4;0;0.0;0;0.0
84;Auvergne-Rhône-Alpes;74;Haute-Savoie;300;Hydraulique;1;Injection totale;"d-]250;...[";Non Dispo;2020-03-31;2;3.624;0;0.0;0;0.0
84;Auvergne-Rhône-Alpes;74;Haute-Savoie;300;Hydraulique;1;Injection totale;"b-]36;100]";Non Dispo;2020-03-31;0;0.0;0;0.0;0;0.0
84;Auvergne-Rhône-Alpes;74;Haute-Savoie;300;Hydraulique;1;Injection totale;"c-]100;250]";Non Dispo;2020-03-31;0;0.0;0;0.0;0;0.0
84;Auvergne-Rhône-Alpes;74;Haute-Savoie;500;Cogénération;1;Injection totale;"a-]0;36]";Non Dispo;2020-03-31;0;0.0;0;0.0;0;0.0
84;Auvergne-Rhône-Alpes;74;Haute-Savoie;500;Cogénération;1;Injection totale;"d-]250;...[";Non Dispo;2020-03-31;0;0.0;0;0.0;0;0.0
84;Auvergne-Rhône-Alpes;74;Haute-Savoie;600;Autres;1;Injection totale;"d-]250;...[";Non Dispo;2020-03-31;0;0.0;0;0.0;0;0.0
84;Auvergne-Rhône-Alpes;69;Rhône;100;Photovoltaïque;3;Autoconsommation sans injection;"a-]0;36]";OUI;2020-06-30;;;;;;
84;Auvergne-Rhône-Alpes;42;Loire;100;Photovoltaïque;1;Injection totale;"a-]0;36]";OUI;2020-06-30;;;;;;
84;Auvergne-Rhône-Alpes;74;Haute-Savoie;100;Photovoltaïque;1;Injection totale;"c-]100;250]";NON;2020-06-30;0;0.0;0;0.0;1;0.25
84;Auvergne-Rhône-Alpes;26;Drôme;100;Photovoltaïque;1;Injection totale;"b-]36;100]";NON;2020-06-30;247;22.71296;30;2.74095;14;1.35975
84;Auvergne-Rhône-Alpes;38;Isère;100;Photovoltaïque;3;Autoconsommation sans injection;"a-]0;36]";OUI;2020-06-30;;;;;;
84;Auvergne-Rhône-Alpes;43;Haute-Loire;100;Photovoltaïque;2;Injection du surplus;"b-]36;100]";NON;2020-06-30;3;0.15749;1;0.066;0;0.0
84;Auvergne-Rhône-Alpes;15;Cantal;100;Photovoltaïque;2;Injection du surplus;"a-]0;36]";NON;2020-06-30;13;0.0916;;;;
84;Auvergne-Rhône-Alpes;3;Allier;100;Photovoltaïque;1;Injection totale;"c-]100;250]";NON;2020-06-30;8;1.9255;2;0.49;3;0.59
84;Auvergne-Rhône-Alpes;7;Ardèche;100;Photovoltaïque;3;Autoconsommation sans injection;"d-]250;...[";NON;2020-06-30;0;0.0;0;0.0;0;0.0
84;Auvergne-Rhône-Alpes;38;Isère;100;Photovoltaïque;1;Injection totale;"c-]100;250]";NON;2020-06-30;19;4.042;5;1.121;1;0.25
84;Auvergne-Rhône-Alpes;7;Ardèche;100;Photovoltaïque;1;Injection totale;"a-]0;36]";NON;2020-06-30;51;0.8589;19;0.3464;;
84;Auvergne-Rhône-Alpes;38;Isère;100;Photovoltaïque;2;Injection du surplus;"b-]36;100]";OUI;2020-06-30;1;0.05;0;0.0;0;0.0
84;Auvergne-Rhône-Alpes;1;Ain;100;Photovoltaïque;1;Injection totale;"a-]0;36]";NON;2020-06-30;16;0.2246;;;;
84;Auvergne-Rhône-Alpes;43;Haute-Loire;100;Photovoltaïque;3;Autoconsommation sans injection;"b-]36;100]";NON;2020-06-30;1;0.0497;1;0.0497;0;0.0
84;Auvergne-Rhône-Alpes;26;Drôme;100;Photovoltaïque;3;Autoconsommation sans injection;"d-]250;...[";NON;2020-06-30;1;0.37;1;0.37;0;0.0
84;Auvergne-Rhône-Alpes;42;Loire;100;Photovoltaïque;1;Injection totale;"a-]0;36]";NON;2020-06-30;34;0.5912;10;0.2256;;
84;Auvergne-Rhône-Alpes;42;Loire;100;Photovoltaïque;3;Autoconsommation sans injection;"b-]36;100]";NON;2020-06-30;1;0.05;0;0.0;0;0.0
84;Auvergne-Rhône-Alpes;63;Puy-de-Dôme;100;Photovoltaïque;2;Injection du surplus;"c-]100;250]";NON;2020-06-30;1;0.249;1;0.249;0;0.0
84;Auvergne-Rhône-Alpes;63;Puy-de-Dôme;100;Photovoltaïque;3;Autoconsommation sans injection;"a-]0;36]";NON;2020-06-30;;;;;;
84;Auvergne-Rhône-Alpes;69;Rhône;100;Photovoltaïque;2;Injection du surplus;"c-]100;250]";NON;2020-06-30;0;0.0;0;0.0;0;0.0
84;Auvergne-Rhône-Alpes;73;Savoie;100;Photovoltaïque;1;Injection totale;"c-]100;250]";NON;2020-06-30;3;0.62028;2;0.40228;0;0.0
84;Auvergne-Rhône-Alpes;74;Haute-Savoie;100;Photovoltaïque;1;Injection totale;"d-]250;...[";NON;2020-06-30;3;2.5848;0;0.0;0;0.0
84;Auvergne-Rhône-Alpes;26;Drôme;200;Eolien;2;Injection du surplus;"a-]0;36]";NON;2020-06-30;;;;;;
84;Auvergne-Rhône-Alpes;15;Cantal;200;Eolien;2;Injection du surplus;"a-]0;36]";NON;2020-06-30;;;;;;
84;Auvergne-Rhône-Alpes;73;Savoie;300;Hydraulique;2;Injection du surplus;"d-]250;...[";NON;2020-06-30;1;1.78;0;0.0;0;0.0
84;Auvergne-Rhône-Alpes;15;Cantal;300;Hydraulique;1;Injection totale;"c-]100;250]";NON;2020-06-30;0;0.0;0;0.0;0;0.0
84;Auvergne-Rhône-Alpes;26;Drôme;300;Hydraulique;2;Injection du surplus;"a-]0;36]";NON;2020-06-30;;;;;;
84;Auvergne-Rhône-Alpes;63;Puy-de-Dôme;300;Hydraulique;1;Injection totale;"d-]250;...[";NON;2020-06-30;0;0.0;0;0.0;0;0.0
84;Auvergne-Rhône-Alpes;1;Ain;300;Hydraulique;2;Injection du surplus;"a-]0;36]";NON;2020-06-30;;;;;;
84;Auvergne-Rhône-Alpes;26;Drôme;300;Hydraulique;1;Injection totale;"c-]100;250]";NON;2020-06-30;1;0.13;0;0.0;0;0.0
84;Auvergne-Rhône-Alpes;63;Puy-de-Dôme;300;Hydraulique;2;Injection du surplus;"b-]36;100]";NON;2020-06-30;0;0.0;0;0.0;0;0.0
84;Auvergne-Rhône-Alpes;3;Allier;300;Hydraulique;1;Injection totale;"a-]0;36]";NON;2020-06-30;;;;;;
84;Auvergne-Rhône-Alpes;15;Cantal;300;Hydraulique;1;Injection totale;"a-]0;36]";NON;2020-06-30;;;;;;
84;Auvergne-Rhône-Alpes;15;Cantal;300;Hydraulique;1;Injection totale;"d-]250;...[";NON;2020-06-30;0;0.0;0;0.0;0;0.0
84;Auvergne-Rhône-Alpes;73;Savoie;300;Hydraulique;2;Injection du surplus;"c-]100;250]";NON;2020-06-30;0;0.0;0;0.0;0;0.0
84;Auvergne-Rhône-Alpes;1;Ain;400;Bio énergie;1;Injection totale;"d-]250;...[";NON;2020-06-30;1;0.499;0;0.0;0;0.0
84;Auvergne-Rhône-Alpes;15;Cantal;400;Bio énergie;2;Injection du surplus;"c-]100;250]";NON;2020-06-30;0;0.0;0;0.0;0;0.0
84;Auvergne-Rhône-Alpes;1;Ain;400;Bio énergie;1;Injection totale;"c-]100;250]";NON;2020-06-30;1;0.16;0;0.0;0;0.0
84;Auvergne-Rhône-Alpes;74;Haute-Savoie;400;Bio énergie;1;Injection totale;"c-]100;250]";NON;2020-06-30;1;0.231;0;0.0;0;0.0
84;Auvergne-Rhône-Alpes;42;Loire;500;Cogénération;1;Injection totale;"a-]0;36]";NON;2020-06-30;;;;;;
84;Auvergne-Rhône-Alpes;1;Ain;500;Cogénération;2;Injection du surplus;"a-]0;36]";NON;2020-06-30;;;;;;
84;Auvergne-Rhône-Alpes;63;Puy-de-Dôme;500;Cogénération;1;Injection totale;"a-]0;36]";NON;2020-06-30;;;;;;
84;Auvergne-Rhône-Alpes;38;Isère;500;Cogénération;2;Injection du surplus;"a-]0;36]";NON;2020-06-30;;;;;;
84;Auvergne-Rhône-Alpes;3;Allier;500;Cogénération;1;Injection totale;"a-]0;36]";NON;2020-06-30;;;;;;
84;Auvergne-Rhône-Alpes;3;Allier;500;Cogénération;1;Injection totale;"d-]250;...[";NON;2020-06-30;0;0.0;0;0.0;0;0.0
84;Auvergne-Rhône-Alpes;69;Rhône;500;Cogénération;1;Injection totale;"c-]100;250]";NON;2020-06-30;5;1.15;0;0.0;0;0.0
84;Auvergne-Rhône-Alpes;69;Rhône;500;Cogénération;1;Injection totale;"d-]250;...[";NON;2020-06-30;0;0.0;0;0.0;0;0.0
84;Auvergne-Rhône-Alpes;74;Haute-Savoie;600;Autres;1;Injection totale;"c-]100;250]";NON;2020-06-30;0;0.0;0;0.0;0;0.0
84;Auvergne-Rhône-Alpes;3;Allier;600;Autres;1;Injection totale;"a-]0;36]";NON;2020-06-30;;;;;;
84;Auvergne-Rhône-Alpes;74;Haute-Savoie;600;Autres;1;Injection totale;"a-]0;36]";NON;2020-06-30;;;;;;
84;Auvergne-Rhône-Alpes;69;Rhône;600;Autres;1;Injection totale;"a-]0;36]";NON;2020-06-30;;;;;;
84;Auvergne-Rhône-Alpes;69;Rhône;100;Photovoltaïque;1;Injection totale;"c-]100;250]";NON;2020-09-30;5;0.83656;0;0.0;0;0.0
84;Auvergne-Rhône-Alpes;3;Allier;100;Photovoltaïque;2;Injection du surplus;"a-]0;36]";OUI;2020-09-30;1;0.006;1;0.006;0;0.0
84;Auvergne-Rhône-Alpes;63;Puy-de-Dôme;100;Photovoltaïque;1;Injection totale;"d-]250;...[";NON;2020-09-30;10;29.491;0;0.0;0;0.0
84;Auvergne-Rhône-Alpes;26;Drôme;100;Photovoltaïque;3;Autoconsommation sans injection;"a-]0;36]";OUI;2020-09-30;0;0.0;0;0.0;0;0.0
84;Auvergne-Rhône-Alpes;26;Drôme;100;Photovoltaïque;2;Injection du surplus;"a-]0;36]";OUI;2020-09-30;3;0.0141;2;0.0072;2;0.012
84;Auvergne-Rhône-Alpes;3;Allier;100;Photovoltaïque;3;Autoconsommation sans injection;"a-]0;36]";OUI;2020-09-30;0;0.0;0;0.0;0;0.0
84;Auvergne-Rhône-Alpes;73;Savoie;100;Photovoltaïque;2;Injection du surplus;"a-]0;36]";NON;2020-09-30;122;0.62546;77;0.3443;39;0.1781
84;Auvergne-Rhône-Alpes;63;Puy-de-Dôme;100;Photovoltaïque;1;Injection totale;"a-]0;36]";NON;2020-09-30;18;0.2641;4;0.0548;3;0.042
84;Auvergne-Rhône-Alpes;1;Ain;100;Photovoltaïque;2;Injection du surplus;"b-]36;100]";NON;2020-09-30;11;0.6543;0;0.0;1;0.09
84;Auvergne-Rhône-Alpes;38;Isère;100;Photovoltaïque;2;Injection du surplus;"b-]36;100]";OUI;2020-09-30;1;0.05;0;0.0;0;0.0
84;Auvergne-Rhône-Alpes;38;Isère;100;Photovoltaïque;2;Injection du surplus;"b-]36;100]";NON;2020-09-30;5;0.2627;0;0.0;1;0.08
84;Auvergne-Rhône-Alpes;38;Isère;100;Photovoltaïque;3;Autoconsommation sans injection;"a-]0;36]";NON;2020-09-30;1;0.008;37;0.11721;37;0.11721
84;Auvergne-Rhône-Alpes;3;Allier;100;Photovoltaïque;1;Injection totale;"b-]36;100]";NON;2020-09-30;260;24.01029;39;3.52869;47;4.418
84;Auvergne-Rhône-Alpes;43;Haute-Loire;100;Photovoltaïque;2;Injection du surplus;"a-]0;36]";NON;2020-09-30;62;0.27037;60;0.27377;38;0.155
84;Auvergne-Rhône-Alpes;26;Drôme;100;Photovoltaïque;1;Injection totale;"b-]36;100]";NON;2020-09-30;245;22.54563;26;2.34197;24;2.18205
84;Auvergne-Rhône-Alpes;26;Drôme;100;Photovoltaïque;1;Injection totale;"d-]250;...[";NON;2020-09-30;20;46.688;0;0.0;3;5.196
84;Auvergne-Rhône-Alpes;38;Isère;100;Photovoltaïque;2;Injection du surplus;"a-]0;36]";OUI;2020-09-30;16;0.05807;8;0.03937;10;0.0677
84;Auvergne-Rhône-Alpes;42;Loire;100;Photovoltaïque;3;Autoconsommation sans injection;"a-]0;36]";NON;2020-09-30;0;0.0;14;0.05462;14;0.05462
84;Auvergne-Rhône-Alpes;43;Haute-Loire;100;Photovoltaïque;3;Autoconsommation sans injection;"b-]36;100]";NON;2020-09-30;1;0.04905;0;0.0;0;0.0
84;Auvergne-Rhône-Alpes;63;Puy-de-Dôme;100;Photovoltaïque;2;Injection du surplus;"d-]250;...[";NON;2020-09-30;0;0.0;0;0.0;0;0.0
84;Auvergne-Rhône-Alpes;38;Isère;200;Eolien;2;Injection du surplus;"a-]0;36]";NON;2020-09-30;0;0.0;0;0.0;0;0.0
84;Auvergne-Rhône-Alpes;1;Ain;200;Eolien;1;Injection totale;"d-]250;...[";NON;2020-09-30;2;21.0;0;0.0;0;0.0
84;Auvergne-Rhône-Alpes;3;Allier;200;Eolien;1;Injection totale;"d-]250;...[";NON;2020-09-30;2;17.4;0;0.0;0;0.0
84;Auvergne-Rhône-Alpes;1;Ain;300;Hydraulique;1;Injection totale;"d-]250;...[";NON;2020-09-30;0;0.0;0;0.0;0;0.0
84;Auvergne-Rhône-Alpes;69;Rhône;300;Hydraulique;1;Injection totale;"a-]0;36]";NON;2020-09-30;0;0.0;0;0.0;0;0.0
84;Auvergne-Rhône-Alpes;73;Savoie;300;Hydraulique;2;Injection du surplus;"d-]250;...[";NON;2020-09-30;0;0.0;0;0.0;0;0.0
84;Auvergne-Rhône-Alpes;7;Ardèche;300;Hydraulique;1;Injection totale;"b-]36;100]";NON;2020-09-30;1;0.09;0;0.0;0;0.0
84;Auvergne-Rhône-Alpes;7;Ardèche;300;Hydraulique;1;Injection totale;"d-]250;...[";NON;2020-09-30;1;0.272;0;0.0;0;0.0
84;Auvergne-Rhône-Alpes;42;Loire;300;Hydraulique;1;Injection totale;"b-]36;100]";NON;2020-09-30;2;0.137;1;0.087;0;0.0
84;Auvergne-Rhône-Alpes;63;Puy-de-Dôme;300;Hydraulique;2;Injection du surplus;"c-]100;250]";NON;2020-09-30;0;0.0;0;0.0;0;0.0
84;Auvergne-Rhône-Alpes;73;Savoie;300;Hydraulique;1;Injection totale;"b-]36;100]";NON;2020-09-30;0;0.0;0;0.0;0;0.0
84;Auvergne-Rhône-Alpes;73;Savoie;300;Hydraulique;1;Injection totale;"d-]250;...[";NON;2020-09-30;9;17.178;0;0.0;1;3.584
84;Auvergne-Rhône-Alpes;74;Haute-Savoie;400;Bio énergie;1;Injection totale;"a-]0;36]";NON;2020-09-30;0;0.0;0;0.0;0;0.0
84;Auvergne-Rhône-Alpes;3;Allier;400;Bio énergie;1;Injection totale;"a-]0;36]";NON;2020-09-30;0;0.0;0;0.0;0;0.0
84;Auvergne-Rhône-Alpes;7;Ardèche;400;Bio énergie;1;Injection totale;"d-]250;...[";NON;2020-09-30;0;0.0;0;0.0;0;0.0
84;Auvergne-Rhône-Alpes;7;Ardèche;400;Bio énergie;1;Injection totale;"b-]36;100]";NON;2020-09-30;0;0.0;0;0.0;0;0.0
84;Auvergne-Rhône-Alpes;73;Savoie;400;Bio énergie;1;Injection totale;"b-]36;100]";NON;2020-09-30;2;0.129;0;0.0;0;0.0
84;Auvergne-Rhône-Alpes;42;Loire;400;Bio énergie;2;Injection du surplus;"c-]100;250]";NON;2020-09-30;0;0.0;0;0.0;0;0.0
84;Auvergne-Rhône-Alpes;69;Rhône;400;Bio énergie;1;Injection totale;"b-]36;100]";NON;2020-09-30;0;0.0;0;0.0;0;0.0
84;Auvergne-Rhône-Alpes;38;Isère;500;Cogénération;1;Injection totale;"d-]250;...[";NON;2020-09-30;2;12.973;0;0.0;0;0.0
84;Auvergne-Rhône-Alpes;69;Rhône;500;Cogénération;1;Injection totale;"a-]0;36]";NON;2020-09-30;2;0.0;0;0.0;0;0.0
84;Auvergne-Rhône-Alpes;69;Rhône;500;Cogénération;1;Injection totale;"b-]36;100]";NON;2020-09-30;0;0.0;0;0.0;0;0.0
84;Auvergne-Rhône-Alpes;42;Loire;500;Cogénération;3;Autoconsommation sans injection;"b-]36;100]";NON;2020-09-30;0;0.0;0;0.0;0;0.0
84;Auvergne-Rhône-Alpes;1;Ain;550;Stockage hors hydraulique;1;Injection totale;"d-]250;...[";OUI;2020-09-30;3;30.0;3;30.0;0;0.0
84;Auvergne-Rhône-Alpes;42;Loire;600;Autres;1;Injection totale;"b-]36;100]";NON;2020-09-30;0;0.0;0;0.0;0;0.0
84;Auvergne-Rhône-Alpes;15;Cantal;600;Autres;1;Injection totale;"c-]100;250]";NON;2020-09-30;0;0.0;0;0.0;0;0.0
84;Auvergne-Rhône-Alpes;7;Ardèche;600;Autres;1;Injection totale;"a-]0;36]";NON;2020-09-30;0;0.0;0;0.0;0;0.0
84;Auvergne-Rhône-Alpes;1;Ain;600;Autres;2;Injection du surplus;"a-]0;36]";NON;2020-09-30;0;0.0;0;0.0;0;0.0
84;Auvergne-Rhône-Alpes;73;Savoie;600;Autres;2;Injection du surplus;"a-]0;36]";NON;2020-09-30;0;0.0;0;0.0;0;0.0
84;Auvergne-Rhône-Alpes;38;Isère;600;Autres;1;Injection totale;"a-]0;36]";NON;2020-09-30;0;0.0;0;0.0;0;0.0
84;Auvergne-Rhône-Alpes;7;Ardèche;600;Autres;1;Injection totale;"c-]100;250]";NON;2020-09-30;0;0.0;0;0.0;0;0.0
84;Auvergne-Rhône-Alpes;1;Ain;100;Photovoltaïque;1;Injection totale;"a-]0;36]";NON;2021-03-31;17;0.255;8;0.108;5;0.034
84;Auvergne-Rhône-Alpes;1;Ain;100;Photovoltaïque;2;Injection du surplus;"a-]0;36]";NON;2021-03-31;174;0.89401;177;0.72876;170;0.744
84;Auvergne-Rhône-Alpes;1;Ain;200;Eolien;1;Injection totale;"a-]0;36]";NON;2021-03-31;0;0.0;0;0.0;0;0.0
84;Auvergne-Rhône-Alpes;1;Ain;200;Eolien;3;Autoconsommation sans injection;"a-]0;36]";NON;2021-03-31;0;0.0;0;0.0;0;0.0
84;Auvergne-Rhône-Alpes;1;Ain;300;Hydraulique;1;Injection totale;"b-]36;100]";NON;2021-03-31;1;0.09;0;0.0;0;0.0
84;Auvergne-Rhône-Alpes;1;Ain;400;Bio énergie;1;Injection totale;"c-]100;250]";NON;2021-03-31;0;0.0;0;0.0;0;0.0
84;Auvergne-Rhône-Alpes;1;Ain;500;Cogénération;1;Injection totale;"a-]0;36]";NON;2021-03-31;0;0.0;0;0.0;0;0.0
84;Auvergne-Rhône-Alpes;1;Ain;550;Stockage hors hydraulique;1;Injection totale;"d-]250;...[";OUI;2021-03-31;1;2.399;0;0.0;0;0.0
84;Auvergne-Rhône-Alpes;1;Ain;600;Autres;1;Injection totale;"c-]100;250]";NON;2021-03-31;0;0.0;0;0.0;0;0.0
84;Auvergne-Rhône-Alpes;3;Allier;100;Photovoltaïque;2;Injection du surplus;"a-]0;36]";OUI;2021-03-31;1;0.003;0;0.0;0;0.0
84;Auvergne-Rhône-Alpes;3;Allier;200;Eolien;1;Injection totale;"d-]250;...[";NON;2021-03-31;1;10.8;0;0.0;0;0.0
84;Auvergne-Rhône-Alpes;3;Allier;200;Eolien;3;Autoconsommation sans injection;"a-]0;36]";NON;2021-03-31;0;0.0;0;0.0;0;0.0
84;Auvergne-Rhône-Alpes;3;Allier;500;Cogénération;1;Injection totale;"a-]0;36]";NON;2021-03-31;0;0.0;0;0.0;0;0.0
84;Auvergne-Rhône-Alpes;7;Ardèche;100;Photovoltaïque;1;Injection totale;"a-]0;36]";NON;2021-03-31;78;0.95;20;0.2031;7;0.146
84;Auvergne-Rhône-Alpes;7;Ardèche;100;Photovoltaïque;3;Autoconsommation sans injection;"d-]250;...[";NON;2021-03-31;1;0.476;0;0.0;0;0.0
84;Auvergne-Rhône-Alpes;7;Ardèche;300;Hydraulique;1;Injection totale;"d-]250;...[";NON;2021-03-31;1;0.272;0;0.0;0;0.0
84;Auvergne-Rhône-Alpes;7;Ardèche;400;Bio énergie;1;Injection totale;"d-]250;...[";NON;2021-03-31;0;0.0;0;0.0;0;0.0
84;Auvergne-Rhône-Alpes;15;Cantal;100;Photovoltaïque;1;Injection totale;"b-]36;100]";NON;2021-03-31;246;22.87316;23;2.22933;28;2.54849
84;Auvergne-Rhône-Alpes;15;Cantal;100;Photovoltaïque;3;Autoconsommation sans injection;"a-]0;36]";OUI;2021-03-31;0;0.0;0;0.0;0;0.0
84;Auvergne-Rhône-Alpes;15;Cantal;300;Hydraulique;1;Injection totale;"c-]100;250]";NON;2021-03-31;0;0.0;0;0.0;0;0.0
84;Auvergne-Rhône-Alpes;26;Drôme;100;Photovoltaïque;1;Injection totale;"a-]0;36]";OUI;2021-03-31;0;0.0;0;0.0;0;0.0
84;Auvergne-Rhône-Alpes;26;Drôme;100;Photovoltaïque;2;Injection du surplus;"a-]0;36]";NON;2021-03-31;146;0.77321;157;0.75927;160;0.70783
84;Auvergne-Rhône-Alpes;26;Drôme;100;Photovoltaïque;3;Autoconsommation sans injection;"a-]0;36]";NON;2021-03-31;0;0.0;17;0.04234;17;0.04234
84;Auvergne-Rhône-Alpes;26;Drôme;300;Hydraulique;1;Injection totale;"a-]0;36]";NON;2021-03-31;0;0.0;0;0.0;0;0.0
84;Auvergne-Rhône-Alpes;26;Drôme;300;Hydraulique;1;Injection totale;"d-]250;...[";NON;2021-03-31;0;0.0;0;0.0;0;0.0
84;Auvergne-Rhône-Alpes;38;Isère;100;Photovoltaïque;1;Injection totale;"c-]100;250]";NON;2021-03-31;30;6.4908;9;1.892;0;0.0
84;Auvergne-Rhône-Alpes;38;Isère;100;Photovoltaïque;2;Injection du surplus;"b-]36;100]";OUI;2021-03-31;1;0.05;0;0.0;0;0.0
84;Auvergne-Rhône-Alpes;38;Isère;300;Hydraulique;1;Injection totale;"b-]36;100]";NON;2021-03-31;0;0.0;0;0.0;0;0.0
84;Auvergne-Rhône-Alpes;38;Isère;300;Hydraulique;1;Injection totale;"c-]100;250]";NON;2021-03-31;1;0.25;0;0.0;0;0.0
84;Auvergne-Rhône-Alpes;38;Isère;500;Cogénération;1;Injection totale;"a-]0;36]";NON;2021-03-31;0;0.0;0;0.0;0;0.0
84;Auvergne-Rhône-Alpes;38;Isère;500;Cogénération;1;Injection totale;"b-]36;100]";NON;2021-03-31;0;0.0;0;0.0;0;0.0
84;Auvergne-Rhône-Alpes;38;Isère;500;Cogénération;2;Injection du surplus;"d-]250;...[";NON;2021-03-31;0;0.0;0;0.0;0;0.0
84;Auvergne-Rhône-Alpes;38;Isère;600;Autres;2;Injection du surplus;"a-]0;36]";NON;2021-03-31;0;0.0;0;0.0;0;0.0
84;Auvergne-Rhône-Alpes;38;Isère;600;Autres;2;Injection du surplus;"c-]100;250]";NON;2021-03-31;1;0.24;0;0.0;0;0.0
84;Auvergne-Rhône-Alpes;42;Loire;100;Photovoltaïque;1;Injection totale;"a-]0;36]";NON;2021-03-31;31;0.6009;2;0.012;7;0.1479
84;Auvergne-Rhône-Alpes;42;Loire;300;Hydraulique;2;Injection du surplus;"a-]0;36]";NON;2021-03-31;0;0.0;0;0.0;0;0.0
84;Auvergne-Rhône-Alpes;42;Loire;500;Cogénération;3;Autoconsommation sans injection;"a-]0;36]";NON;2021-03-31;0;0.0;0;0.0;0;0.0
84;Auvergne-Rhône-Alpes;42;Loire;600;Autres;1;Injection totale;"a-]0;36]";NON;2021-03-31;0;0.0;0;0.0;0;0.0
84;Auvergne-Rhône-Alpes;43;Haute-Loire;100;Photovoltaïque;1;Injection totale;"a-]0;36]";OUI;2021-03-31;0;0.0;0;0.0;0;0.0
84;Auvergne-Rhône-Alpes;43;Haute-Loire;100;Photovoltaïque;1;Injection totale;"c-]100;250]";NON;2021-03-31;28;6.16425;9;1.96587;1;0.248
84;Auvergne-Rhône-Alpes;63;Puy-de-Dôme;100;Photovoltaïque;3;Autoconsommation sans injection;"a-]0;36]";OUI;2021-03-31;0;0.0;0;0.0;0;0.0
84;Auvergne-Rhône-Alpes;63;Puy-de-Dôme;500;Cogénération;1;Injection totale;"a-]0;36]";NON;2021-03-31;0;0.0;0;0.0;0;0.0
84;Auvergne-Rhône-Alpes;69;Rhône;100;Photovoltaïque;3;Autoconsommation sans injection;"a-]0;36]";OUI;2021-03-31;0;0.0;0;0.0;0;0.0
84;Auvergne-Rhône-Alpes;69;Rhône;400;Bio énergie;1;Injection totale;"a-]0;36]";NON;2021-03-31;0;0.0;0;0.0;0;0.0
84;Auvergne-Rhône-Alpes;69;Rhône;500;Cogénération;1;Injection totale;"b-]36;100]";NON;2021-03-31;0;0.0;0;0.0;0;0.0
84;Auvergne-Rhône-Alpes;69;Rhône;500;Cogénération;2;Injection du surplus;"a-]0;36]";NON;2021-03-31;1;0.02;0;0.0;0;0.0
84;Auvergne-Rhône-Alpes;73;Savoie;100;Photovoltaïque;2;Injection du surplus;"a-]0;36]";NON;2021-03-31;86;0.4295;74;0.32883;63;0.26807
84;Auvergne-Rhône-Alpes;73;Savoie;300;Hydraulique;2;Injection du surplus;"c-]100;250]";NON;2021-03-31;0;0.0;0;0.0;0;0.0
84;Auvergne-Rhône-Alpes;74;Haute-Savoie;100;Photovoltaïque;2;Injection du surplus;"a-]0;36]";NON;2021-03-31;155;0.79884;111;0.54826;99;0.46924
84;Auvergne-Rhône-Alpes;74;Haute-Savoie;100;Photovoltaïque;3;Autoconsommation sans injection;"d-]250;...[";NON;2021-03-31;1;0.33;0;0.0;0;0.0
84;Auvergne-Rhône-Alpes;74;Haute-Savoie;300;Hydraulique;1;Injection totale;"a-]0;36]";NON;2021-03-31;1;0.01602;0;0.0;0;0.0
84;Auvergne-Rhône-Alpes;74;Haute-Savoie;300;Hydraulique;3;Autoconsommation sans injection;"d-]250;...[";NON;2021-03-31;0;0.0;0;0.0;0;0.0
84;Auvergne-Rhône-Alpes;74;Haute-Savoie;400;Bio énergie;1;Injection totale;"a-]0;36]";NON;2021-03-31;0;0.0;0;0.0;0;0.0
84;Auvergne-Rhône-Alpes;74;Haute-Savoie;400;Bio énergie;1;Injection totale;"c-]100;250]";NON;2021-03-31;0;0.0;0;0.0;0;0.0
84;Auvergne-Rhône-Alpes;74;Haute-Savoie;500;Cogénération;1;Injection totale;"a-]0;36]";NON;2021-03-31;0;0.0;0;0.0;0;0.0
84;Auvergne-Rhône-Alpes;1;Ain;400;Bio énergie;2;Injection du surplus;"d-]250;...[";NON;2020-12-31;0;0.0;0;0.0;0;0.0
84;Auvergne-Rhône-Alpes;1;Ain;500;Cogénération;2;Injection du surplus;"a-]0;36]";NON;2020-12-31;0;0.0;0;0.0;0;0.0
84;Auvergne-Rhône-Alpes;3;Allier;100;Photovoltaïque;1;Injection totale;"a-]0;36]";NON;2020-12-31;12;0.2595;4;0.107;3;0.0662
84;Auvergne-Rhône-Alpes;3;Allier;300;Hydraulique;1;Injection totale;"c-]100;250]";NON;2020-12-31;0;0.0;0;0.0;0;0.0
84;Auvergne-Rhône-Alpes;3;Allier;400;Bio énergie;1;Injection totale;"c-]100;250]";NON;2020-12-31;3;0.461;0;0.0;0;0.0
84;Auvergne-Rhône-Alpes;7;Ardèche;550;Stockage hors hydraulique;1;Injection totale;"d-]250;...[";OUI;2020-12-31;0;0.0;0;0.0;0;0.0
84;Auvergne-Rhône-Alpes;15;Cantal;100;Photovoltaïque;1;Injection totale;"b-]36;100]";NON;2020-12-31;247;22.7841;19;1.80278;28;2.65023
84;Auvergne-Rhône-Alpes;15;Cantal;100;Photovoltaïque;2;Injection du surplus;"a-]0;36]";OUI;2020-12-31;0;0.0;0;0.0;1;0.003
84;Auvergne-Rhône-Alpes;15;Cantal;300;Hydraulique;1;Injection totale;"a-]0;36]";NON;2020-12-31;0;0.0;0;0.0;0;0.0
84;Auvergne-Rhône-Alpes;15;Cantal;400;Bio énergie;1;Injection totale;"b-]36;100]";NON;2020-12-31;0;0.0;0;0.0;0;0.0
84;Auvergne-Rhône-Alpes;26;Drôme;100;Photovoltaïque;1;Injection totale;"b-]36;100]";OUI;2020-12-31;0;0.0;0;0.0;0;0.0
84;Auvergne-Rhône-Alpes;26;Drôme;400;Bio énergie;1;Injection totale;"c-]100;250]";NON;2020-12-31;0;0.0;0;0.0;0;0.0
84;Auvergne-Rhône-Alpes;38;Isère;100;Photovoltaïque;1;Injection totale;"b-]36;100]";OUI;2020-12-31;0;0.0;0;0.0;0;0.0
84;Auvergne-Rhône-Alpes;38;Isère;100;Photovoltaïque;1;Injection totale;"d-]250;...[";NON;2020-12-31;15;59.605;1;7.955;0;0.0
84;Auvergne-Rhône-Alpes;38;Isère;100;Photovoltaïque;2;Injection du surplus;"a-]0;36]";NON;2020-12-31;393;1.87204;335;1.51041;243;0.98859
84;Auvergne-Rhône-Alpes;38;Isère;100;Photovoltaïque;2;Injection du surplus;"b-]36;100]";OUI;2020-12-31;1;0.05;0;0.0;0;0.0
84;Auvergne-Rhône-Alpes;38;Isère;300;Hydraulique;1;Injection totale;"b-]36;100]";NON;2020-12-31;0;0.0;0;0.0;1;0.085
84;Auvergne-Rhône-Alpes;38;Isère;400;Bio énergie;1;Injection totale;"b-]36;100]";NON;2020-12-31;0;0.0;0;0.0;0;0.0
84;Auvergne-Rhône-Alpes;38;Isère;400;Bio énergie;1;Injection totale;"d-]250;...[";NON;2020-12-31;0;0.0;0;0.0;0;0.0
84;Auvergne-Rhône-Alpes;38;Isère;500;Cogénération;1;Injection totale;"d-]250;...[";NON;2020-12-31;0;0.0;0;0.0;2;12.973
84;Auvergne-Rhône-Alpes;42;Loire;100;Photovoltaïque;3;Autoconsommation sans injection;"a-]0;36]";NON;2020-12-31;0;0.0;20;0.03116;20;0.03116
84;Auvergne-Rhône-Alpes;42;Loire;100;Photovoltaïque;3;Autoconsommation sans injection;"a-]0;36]";OUI;2020-12-31;0;0.0;0;0.0;0;0.0
84;Auvergne-Rhône-Alpes;42;Loire;300;Hydraulique;1;Injection totale;"a-]0;36]";NON;2020-12-31;2;0.06;0;0.0;0;0.0
84;Auvergne-Rhône-Alpes;42;Loire;300;Hydraulique;1;Injection totale;"d-]250;...[";NON;2020-12-31;0;0.0;0;0.0;0;0.0
84;Auvergne-Rhône-Alpes;42;Loire;400;Bio énergie;1;Injection totale;"c-]100;250]";NON;2020-12-31;2;0.45;0;0.0;0;0.0
84;Auvergne-Rhône-Alpes;42;Loire;500;Cogénération;1;Injection totale;"a-]0;36]";NON;2020-12-31;1;0.0;0;0.0;0;0.0
84;Auvergne-Rhône-Alpes;42;Loire;500;Cogénération;1;Injection totale;"b-]36;100]";NON;2020-12-31;0;0.0;0;0.0;0;0.0
84;Auvergne-Rhône-Alpes;43;Haute-Loire;100;Photovoltaïque;3;Autoconsommation sans injection;"b-]36;100]";NON;2020-12-31;1;0.04905;0;0.0;0;0.0
84;Auvergne-Rhône-Alpes;43;Haute-Loire;400;Bio énergie;1;Injection totale;"d-]250;...[";NON;2020-12-31;0;0.0;0;0.0;0;0.0
84;Auvergne-Rhône-Alpes;43;Haute-Loire;500;Cogénération;1;Injection totale;"d-]250;...[";NON;2020-12-31;0;0.0;0;0.0;0;0.0
84;Auvergne-Rhône-Alpes;63;Puy-de-Dôme;100;Photovoltaïque;2;Injection du surplus;"b-]36;100]";NON;2020-12-31;2;0.115;1;0.055;1;0.08
84;Auvergne-Rhône-Alpes;63;Puy-de-Dôme;300;Hydraulique;2;Injection du surplus;"b-]36;100]";NON;2020-12-31;0;0.0;0;0.0;0;0.0
84;Auvergne-Rhône-Alpes;63;Puy-de-Dôme;400;Bio énergie;1;Injection totale;"a-]0;36]";NON;2020-12-31;0;0.0;0;0.0;0;0.0
84;Auvergne-Rhône-Alpes;63;Puy-de-Dôme;400;Bio énergie;1;Injection totale;"d-]250;...[";NON;2020-12-31;1;0.499;0;0.0;1;2.5
84;Auvergne-Rhône-Alpes;63;Puy-de-Dôme;500;Cogénération;1;Injection totale;"c-]100;250]";NON;2020-12-31;0;0.0;0;0.0;0;0.0
84;Auvergne-Rhône-Alpes;63;Puy-de-Dôme;500;Cogénération;1;Injection totale;"d-]250;...[";NON;2020-12-31;0;0.0;0;0.0;0;0.0
84;Auvergne-Rhône-Alpes;69;Rhône;100;Photovoltaïque;2;Injection du surplus;"c-]100;250]";NON;2020-12-31;1;0.1932;1;0.1932;0;0.0
84;Auvergne-Rhône-Alpes;69;Rhône;200;Eolien;2;Injection du surplus;"a-]0;36]";NON;2020-12-31;0;0.0;0;0.0;0;0.0
84;Auvergne-Rhône-Alpes;69;Rhône;400;Bio énergie;1;Injection totale;"b-]36;100]";NON;2020-12-31;0;0.0;0;0.0;0;0.0
84;Auvergne-Rhône-Alpes;69;Rhône;500;Cogénération;1;Injection totale;"b-]36;100]";NON;2020-12-31;0;0.0;0;0.0;0;0.0
84;Auvergne-Rhône-Alpes;69;Rhône;500;Cogénération;2;Injection du surplus;"a-]0;36]";NON;2020-12-31;1;0.02;1;0.02;0;0.0
84;Auvergne-Rhône-Alpes;73;Savoie;100;Photovoltaïque;2;Injection du surplus;"b-]36;100]";NON;2020-12-31;9;0.667;3;0.183;2;0.103
84;Auvergne-Rhône-Alpes;73;Savoie;300;Hydraulique;1;Injection totale;"d-]250;...[";NON;2020-12-31;8;14.203;2;3.0;3;5.975
84;Auvergne-Rhône-Alpes;73;Savoie;400;Bio énergie;1;Injection totale;"d-]250;...[";NON;2020-12-31;0;0.0;0;0.0;0;0.0
84;Auvergne-Rhône-Alpes;73;Savoie;500;Cogénération;1;Injection totale;"d-]250;...[";NON;2020-12-31;0;0.0;0;0.0;1;2.0
84;Auvergne-Rhône-Alpes;73;Savoie;600;Autres;1;Injection totale;"a-]0;36]";NON;2020-12-31;0;0.0;0;0.0;0;0.0
84;Auvergne-Rhône-Alpes;74;Haute-Savoie;100;Photovoltaïque;3;Autoconsommation sans injection;"b-]36;100]";NON;2020-12-31;2;0.12976;0;0.0;0;0.0
84;Auvergne-Rhône-Alpes;74;Haute-Savoie;400;Bio énergie;1;Injection totale;"a-]0;36]";NON;2020-12-31;0;0.0;0;0.0;0;0.0
84;Auvergne-Rhône-Alpes;74;Haute-Savoie;400;Bio énergie;1;Injection totale;"d-]250;...[";NON;2020-12-31;0;0.0;0;0.0;0;0.0
84;Auvergne-Rhône-Alpes;74;Haute-Savoie;600;Autres;1;Injection totale;"c-]100;250]";NON;2020-12-31;0;0.0;0;0.0;0;0.0
84;Auvergne-Rhône-Alpes;01;Ain;100;Photovoltaïque;2;Injection du surplus;"a-]0;36]";Non Dispo;2020-03-31;97;0.5272;119;0.5246;162;0.702
84;Auvergne-Rhône-Alpes;01;Ain;100;Photovoltaïque;3;Autoconsommation sans injection;"b-]36;100]";Non Dispo;2020-03-31;0;0.0;0;0.0;0;0.0
84;Auvergne-Rhône-Alpes;01;Ain;500;Cogénération;1;Injection totale;"a-]0;36]";Non Dispo;2020-03-31;0;0.0;0;0.0;0;0.0
84;Auvergne-Rhône-Alpes;03;Allier;100;Photovoltaïque;3;Autoconsommation sans injection;"d-]250;...[";Non Dispo;2020-03-31;1;1.23;0;0.0;0;0.0
84;Auvergne-Rhône-Alpes;03;Allier;100;Photovoltaïque;1;Injection totale;"c-]100;250]";Non Dispo;2020-03-31;9;2.026;0;0.0;0;0.0
84;Auvergne-Rhône-Alpes;07;Ardèche;100;Photovoltaïque;2;Injection du surplus;"b-]36;100]";Non Dispo;2020-03-31;0;0.0;0;0.0;0;0.0
84;Auvergne-Rhône-Alpes;07;Ardèche;200;Eolien;1;Injection totale;"a-]0;36]";Non Dispo;2020-03-31;1;0.0;0;0.0;0;0.0
84;Auvergne-Rhône-Alpes;07;Ardèche;200;Eolien;2;Injection du surplus;"a-]0;36]";Non Dispo;2020-03-31;0;0.0;0;0.0;0;0.0
84;Auvergne-Rhône-Alpes;07;Ardèche;300;Hydraulique;1;Injection totale;"b-]36;100]";Non Dispo;2020-03-31;1;0.09;0;0.0;0;0.0
84;Auvergne-Rhône-Alpes;07;Ardèche;600;Autres;1;Injection totale;"c-]100;250]";Non Dispo;2020-03-31;0;0.0;0;0.0;0;0.0
84;Auvergne-Rhône-Alpes;15;Cantal;100;Photovoltaïque;1;Injection totale;"b-]36;100]";Non Dispo;2020-03-31;232;21.30001;26;2.30796;21;1.9688
84;Auvergne-Rhône-Alpes;15;Cantal;200;Eolien;1;Injection totale;"d-]250;...[";Non Dispo;2020-03-31;1;12.0;1;12.0;0;0.0
84;Auvergne-Rhône-Alpes;26;Drôme;500;Cogénération;3;Autoconsommation sans injection;"d-]250;...[";Non Dispo;2020-03-31;0;0.0;0;0.0;0;0.0
84;Auvergne-Rhône-Alpes;38;Isère;100;Photovoltaïque;2;Injection du surplus;"a-]0;36]";Non Dispo;2020-03-31;297;1.2841;223;0.9518;194;0.8263
84;Auvergne-Rhône-Alpes;38;Isère;300;Hydraulique;2;Injection du surplus;"c-]100;250]";Non Dispo;2020-03-31;2;0.324;0;0.0;0;0.0
84;Auvergne-Rhône-Alpes;38;Isère;300;Hydraulique;1;Injection totale;"a-]0;36]";Non Dispo;2020-03-31;0;0.0;0;0.0;1;0.019
84;Auvergne-Rhône-Alpes;38;Isère;400;Bio énergie;1;Injection totale;"b-]36;100]";Non Dispo;2020-03-31;1;0.075;0;0.0;0;0.0
84;Auvergne-Rhône-Alpes;38;Isère;500;Cogénération;2;Injection du surplus;"d-]250;...[";Non Dispo;2020-03-31;2;7.8;0;0.0;0;0.0
84;Auvergne-Rhône-Alpes;38;Isère;600;Autres;1;Injection totale;"c-]100;250]";Non Dispo;2020-03-31;1;0.22;0;0.0;0;0.0
84;Auvergne-Rhône-Alpes;42;Loire;100;Photovoltaïque;2;Injection du surplus;"b-]36;100]";Non Dispo;2020-03-31;6;0.4348;1;0.1;0;0.0
84;Auvergne-Rhône-Alpes;42;Loire;100;Photovoltaïque;1;Injection totale;"b-]36;100]";Non Dispo;2020-03-31;90;8.47278;23;2.1594;10;0.867
84;Auvergne-Rhône-Alpes;43;Haute-Loire;100;Photovoltaïque;1;Injection totale;"c-]100;250]";Non Dispo;2020-03-31;15;3.423;0;0.0;1;0.246
84;Auvergne-Rhône-Alpes;43;Haute-Loire;100;Photovoltaïque;3;Autoconsommation sans injection;"c-]100;250]";Non Dispo;2020-03-31;1;0.138;0;0.0;0;0.0
84;Auvergne-Rhône-Alpes;43;Haute-Loire;500;Cogénération;1;Injection totale;"a-]0;36]";Non Dispo;2020-03-31;0;0.0;0;0.0;0;0.0
84;Auvergne-Rhône-Alpes;63;Puy-de-Dôme;100;Photovoltaïque;3;Autoconsommation sans injection;"d-]250;...[";Non Dispo;2020-03-31;0;0.0;0;0.0;0;0.0
84;Auvergne-Rhône-Alpes;63;Puy-de-Dôme;100;Photovoltaïque;2;Injection du surplus;"a-]0;36]";Non Dispo;2020-03-31;124;0.5347;111;0.4429;120;0.46
84;Auvergne-Rhône-Alpes;63;Puy-de-Dôme;600;Autres;1;Injection totale;"a-]0;36]";Non Dispo;2020-03-31;0;0.0;0;0.0;0;0.0
84;Auvergne-Rhône-Alpes;69;Rhône;100;Photovoltaïque;2;Injection du surplus;"c-]100;250]";Non Dispo;2020-03-31;0;0.0;0;0.0;0;0.0
84;Auvergne-Rhône-Alpes;69;Rhône;100;Photovoltaïque;2;Injection du surplus;"d-]250;...[";Non Dispo;2020-03-31;1;0.5;0;0.0;0;0.0
84;Auvergne-Rhône-Alpes;69;Rhône;500;Cogénération;2;Injection du surplus;"a-]0;36]";Non Dispo;2020-03-31;0;0.0;0;0.0;0;0.0
84;Auvergne-Rhône-Alpes;69;Rhône;600;Autres;3;Autoconsommation sans injection;"d-]250;...[";Non Dispo;2020-03-31;0;0.0;0;0.0;0;0.0
84;Auvergne-Rhône-Alpes;73;Savoie;100;Photovoltaïque;3;Autoconsommation sans injection;"b-]36;100]";Non Dispo;2020-03-31;1;0.05;0;0.0;0;0.0
84;Auvergne-Rhône-Alpes;73;Savoie;300;Hydraulique;2;Injection du surplus;"c-]100;250]";Non Dispo;2020-03-31;0;0.0;0;0.0;0;0.0
84;Auvergne-Rhône-Alpes;73;Savoie;600;Autres;1;Injection totale;"a-]0;36]";Non Dispo;2020-03-31;0;0.0;0;0.0;0;0.0
84;Auvergne-Rhône-Alpes;74;Haute-Savoie;100;Photovoltaïque;1;Injection totale;"b-]36;100]";Non Dispo;2020-03-31;12;1.05644;1;0.09984;0;0.0
84;Auvergne-Rhône-Alpes;74;Haute-Savoie;300;Hydraulique;3;Autoconsommation sans injection;"d-]250;...[";Non Dispo;2020-03-31;0;0.0;0;0.0;0;0.0
84;Auvergne-Rhône-Alpes;74;Haute-Savoie;300;Hydraulique;1;Injection totale;"a-]0;36]";Non Dispo;2020-03-31;1;0.0;0;0.0;0;0.0
84;Auvergne-Rhône-Alpes;1;Ain;100;Photovoltaïque;1;Injection totale;"c-]100;250]";NON;2020-12-31;5;1.134;0;0.0;0;0.0
84;Auvergne-Rhône-Alpes;1;Ain;100;Photovoltaïque;2;Injection du surplus;"a-]0;36]";OUI;2020-12-31;4;0.018;3;0.0162;2;0.0072
84;Auvergne-Rhône-Alpes;1;Ain;100;Photovoltaïque;3;Autoconsommation sans injection;"a-]0;36]";NON;2020-12-31;1;0.013;17;0.03911;17;0.03911
84;Auvergne-Rhône-Alpes;1;Ain;100;Photovoltaïque;3;Autoconsommation sans injection;"a-]0;36]";OUI;2020-12-31;0;0.0;0;0.0;0;0.0
84;Auvergne-Rhône-Alpes;1;Ain;200;Eolien;1;Injection totale;"d-]250;...[";NON;2020-12-31;2;21.0;0;0.0;0;0.0
84;Auvergne-Rhône-Alpes;1;Ain;400;Bio énergie;1;Injection totale;"a-]0;36]";NON;2020-12-31;1;0.035;0;0.0;0;0.0
84;Auvergne-Rhône-Alpes;1;Ain;550;Stockage hors hydraulique;1;Injection totale;"d-]250;...[";OUI;2020-12-31;0;0.0;0;0.0;3;30.0
84;Auvergne-Rhône-Alpes;3;Allier;100;Photovoltaïque;2;Injection du surplus;"b-]36;100]";NON;2020-12-31;2;0.1879;2;0.1879;0;0.0
84;Auvergne-Rhône-Alpes;3;Allier;600;Autres;1;Injection totale;"a-]0;36]";NON;2020-12-31;0;0.0;0;0.0;0;0.0
84;Auvergne-Rhône-Alpes;7;Ardèche;100;Photovoltaïque;1;Injection totale;"b-]36;100]";NON;2020-12-31;83;7.59119;9;0.7697;7;0.6295
84;Auvergne-Rhône-Alpes;7;Ardèche;100;Photovoltaïque;3;Autoconsommation sans injection;"a-]0;36]";OUI;2020-12-31;0;0.0;0;0.0;0;0.0
84;Auvergne-Rhône-Alpes;7;Ardèche;400;Bio énergie;1;Injection totale;"c-]100;250]";NON;2020-12-31;0;0.0;0;0.0;0;0.0
84;Auvergne-Rhône-Alpes;7;Ardèche;400;Bio énergie;1;Injection totale;"d-]250;...[";NON;2020-12-31;0;0.0;0;0.0;0;0.0
84;Auvergne-Rhône-Alpes;7;Ardèche;500;Cogénération;1;Injection totale;"a-]0;36]";NON;2020-12-31;0;0.0;0;0.0;0;0.0
84;Auvergne-Rhône-Alpes;7;Ardèche;500;Cogénération;1;Injection totale;"d-]250;...[";NON;2020-12-31;1;1.96;0;0.0;0;0.0
84;Auvergne-Rhône-Alpes;15;Cantal;100;Photovoltaïque;3;Autoconsommation sans injection;"a-]0;36]";OUI;2020-12-31;0;0.0;0;0.0;0;0.0
84;Auvergne-Rhône-Alpes;15;Cantal;600;Autres;1;Injection totale;"b-]36;100]";NON;2020-12-31;0;0.0;0;0.0;0;0.0
84;Auvergne-Rhône-Alpes;26;Drôme;100;Photovoltaïque;1;Injection totale;"c-]100;250]";NON;2020-12-31;54;11.77673;11;2.61504;4;0.9399
84;Auvergne-Rhône-Alpes;26;Drôme;100;Photovoltaïque;1;Injection totale;"d-]250;...[";NON;2020-12-31;21;45.165;3;3.247;2;4.77
84;Auvergne-Rhône-Alpes;26;Drôme;200;Eolien;1;Injection totale;"a-]0;36]";NON;2020-12-31;0;0.0;0;0.0;0;0.0
84;Auvergne-Rhône-Alpes;26;Drôme;500;Cogénération;1;Injection totale;"a-]0;36]";NON;2020-12-31;0;0.0;0;0.0;0;0.0
84;Auvergne-Rhône-Alpes;38;Isère;100;Photovoltaïque;3;Autoconsommation sans injection;"a-]0;36]";OUI;2020-12-31;0;0.0;0;0.0;0;0.0
84;Auvergne-Rhône-Alpes;38;Isère;100;Photovoltaïque;3;Autoconsommation sans injection;"b-]36;100]";NON;2020-12-31;1;0.066;0;0.0;0;0.0
84;Auvergne-Rhône-Alpes;38;Isère;100;Photovoltaïque;3;Autoconsommation sans injection;"d-]250;...[";NON;2020-12-31;1;0.925;0;0.0;1;0.46
84;Auvergne-Rhône-Alpes;38;Isère;200;Eolien;1;Injection totale;"d-]250;...[";NON;2020-12-31;3;32.6;0;0.0;0;0.0
84;Auvergne-Rhône-Alpes;42;Loire;100;Photovoltaïque;1;Injection totale;"b-]36;100]";NON;2020-12-31;116;10.87893;22;2.01633;15;1.42364
84;Auvergne-Rhône-Alpes;42;Loire;100;Photovoltaïque;3;Autoconsommation sans injection;"b-]36;100]";NON;2020-12-31;1;0.05;0;0.0;0;0.0
84;Auvergne-Rhône-Alpes;42;Loire;400;Bio énergie;1;Injection totale;"a-]0;36]";NON;2020-12-31;0;0.0;0;0.0;0;0.0
84;Auvergne-Rhône-Alpes;42;Loire;400;Bio énergie;2;Injection du surplus;"b-]36;100]";NON;2020-12-31;0;0.0;0;0.0;0;0.0
84;Auvergne-Rhône-Alpes;42;Loire;500;Cogénération;3;Autoconsommation sans injection;"b-]36;100]";NON;2020-12-31;0;0.0;0;0.0;0;0.0
84;Auvergne-Rhône-Alpes;43;Haute-Loire;300;Hydraulique;1;Injection totale;"b-]36;100]";NON;2020-12-31;2;0.194;1;0.095;0;0.0
84;Auvergne-Rhône-Alpes;43;Haute-Loire;400;Bio énergie;2;Injection du surplus;"d-]250;...[";NON;2020-12-31;0;0.0;0;0.0;0;0.0
84;Auvergne-Rhône-Alpes;63;Puy-de-Dôme;100;Photovoltaïque;3;Autoconsommation sans injection;"a-]0;36]";NON;2020-12-31;0;0.0;34;0.0581;34;0.0581
84;Auvergne-Rhône-Alpes;63;Puy-de-Dôme;100;Photovoltaïque;3;Autoconsommation sans injection;"a-]0;36]";OUI;2020-12-31;0;0.0;0;0.0;0;0.0
84;Auvergne-Rhône-Alpes;63;Puy-de-Dôme;400;Bio énergie;1;Injection totale;"c-]100;250]";NON;2020-12-31;1;0.16;0;0.0;1;0.19
84;Auvergne-Rhône-Alpes;63;Puy-de-Dôme;500;Cogénération;1;Injection totale;"a-]0;36]";NON;2020-12-31;0;0.0;0;0.0;0;0.0
84;Auvergne-Rhône-Alpes;69;Rhône;100;Photovoltaïque;1;Injection totale;"b-]36;100]";NON;2020-12-31;68;5.99374;20;1.81885;6;0.5566
84;Auvergne-Rhône-Alpes;69;Rhône;100;Photovoltaïque;1;Injection totale;"c-]100;250]";NON;2020-12-31;5;0.83656;0;0.0;0;0.0
84;Auvergne-Rhône-Alpes;69;Rhône;100;Photovoltaïque;2;Injection du surplus;"a-]0;36]";NON;2020-12-31;274;1.35969;248;1.04633;197;0.89258
84;Auvergne-Rhône-Alpes;69;Rhône;100;Photovoltaïque;3;Autoconsommation sans injection;"c-]100;250]";NON;2020-12-31;1;0.2;0;0.0;0;0.0
84;Auvergne-Rhône-Alpes;69;Rhône;200;Eolien;1;Injection totale;"a-]0;36]";NON;2020-12-31;0;0.0;0;0.0;0;0.0
84;Auvergne-Rhône-Alpes;69;Rhône;300;Hydraulique;1;Injection totale;"d-]250;...[";NON;2020-12-31;0;0.0;0;0.0;0;0.0
84;Auvergne-Rhône-Alpes;69;Rhône;600;Autres;2;Injection du surplus;"a-]0;36]";NON;2020-12-31;0;0.0;0;0.0;0;0.0
84;Auvergne-Rhône-Alpes;69;Rhône;600;Autres;3;Autoconsommation sans injection;"d-]250;...[";NON;2020-12-31;0;0.0;0;0.0;0;0.0
84;Auvergne-Rhône-Alpes;73;Savoie;100;Photovoltaïque;1;Injection totale;"c-]100;250]";NON;2020-12-31;7;1.53918;1;0.2499;0;0.0
84;Auvergne-Rhône-Alpes;73;Savoie;300;Hydraulique;1;Injection totale;"b-]36;100]";NON;2020-12-31;0;0.0;0;0.0;0;0.0
84;Auvergne-Rhône-Alpes;73;Savoie;400;Bio énergie;1;Injection totale;"c-]100;250]";NON;2020-12-31;0;0.0;0;0.0;0;0.0
84;Auvergne-Rhône-Alpes;73;Savoie;600;Autres;1;Injection totale;"d-]250;...[";NON;2020-12-31;0;0.0;0;0.0;0;0.0
84;Auvergne-Rhône-Alpes;74;Haute-Savoie;100;Photovoltaïque;1;Injection totale;"b-]36;100]";NON;2020-12-31;13;1.16524;0;0.0;1;0.09
84;Auvergne-Rhône-Alpes;74;Haute-Savoie;500;Cogénération;1;Injection totale;"c-]100;250]";NON;2020-12-31;0;0.0;0;0.0;0;0.0
84;Auvergne-Rhône-Alpes;73;Savoie;100;Photovoltaïque;1;Injection totale;"c-]100;250]";NON;2020-09-30;4;0.85328;1;0.233;0;0.0
84;Auvergne-Rhône-Alpes;26;Drôme;100;Photovoltaïque;1;Injection totale;"a-]0;36]";OUI;2020-09-30;0;0.0;0;0.0;0;0.0
84;Auvergne-Rhône-Alpes;42;Loire;100;Photovoltaïque;2;Injection du surplus;"c-]100;250]";NON;2020-09-30;1;0.249;0;0.0;0;0.0
84;Auvergne-Rhône-Alpes;73;Savoie;100;Photovoltaïque;1;Injection totale;"a-]0;36]";NON;2020-09-30;32;0.42452;11;0.11732;4;0.0191
84;Auvergne-Rhône-Alpes;69;Rhône;100;Photovoltaïque;2;Injection du surplus;"a-]0;36]";OUI;2020-09-30;8;0.036;4;0.0162;2;0.0078
84;Auvergne-Rhône-Alpes;1;Ain;100;Photovoltaïque;1;Injection totale;"c-]100;250]";NON;2020-09-30;5;1.134;1;0.25;0;0.0
84;Auvergne-Rhône-Alpes;63;Puy-de-Dôme;100;Photovoltaïque;1;Injection totale;"a-]0;36]";OUI;2020-09-30;0;0.0;0;0.0;0;0.0
84;Auvergne-Rhône-Alpes;43;Haute-Loire;100;Photovoltaïque;1;Injection totale;"d-]250;...[";NON;2020-09-30;3;16.21;0;0.0;0;0.0
84;Auvergne-Rhône-Alpes;69;Rhône;100;Photovoltaïque;1;Injection totale;"d-]250;...[";NON;2020-09-30;7;15.055;0;0.0;0;0.0
84;Auvergne-Rhône-Alpes;42;Loire;100;Photovoltaïque;2;Injection du surplus;"b-]36;100]";NON;2020-09-30;6;0.382;1;0.05;1;0.1
84;Auvergne-Rhône-Alpes;1;Ain;100;Photovoltaïque;2;Injection du surplus;"a-]0;36]";OUI;2020-09-30;3;0.009;5;0.015;7;0.0194
84;Auvergne-Rhône-Alpes;69;Rhône;100;Photovoltaïque;3;Autoconsommation sans injection;"d-]250;...[";NON;2020-09-30;2;0.882;0;0.0;0;0.0
84;Auvergne-Rhône-Alpes;7;Ardèche;100;Photovoltaïque;2;Injection du surplus;"a-]0;36]";NON;2020-09-30;116;0.54611;73;0.31346;46;0.20915
84;Auvergne-Rhône-Alpes;7;Ardèche;100;Photovoltaïque;2;Injection du surplus;"d-]250;...[";NON;2020-09-30;0;0.0;0;0.0;1;0.42
84;Auvergne-Rhône-Alpes;7;Ardèche;100;Photovoltaïque;3;Autoconsommation sans injection;"a-]0;36]";NON;2020-09-30;0;0.0;7;0.01353;7;0.01353
84;Auvergne-Rhône-Alpes;7;Ardèche;100;Photovoltaïque;3;Autoconsommation sans injection;"c-]100;250]";NON;2020-09-30;1;0.22;1;0.22;0;0.0
84;Auvergne-Rhône-Alpes;26;Drôme;100;Photovoltaïque;3;Autoconsommation sans injection;"c-]100;250]";NON;2020-09-30;3;0.607;0;0.0;0;0.0
84;Auvergne-Rhône-Alpes;38;Isère;100;Photovoltaïque;3;Autoconsommation sans injection;"a-]0;36]";OUI;2020-09-30;0;0.0;3;0.012;3;0.012
84;Auvergne-Rhône-Alpes;63;Puy-de-Dôme;100;Photovoltaïque;3;Autoconsommation sans injection;"a-]0;36]";NON;2020-09-30;1;0.0;30;0.04203;30;0.04203
84;Auvergne-Rhône-Alpes;69;Rhône;100;Photovoltaïque;2;Injection du surplus;"d-]250;...[";NON;2020-09-30;0;0.0;0;0.0;0;0.0
84;Auvergne-Rhône-Alpes;1;Ain;200;Eolien;2;Injection du surplus;"a-]0;36]";NON;2020-09-30;0;0.0;0;0.0;0;0.0
84;Auvergne-Rhône-Alpes;69;Rhône;200;Eolien;1;Injection totale;"d-]250;...[";NON;2020-09-30;2;21.15;0;0.0;0;0.0
84;Auvergne-Rhône-Alpes;7;Ardèche;200;Eolien;2;Injection du surplus;"a-]0;36]";NON;2020-09-30;0;0.0;0;0.0;0;0.0
84;Auvergne-Rhône-Alpes;26;Drôme;300;Hydraulique;1;Injection totale;"b-]36;100]";NON;2020-09-30;0;0.0;0;0.0;0;0.0
84;Auvergne-Rhône-Alpes;73;Savoie;300;Hydraulique;1;Injection totale;"a-]0;36]";NON;2020-09-30;1;0.018;0;0.0;0;0.0
84;Auvergne-Rhône-Alpes;15;Cantal;300;Hydraulique;1;Injection totale;"c-]100;250]";NON;2020-09-30;0;0.0;0;0.0;0;0.0
84;Auvergne-Rhône-Alpes;63;Puy-de-Dôme;300;Hydraulique;1;Injection totale;"d-]250;...[";NON;2020-09-30;0;0.0;0;0.0;0;0.0
84;Auvergne-Rhône-Alpes;38;Isère;300;Hydraulique;1;Injection totale;"d-]250;...[";NON;2020-09-30;5;18.895;1;3.3;0;0.0
84;Auvergne-Rhône-Alpes;63;Puy-de-Dôme;300;Hydraulique;2;Injection du surplus;"b-]36;100]";NON;2020-09-30;0;0.0;0;0.0;0;0.0
84;Auvergne-Rhône-Alpes;15;Cantal;300;Hydraulique;1;Injection totale;"d-]250;...[";NON;2020-09-30;0;0.0;0;0.0;0;0.0
84;Auvergne-Rhône-Alpes;74;Haute-Savoie;300;Hydraulique;3;Autoconsommation sans injection;"d-]250;...[";NON;2020-09-30;0;0.0;0;0.0;0;0.0
84;Auvergne-Rhône-Alpes;73;Savoie;400;Bio énergie;1;Injection totale;"d-]250;...[";NON;2020-09-30;0;0.0;0;0.0;0;0.0
84;Auvergne-Rhône-Alpes;3;Allier;400;Bio énergie;1;Injection totale;"c-]100;250]";NON;2020-09-30;3;0.464;1;0.11;1;0.2
84;Auvergne-Rhône-Alpes;38;Isère;400;Bio énergie;1;Injection totale;"d-]250;...[";NON;2020-09-30;0;0.0;0;0.0;0;0.0
84;Auvergne-Rhône-Alpes;43;Haute-Loire;400;Bio énergie;2;Injection du surplus;"a-]0;36]";NON;2020-09-30;0;0.0;0;0.0;0;0.0
84;Auvergne-Rhône-Alpes;63;Puy-de-Dôme;400;Bio énergie;1;Injection totale;"c-]100;250]";NON;2020-09-30;2;0.35;0;0.0;0;0.0
84;Auvergne-Rhône-Alpes;42;Loire;500;Cogénération;1;Injection totale;"c-]100;250]";NON;2020-09-30;0;0.0;0;0.0;0;0.0
84;Auvergne-Rhône-Alpes;69;Rhône;500;Cogénération;3;Autoconsommation sans injection;"a-]0;36]";NON;2020-09-30;0;0.0;0;0.0;0;0.0
84;Auvergne-Rhône-Alpes;26;Drôme;500;Cogénération;1;Injection totale;"a-]0;36]";NON;2020-09-30;0;0.0;0;0.0;0;0.0
84;Auvergne-Rhône-Alpes;38;Isère;500;Cogénération;1;Injection totale;"a-]0;36]";NON;2020-09-30;0;0.0;0;0.0;0;0.0
84;Auvergne-Rhône-Alpes;38;Isère;500;Cogénération;1;Injection totale;"b-]36;100]";NON;2020-09-30;0;0.0;0;0.0;0;0.0
84;Auvergne-Rhône-Alpes;38;Isère;500;Cogénération;3;Autoconsommation sans injection;"c-]100;250]";NON;2020-09-30;0;0.0;0;0.0;0;0.0
84;Auvergne-Rhône-Alpes;69;Rhône;500;Cogénération;3;Autoconsommation sans injection;"d-]250;...[";NON;2020-09-30;0;0.0;0;0.0;0;0.0
84;Auvergne-Rhône-Alpes;73;Savoie;600;Autres;1;Injection totale;"b-]36;100]";NON;2020-09-30;0;0.0;0;0.0;0;0.0
84;Auvergne-Rhône-Alpes;43;Haute-Loire;600;Autres;1;Injection totale;"c-]100;250]";NON;2020-09-30;0;0.0;0;0.0;0;0.0
84;Auvergne-Rhône-Alpes;3;Allier;600;Autres;1;Injection totale;"a-]0;36]";NON;2020-09-30;0;0.0;0;0.0;0;0.0
84;Auvergne-Rhône-Alpes;42;Loire;600;Autres;1;Injection totale;"a-]0;36]";NON;2020-09-30;0;0.0;0;0.0;0;0.0
84;Auvergne-Rhône-Alpes;43;Haute-Loire;600;Autres;1;Injection totale;"b-]36;100]";NON;2020-09-30;0;0.0;0;0.0;0;0.0
84;Auvergne-Rhône-Alpes;69;Rhône;600;Autres;1;Injection totale;"b-]36;100]";NON;2020-09-30;0;0.0;0;0.0;0;0.0
84;Auvergne-Rhône-Alpes;73;Savoie;600;Autres;1;Injection totale;"a-]0;36]";NON;2020-09-30;0;0.0;0;0.0;0;0.0
84;Auvergne-Rhône-Alpes;73;Savoie;600;Autres;1;Injection totale;"d-]250;...[";NON;2020-09-30;0;0.0;0;0.0;0;0.0
84;Auvergne-Rhône-Alpes;63;Puy-de-Dôme;100;Photovoltaïque;1;Injection totale;"a-]0;36]";NON;2020-06-30;21;0.3403;;;;
84;Auvergne-Rhône-Alpes;15;Cantal;100;Photovoltaïque;3;Autoconsommation sans injection;"d-]250;...[";NON;2020-06-30;0;0.0;0;0.0;0;0.0
84;Auvergne-Rhône-Alpes;73;Savoie;100;Photovoltaïque;3;Autoconsommation sans injection;"a-]0;36]";NON;2020-06-30;;;10;0.0287;10;0.0287
84;Auvergne-Rhône-Alpes;43;Haute-Loire;100;Photovoltaïque;3;Autoconsommation sans injection;"a-]0;36]";NON;2020-06-30;;;;;;
84;Auvergne-Rhône-Alpes;42;Loire;100;Photovoltaïque;2;Injection du surplus;"a-]0;36]";NON;2020-06-30;118;0.62517;91;0.37532;90;0.38397
84;Auvergne-Rhône-Alpes;1;Ain;100;Photovoltaïque;3;Autoconsommation sans injection;"a-]0;36]";NON;2020-06-30;;;14;0.06996;14;0.06996
84;Auvergne-Rhône-Alpes;3;Allier;100;Photovoltaïque;1;Injection totale;"a-]0;36]";OUI;2020-06-30;;;;;;
84;Auvergne-Rhône-Alpes;26;Drôme;100;Photovoltaïque;3;Autoconsommation sans injection;"b-]36;100]";NON;2020-06-30;0;0.0;0;0.0;1;0.1
84;Auvergne-Rhône-Alpes;38;Isère;100;Photovoltaïque;1;Injection totale;"a-]0;36]";NON;2020-06-30;90;1.0594;13;0.117;;
84;Auvergne-Rhône-Alpes;38;Isère;100;Photovoltaïque;3;Autoconsommation sans injection;"c-]100;250]";OUI;2020-06-30;0;0.0;0;0.0;0;0.0
84;Auvergne-Rhône-Alpes;42;Loire;100;Photovoltaïque;2;Injection du surplus;"a-]0;36]";OUI;2020-06-30;;;;;;
84;Auvergne-Rhône-Alpes;42;Loire;100;Photovoltaïque;3;Autoconsommation sans injection;"a-]0;36]";NON;2020-06-30;;;;;;
84;Auvergne-Rhône-Alpes;63;Puy-de-Dôme;100;Photovoltaïque;1;Injection totale;"b-]36;100]";NON;2020-06-30;159;14.66619;20;1.85477;23;2.16016
84;Auvergne-Rhône-Alpes;63;Puy-de-Dôme;100;Photovoltaïque;1;Injection totale;"c-]100;250]";NON;2020-06-30;7;1.5052;0;0.0;1;0.198
84;Auvergne-Rhône-Alpes;63;Puy-de-Dôme;100;Photovoltaïque;2;Injection du surplus;"b-]36;100]";NON;2020-06-30;3;0.198;1;0.05;1;0.045
84;Auvergne-Rhône-Alpes;69;Rhône;100;Photovoltaïque;3;Autoconsommation sans injection;"b-]36;100]";NON;2020-06-30;0;0.0;0;0.0;0;0.0
84;Auvergne-Rhône-Alpes;69;Rhône;100;Photovoltaïque;3;Autoconsommation sans injection;"d-]250;...[";NON;2020-06-30;2;0.882;0;0.0;0;0.0
84;Auvergne-Rhône-Alpes;73;Savoie;100;Photovoltaïque;2;Injection du surplus;"b-]36;100]";NON;2020-06-30;7;0.488;2;0.157;0;0.0
84;Auvergne-Rhône-Alpes;73;Savoie;100;Photovoltaïque;3;Autoconsommation sans injection;"b-]36;100]";NON;2020-06-30;2;0.116;1;0.066;0;0.0
84;Auvergne-Rhône-Alpes;74;Haute-Savoie;100;Photovoltaïque;1;Injection totale;"b-]36;100]";NON;2020-06-30;13;1.15444;1;0.098;0;0.0
84;Auvergne-Rhône-Alpes;69;Rhône;200;Eolien;1;Injection totale;"a-]0;36]";NON;2020-06-30;;;;;;
84;Auvergne-Rhône-Alpes;43;Haute-Loire;200;Eolien;2;Injection du surplus;"a-]0;36]";NON;2020-06-30;;;;;;
84;Auvergne-Rhône-Alpes;7;Ardèche;200;Eolien;1;Injection totale;"b-]36;100]";NON;2020-06-30;0;0.0;0;0.0;0;0.0
84;Auvergne-Rhône-Alpes;1;Ain;200;Eolien;2;Injection du surplus;"a-]0;36]";NON;2020-06-30;;;;;;
84;Auvergne-Rhône-Alpes;3;Allier;200;Eolien;1;Injection totale;"a-]0;36]";NON;2020-06-30;;;;;;
84;Auvergne-Rhône-Alpes;15;Cantal;200;Eolien;1;Injection totale;"d-]250;...[";NON;2020-06-30;1;12.0;0;0.0;0;0.0
84;Auvergne-Rhône-Alpes;38;Isère;200;Eolien;2;Injection du surplus;"a-]0;36]";NON;2020-06-30;;;;;;
84;Auvergne-Rhône-Alpes;69;Rhône;200;Eolien;1;Injection totale;"d-]250;...[";NON;2020-06-30;2;21.15;0;0.0;0;0.0
84;Auvergne-Rhône-Alpes;63;Puy-de-Dôme;300;Hydraulique;2;Injection du surplus;"c-]100;250]";NON;2020-06-30;0;0.0;0;0.0;0;0.0
84;Auvergne-Rhône-Alpes;3;Allier;300;Hydraulique;2;Injection du surplus;"a-]0;36]";NON;2020-06-30;;;;;;
84;Auvergne-Rhône-Alpes;1;Ain;300;Hydraulique;2;Injection du surplus;"b-]36;100]";NON;2020-06-30;0;0.0;0;0.0;0;0.0
84;Auvergne-Rhône-Alpes;7;Ardèche;300;Hydraulique;2;Injection du surplus;"a-]0;36]";NON;2020-06-30;;;;;;
84;Auvergne-Rhône-Alpes;7;Ardèche;300;Hydraulique;1;Injection totale;"d-]250;...[";NON;2020-06-30;1;0.272;0;0.0;0;0.0
84;Auvergne-Rhône-Alpes;26;Drôme;300;Hydraulique;1;Injection totale;"d-]250;...[";NON;2020-06-30;0;0.0;0;0.0;0;0.0
84;Auvergne-Rhône-Alpes;43;Haute-Loire;300;Hydraulique;1;Injection totale;"d-]250;...[";NON;2020-06-30;1;0.36;0;0.0;0;0.0
84;Auvergne-Rhône-Alpes;1;Ain;300;Hydraulique;1;Injection totale;"c-]100;250]";NON;2020-06-30;0;0.0;0;0.0;0;0.0
84;Auvergne-Rhône-Alpes;7;Ardèche;300;Hydraulique;1;Injection totale;"c-]100;250]";NON;2020-06-30;1;0.23;0;0.0;0;0.0
84;Auvergne-Rhône-Alpes;26;Drôme;300;Hydraulique;1;Injection totale;"a-]0;36]";NON;2020-06-30;;;;;;
84;Auvergne-Rhône-Alpes;42;Loire;300;Hydraulique;1;Injection totale;"c-]100;250]";NON;2020-06-30;0;0.0;0;0.0;0;0.0
84;Auvergne-Rhône-Alpes;42;Loire;300;Hydraulique;2;Injection du surplus;"a-]0;36]";NON;2020-06-30;;;;;;
84;Auvergne-Rhône-Alpes;42;Loire;300;Hydraulique;3;Autoconsommation sans injection;"a-]0;36]";NON;2020-06-30;;;;;;
84;Auvergne-Rhône-Alpes;43;Haute-Loire;300;Hydraulique;1;Injection totale;"a-]0;36]";NON;2020-06-30;;;;;;
84;Auvergne-Rhône-Alpes;74;Haute-Savoie;300;Hydraulique;2;Injection du surplus;"d-]250;...[";NON;2020-06-30;0;0.0;0;0.0;0;0.0
84;Auvergne-Rhône-Alpes;15;Cantal;400;Bio énergie;1;Injection totale;"b-]36;100]";NON;2020-06-30;1;0.091;0;0.0;0;0.0
84;Auvergne-Rhône-Alpes;43;Haute-Loire;400;Bio énergie;1;Injection totale;"b-]36;100]";NON;2020-06-30;0;0.0;0;0.0;0;0.0
84;Auvergne-Rhône-Alpes;74;Haute-Savoie;400;Bio énergie;2;Injection du surplus;"c-]100;250]";NON;2020-06-30;0;0.0;0;0.0;0;0.0
84;Auvergne-Rhône-Alpes;15;Cantal;500;Cogénération;2;Injection du surplus;"a-]0;36]";NON;2020-06-30;;;;;;
84;Auvergne-Rhône-Alpes;42;Loire;500;Cogénération;1;Injection totale;"b-]36;100]";NON;2020-06-30;0;0.0;0;0.0;0;0.0
84;Auvergne-Rhône-Alpes;7;Ardèche;500;Cogénération;1;Injection totale;"a-]0;36]";NON;2020-06-30;;;;;;
84;Auvergne-Rhône-Alpes;69;Rhône;500;Cogénération;2;Injection du surplus;"d-]250;...[";NON;2020-06-30;0;0.0;0;0.0;0;0.0
84;Auvergne-Rhône-Alpes;15;Cantal;600;Autres;1;Injection totale;"a-]0;36]";NON;2020-06-30;;;;;;
84;Auvergne-Rhône-Alpes;69;Rhône;600;Autres;1;Injection totale;"c-]100;250]";NON;2020-06-30;0;0.0;0;0.0;0;0.0
84;Auvergne-Rhône-Alpes;1;Ain;600;Autres;1;Injection totale;"a-]0;36]";NON;2020-06-30;;;;;;
84;Auvergne-Rhône-Alpes;74;Haute-Savoie;600;Autres;1;Injection totale;"d-]250;...[";NON;2020-06-30;0;0.0;0;0.0;0;0.0
84;Auvergne-Rhône-Alpes;69;Rhône;600;Autres;1;Injection totale;"d-]250;...[";OUI;2020-06-30;0;0.0;0;0.0;0;0.0
84;Auvergne-Rhône-Alpes;1;Ain;600;Autres;1;Injection totale;"b-]36;100]";NON;2020-06-30;0;0.0;0;0.0;0;0.0
84;Auvergne-Rhône-Alpes;3;Allier;600;Autres;1;Injection totale;"b-]36;100]";NON;2020-06-30;0;0.0;0;0.0;0;0.0
84;Auvergne-Rhône-Alpes;42;Loire;600;Autres;1;Injection totale;"c-]100;250]";NON;2020-06-30;0;0.0;0;0.0;0;0.0
84;Auvergne-Rhône-Alpes;42;Loire;600;Autres;1;Injection totale;"d-]250;...[";NON;2020-06-30;0;0.0;0;0.0;0;0.0
84;Auvergne-Rhône-Alpes;74;Haute-Savoie;600;Autres;2;Injection du surplus;"a-]0;36]";NON;2020-06-30;;;;;;
84;Auvergne-Rhône-Alpes;1;Ain;300;Hydraulique;3;Autoconsommation sans injection;"a-]0;36]";NON;2021-03-31;0;0.0;0;0.0;0;0.0
84;Auvergne-Rhône-Alpes;1;Ain;600;Autres;1;Injection totale;"a-]0;36]";NON;2021-03-31;0;0.0;0;0.0;0;0.0
84;Auvergne-Rhône-Alpes;3;Allier;300;Hydraulique;1;Injection totale;"b-]36;100]";NON;2021-03-31;0;0.0;0;0.0;0;0.0
84;Auvergne-Rhône-Alpes;3;Allier;400;Bio énergie;1;Injection totale;"d-]250;...[";NON;2021-03-31;0;0.0;0;0.0;0;0.0
84;Auvergne-Rhône-Alpes;7;Ardèche;200;Eolien;2;Injection du surplus;"a-]0;36]";NON;2021-03-31;0;0.0;0;0.0;0;0.0
84;Auvergne-Rhône-Alpes;7;Ardèche;300;Hydraulique;3;Autoconsommation sans injection;"d-]250;...[";NON;2021-03-31;0;0.0;0;0.0;0;0.0
84;Auvergne-Rhône-Alpes;7;Ardèche;500;Cogénération;1;Injection totale;"d-]250;...[";NON;2021-03-31;1;1.96;0;0.0;0;0.0
84;Auvergne-Rhône-Alpes;15;Cantal;100;Photovoltaïque;3;Autoconsommation sans injection;"d-]250;...[";NON;2021-03-31;0;0.0;0;0.0;0;0.0
84;Auvergne-Rhône-Alpes;26;Drôme;100;Photovoltaïque;2;Injection du surplus;"a-]0;36]";OUI;2021-03-31;2;0.00728;0;0.0;1;0.00248
84;Auvergne-Rhône-Alpes;26;Drôme;300;Hydraulique;1;Injection totale;"c-]100;250]";NON;2021-03-31;1;0.13;0;0.0;0;0.0
84;Auvergne-Rhône-Alpes;26;Drôme;600;Autres;1;Injection totale;"d-]250;...[";NON;2021-03-31;0;0.0;0;0.0;0;0.0
84;Auvergne-Rhône-Alpes;38;Isère;100;Photovoltaïque;1;Injection totale;"b-]36;100]";NON;2021-03-31;103;9.5201;15;1.3734;15;1.42974
84;Auvergne-Rhône-Alpes;38;Isère;100;Photovoltaïque;1;Injection totale;"d-]250;...[";NON;2021-03-31;13;58.821;0;0.0;2;0.784
84;Auvergne-Rhône-Alpes;38;Isère;100;Photovoltaïque;3;Autoconsommation sans injection;"a-]0;36]";OUI;2021-03-31;0;0.0;0;0.0;0;0.0
84;Auvergne-Rhône-Alpes;38;Isère;200;Eolien;2;Injection du surplus;"a-]0;36]";NON;2021-03-31;0;0.0;0;0.0;0;0.0
84;Auvergne-Rhône-Alpes;38;Isère;300;Hydraulique;1;Injection totale;"a-]0;36]";NON;2021-03-31;0;0.0;0;0.0;0;0.0
84;Auvergne-Rhône-Alpes;38;Isère;600;Autres;1;Injection totale;"a-]0;36]";NON;2021-03-31;0;0.0;0;0.0;0;0.0
84;Auvergne-Rhône-Alpes;42;Loire;100;Photovoltaïque;1;Injection totale;"d-]250;...[";NON;2021-03-31;5;11.775;1;2.5;2;6.04
84;Auvergne-Rhône-Alpes;42;Loire;400;Bio énergie;1;Injection totale;"c-]100;250]";NON;2021-03-31;0;0.0;0;0.0;0;0.0
84;Auvergne-Rhône-Alpes;42;Loire;400;Bio énergie;1;Injection totale;"d-]250;...[";NON;2021-03-31;0;0.0;0;0.0;0;0.0
84;Auvergne-Rhône-Alpes;42;Loire;500;Cogénération;1;Injection totale;"b-]36;100]";NON;2021-03-31;0;0.0;0;0.0;0;0.0
84;Auvergne-Rhône-Alpes;42;Loire;600;Autres;1;Injection totale;"c-]100;250]";NON;2021-03-31;0;0.0;0;0.0;0;0.0
84;Auvergne-Rhône-Alpes;42;Loire;600;Autres;2;Injection du surplus;"a-]0;36]";NON;2021-03-31;0;0.0;0;0.0;0;0.0
84;Auvergne-Rhône-Alpes;43;Haute-Loire;100;Photovoltaïque;3;Autoconsommation sans injection;"a-]0;36]";OUI;2021-03-31;0;0.0;0;0.0;0;0.0
84;Auvergne-Rhône-Alpes;43;Haute-Loire;300;Hydraulique;1;Injection totale;"c-]100;250]";NON;2021-03-31;1;0.132;0;0.0;0;0.0
84;Auvergne-Rhône-Alpes;43;Haute-Loire;500;Cogénération;1;Injection totale;"d-]250;...[";NON;2021-03-31;0;0.0;0;0.0;0;0.0
84;Auvergne-Rhône-Alpes;63;Puy-de-Dôme;100;Photovoltaïque;1;Injection totale;"a-]0;36]";NON;2021-03-31;19;0.3404;3;0.0382;0;0.0
84;Auvergne-Rhône-Alpes;63;Puy-de-Dôme;100;Photovoltaïque;1;Injection totale;"c-]100;250]";NON;2021-03-31;9;2.0052;2;0.47;0;0.0
84;Auvergne-Rhône-Alpes;63;Puy-de-Dôme;100;Photovoltaïque;3;Autoconsommation sans injection;"c-]100;250]";NON;2021-03-31;0;0.0;0;0.0;0;0.0
84;Auvergne-Rhône-Alpes;63;Puy-de-Dôme;100;Photovoltaïque;3;Autoconsommation sans injection;"d-]250;...[";NON;2021-03-31;0;0.0;0;0.0;0;0.0
84;Auvergne-Rhône-Alpes;63;Puy-de-Dôme;300;Hydraulique;1;Injection totale;"b-]36;100]";OUI;2021-03-31;0;0.0;0;0.0;0;0.0
84;Auvergne-Rhône-Alpes;63;Puy-de-Dôme;300;Hydraulique;2;Injection du surplus;"a-]0;36]";NON;2021-03-31;0;0.0;0;0.0;0;0.0
84;Auvergne-Rhône-Alpes;63;Puy-de-Dôme;300;Hydraulique;2;Injection du surplus;"b-]36;100]";NON;2021-03-31;0;0.0;0;0.0;0;0.0
84;Auvergne-Rhône-Alpes;63;Puy-de-Dôme;600;Autres;1;Injection totale;"d-]250;...[";NON;2021-03-31;0;0.0;0;0.0;0;0.0
84;Auvergne-Rhône-Alpes;69;Rhône;100;Photovoltaïque;2;Injection du surplus;"d-]250;...[";NON;2021-03-31;1;0.396;1;0.396;0;0.0
84;Auvergne-Rhône-Alpes;73;Savoie;100;Photovoltaïque;2;Injection du surplus;"c-]100;250]";NON;2021-03-31;1;0.15;0;0.0;0;0.0
84;Auvergne-Rhône-Alpes;73;Savoie;200;Eolien;2;Injection du surplus;"a-]0;36]";NON;2021-03-31;0;0.0;0;0.0;0;0.0
84;Auvergne-Rhône-Alpes;73;Savoie;400;Bio énergie;1;Injection totale;"c-]100;250]";NON;2021-03-31;0;0.0;0;0.0;0;0.0
84;Auvergne-Rhône-Alpes;74;Haute-Savoie;100;Photovoltaïque;1;Injection totale;"d-]250;...[";NON;2021-03-31;3;2.5848;0;0.0;0;0.0
84;Auvergne-Rhône-Alpes;74;Haute-Savoie;100;Photovoltaïque;2;Injection du surplus;"b-]36;100]";NON;2021-03-31;4;0.258;0;0.0;0;0.0
84;Auvergne-Rhône-Alpes;74;Haute-Savoie;100;Photovoltaïque;3;Autoconsommation sans injection;"a-]0;36]";NON;2021-03-31;0;0.0;27;0.05583;27;0.05583
84;Auvergne-Rhône-Alpes;74;Haute-Savoie;300;Hydraulique;1;Injection totale;"d-]250;...[";NON;2021-03-31;2;3.624;0;0.0;1;1.64
84;Auvergne-Rhône-Alpes;74;Haute-Savoie;300;Hydraulique;2;Injection du surplus;"c-]100;250]";NON;2021-03-31;0;0.0;0;0.0;0;0.0
84;Auvergne-Rhône-Alpes;74;Haute-Savoie;600;Autres;1;Injection totale;"c-]100;250]";NON;2021-03-31;0;0.0;0;0.0;0;0.0
84;Auvergne-Rhône-Alpes;01;Ain;100;Photovoltaïque;1;Injection totale;"b-]36;100]";Non Dispo;2020-03-31;41;3.73384;8;0.74184;3;0.2786
84;Auvergne-Rhône-Alpes;01;Ain;100;Photovoltaïque;1;Injection totale;"d-]250;...[";Non Dispo;2020-03-31;18;74.759;1;4.725;0;0.0
84;Auvergne-Rhône-Alpes;01;Ain;400;Bio énergie;2;Injection du surplus;"c-]100;250]";Non Dispo;2020-03-31;0;0.0;0;0.0;0;0.0
84;Auvergne-Rhône-Alpes;01;Ain;500;Cogénération;1;Injection totale;"d-]250;...[";Non Dispo;2020-03-31;0;0.0;0;0.0;0;0.0
84;Auvergne-Rhône-Alpes;01;Ain;600;Autres;1;Injection totale;"c-]100;250]";Non Dispo;2020-03-31;0;0.0;0;0.0;0;0.0
84;Auvergne-Rhône-Alpes;03;Allier;100;Photovoltaïque;2;Injection du surplus;"a-]0;36]";Non Dispo;2020-03-31;65;0.2729;61;0.2402;70;0.2465
84;Auvergne-Rhône-Alpes;03;Allier;300;Hydraulique;1;Injection totale;"a-]0;36]";Non Dispo;2020-03-31;1;0.03;1;0.03;1;0.024
84;Auvergne-Rhône-Alpes;03;Allier;400;Bio énergie;1;Injection totale;"c-]100;250]";Non Dispo;2020-03-31;3;0.554;0;0.0;2;0.5
84;Auvergne-Rhône-Alpes;07;Ardèche;100;Photovoltaïque;1;Injection totale;"b-]36;100]";Non Dispo;2020-03-31;73;6.7059;16;1.45482;5;0.3998
84;Auvergne-Rhône-Alpes;07;Ardèche;100;Photovoltaïque;1;Injection totale;"c-]100;250]";Non Dispo;2020-03-31;13;3.0471;0;0.0;2;0.4899
84;Auvergne-Rhône-Alpes;15;Cantal;100;Photovoltaïque;2;Injection du surplus;"a-]0;36]";Non Dispo;2020-03-31;13;0.0935;20;0.1101;26;0.0852
84;Auvergne-Rhône-Alpes;15;Cantal;400;Bio énergie;1;Injection totale;"c-]100;250]";Non Dispo;2020-03-31;0;0.0;0;0.0;1;0.249
84;Auvergne-Rhône-Alpes;26;Drôme;100;Photovoltaïque;1;Injection totale;"c-]100;250]";Non Dispo;2020-03-31;44;9.6421;7;1.702;6;1.41
84;Auvergne-Rhône-Alpes;26;Drôme;100;Photovoltaïque;3;Autoconsommation sans injection;"b-]36;100]";Non Dispo;2020-03-31;0;0.0;0;0.0;0;0.0
84;Auvergne-Rhône-Alpes;26;Drôme;100;Photovoltaïque;3;Autoconsommation sans injection;"d-]250;...[";Non Dispo;2020-03-31;0;0.0;0;0.0;0;0.0
84;Auvergne-Rhône-Alpes;26;Drôme;300;Hydraulique;1;Injection totale;"c-]100;250]";Non Dispo;2020-03-31;1;0.13;0;0.0;0;0.0
84;Auvergne-Rhône-Alpes;26;Drôme;400;Bio énergie;1;Injection totale;"d-]250;...[";Non Dispo;2020-03-31;0;0.0;0;0.0;0;0.0
84;Auvergne-Rhône-Alpes;38;Isère;100;Photovoltaïque;1;Injection totale;"a-]0;36]";Non Dispo;2020-03-31;123;1.4557;14;0.1941;20;0.22
84;Auvergne-Rhône-Alpes;38;Isère;600;Autres;1;Injection totale;"a-]0;36]";Non Dispo;2020-03-31;0;0.0;0;0.0;0;0.0
84;Auvergne-Rhône-Alpes;38;Isère;600;Autres;1;Injection totale;"b-]36;100]";Non Dispo;2020-03-31;0;0.0;0;0.0;0;0.0
84;Auvergne-Rhône-Alpes;42;Loire;100;Photovoltaïque;1;Injection totale;"c-]100;250]";Non Dispo;2020-03-31;7;1.426;2;0.452;0;0.0
84;Auvergne-Rhône-Alpes;42;Loire;200;Eolien;1;Injection totale;"d-]250;...[";Non Dispo;2020-03-31;6;71.304;0;0.0;0;0.0
84;Auvergne-Rhône-Alpes;42;Loire;300;Hydraulique;1;Injection totale;"a-]0;36]";Non Dispo;2020-03-31;0;0.0;0;0.0;0;0.0
84;Auvergne-Rhône-Alpes;42;Loire;500;Cogénération;1;Injection totale;"b-]36;100]";Non Dispo;2020-03-31;0;0.0;0;0.0;0;0.0
84;Auvergne-Rhône-Alpes;42;Loire;500;Cogénération;3;Autoconsommation sans injection;"a-]0;36]";Non Dispo;2020-03-31;0;0.0;0;0.0;0;0.0
84;Auvergne-Rhône-Alpes;43;Haute-Loire;200;Eolien;1;Injection totale;"b-]36;100]";Non Dispo;2020-03-31;0;0.0;0;0.0;0;0.0
84;Auvergne-Rhône-Alpes;43;Haute-Loire;200;Eolien;1;Injection totale;"d-]250;...[";Non Dispo;2020-03-31;0;0.0;0;0.0;0;0.0
84;Auvergne-Rhône-Alpes;43;Haute-Loire;300;Hydraulique;1;Injection totale;"a-]0;36]";Non Dispo;2020-03-31;0;0.0;0;0.0;2;0.0
84;Auvergne-Rhône-Alpes;43;Haute-Loire;300;Hydraulique;1;Injection totale;"d-]250;...[";Non Dispo;2020-03-31;1;0.36;0;0.0;1;0.92
84;Auvergne-Rhône-Alpes;43;Haute-Loire;400;Bio énergie;1;Injection totale;"c-]100;250]";Non Dispo;2020-03-31;4;0.594;0;0.0;2;0.486
84;Auvergne-Rhône-Alpes;43;Haute-Loire;600;Autres;1;Injection totale;"a-]0;36]";Non Dispo;2020-03-31;0;0.0;0;0.0;0;0.0
84;Auvergne-Rhône-Alpes;63;Puy-de-Dôme;100;Photovoltaïque;1;Injection totale;"d-]250;...[";Non Dispo;2020-03-31;8;27.942;0;0.0;0;0.0
84;Auvergne-Rhône-Alpes;63;Puy-de-Dôme;100;Photovoltaïque;3;Autoconsommation sans injection;"c-]100;250]";Non Dispo;2020-03-31;0;0.0;0;0.0;0;0.0
84;Auvergne-Rhône-Alpes;63;Puy-de-Dôme;200;Eolien;1;Injection totale;"d-]250;...[";Non Dispo;2020-03-31;4;54.0;1;12.0;2;22.19
84;Auvergne-Rhône-Alpes;63;Puy-de-Dôme;200;Eolien;1;Injection totale;"a-]0;36]";Non Dispo;2020-03-31;0;0.0;0;0.0;0;0.0
84;Auvergne-Rhône-Alpes;63;Puy-de-Dôme;300;Hydraulique;2;Injection du surplus;"c-]100;250]";Non Dispo;2020-03-31;0;0.0;0;0.0;0;0.0
84;Auvergne-Rhône-Alpes;63;Puy-de-Dôme;300;Hydraulique;1;Injection totale;"a-]0;36]";Non Dispo;2020-03-31;0;0.0;0;0.0;0;0.0
84;Auvergne-Rhône-Alpes;63;Puy-de-Dôme;300;Hydraulique;2;Injection du surplus;"b-]36;100]";Non Dispo;2020-03-31;0;0.0;0;0.0;0;0.0
84;Auvergne-Rhône-Alpes;63;Puy-de-Dôme;400;Bio énergie;1;Injection totale;"d-]250;...[";Non Dispo;2020-03-31;2;2.999;0;0.0;0;0.0
84;Auvergne-Rhône-Alpes;63;Puy-de-Dôme;500;Cogénération;1;Injection totale;"c-]100;250]";Non Dispo;2020-03-31;0;0.0;0;0.0;0;0.0
84;Auvergne-Rhône-Alpes;69;Rhône;100;Photovoltaïque;2;Injection du surplus;"b-]36;100]";Non Dispo;2020-03-31;5;0.334;4;0.274;1;0.0375
84;Auvergne-Rhône-Alpes;69;Rhône;200;Eolien;1;Injection totale;"d-]250;...[";Non Dispo;2020-03-31;2;21.15;0;0.0;0;0.0
84;Auvergne-Rhône-Alpes;69;Rhône;400;Bio énergie;1;Injection totale;"d-]250;...[";Non Dispo;2020-03-31;0;0.0;0;0.0;0;0.0
84;Auvergne-Rhône-Alpes;73;Savoie;100;Photovoltaïque;1;Injection totale;"a-]0;36]";Non Dispo;2020-03-31;32;0.3087;7;0.0441;0;0.0
84;Auvergne-Rhône-Alpes;73;Savoie;100;Photovoltaïque;2;Injection du surplus;"c-]100;250]";Non Dispo;2020-03-31;1;0.15;0;0.0;0;0.0
84;Auvergne-Rhône-Alpes;73;Savoie;300;Hydraulique;1;Injection totale;"c-]100;250]";Non Dispo;2020-03-31;1;0.15;0;0.0;0;0.0
84;Auvergne-Rhône-Alpes;74;Haute-Savoie;100;Photovoltaïque;1;Injection totale;"c-]100;250]";Non Dispo;2020-03-31;1;0.25;0;0.0;0;0.0
84;Auvergne-Rhône-Alpes;74;Haute-Savoie;100;Photovoltaïque;3;Autoconsommation sans injection;"c-]100;250]";Non Dispo;2020-03-31;0;0.0;0;0.0;1;0.2
84;Auvergne-Rhône-Alpes;74;Haute-Savoie;200;Eolien;2;Injection du surplus;"a-]0;36]";Non Dispo;2020-03-31;0;0.0;0;0.0;0;0.0
84;Auvergne-Rhône-Alpes;74;Haute-Savoie;400;Bio énergie;1;Injection totale;"c-]100;250]";Non Dispo;2020-03-31;1;0.231;0;0.0;0;0.0
84;Auvergne-Rhône-Alpes;74;Haute-Savoie;600;Autres;1;Injection totale;"a-]0;36]";Non Dispo;2020-03-31;0;0.0;0;0.0;0;0.0
84;Auvergne-Rhône-Alpes;1;Ain;100;Photovoltaïque;1;Injection totale;"b-]36;100]";NON;2021-06-30;53;4.80025;13;1.18;10;0.94837
84;Auvergne-Rhône-Alpes;1;Ain;200;Eolien;2;Injection du surplus;"a-]0;36]";NON;2021-06-30;0;0.0;0;0.0;0;0.0
84;Auvergne-Rhône-Alpes;1;Ain;500;Cogénération;2;Injection du surplus;"a-]0;36]";NON;2021-06-30;0;0.0;0;0.0;0;0.0
84;Auvergne-Rhône-Alpes;1;Ain;550;Stockage hors hydraulique;1;Injection totale;"d-]250;...[";OUI;2021-06-30;1;2.399;0;0.0;0;0.0
84;Auvergne-Rhône-Alpes;1;Ain;600;Autres;1;Injection totale;"c-]100;250]";NON;2021-06-30;0;0.0;0;0.0;0;0.0
84;Auvergne-Rhône-Alpes;3;Allier;100;Photovoltaïque;1;Injection totale;"a-]0;36]";NON;2021-06-30;13;0.24472;5;0.06872;1;0.006
84;Auvergne-Rhône-Alpes;3;Allier;100;Photovoltaïque;2;Injection du surplus;"d-]250;...[";NON;2021-06-30;0;0.0;0;0.0;0;0.0
84;Auvergne-Rhône-Alpes;3;Allier;100;Photovoltaïque;3;Autoconsommation sans injection;"c-]100;250]";NON;2021-06-30;0;0.0;0;0.0;0;0.0
84;Auvergne-Rhône-Alpes;3;Allier;300;Hydraulique;1;Injection totale;"b-]36;100]";NON;2021-06-30;0;0.0;0;0.0;0;0.0
84;Auvergne-Rhône-Alpes;3;Allier;500;Cogénération;1;Injection totale;"d-]250;...[";NON;2021-06-30;0;0.0;0;0.0;0;0.0
84;Auvergne-Rhône-Alpes;3;Allier;600;Autres;1;Injection totale;"b-]36;100]";NON;2021-06-30;0;0.0;0;0.0;0;0.0
84;Auvergne-Rhône-Alpes;7;Ardèche;100;Photovoltaïque;2;Injection du surplus;"d-]250;...[";NON;2021-06-30;0;0.0;0;0.0;0;0.0
84;Auvergne-Rhône-Alpes;7;Ardèche;200;Eolien;1;Injection totale;"b-]36;100]";NON;2021-06-30;0;0.0;0;0.0;0;0.0
84;Auvergne-Rhône-Alpes;7;Ardèche;200;Eolien;2;Injection du surplus;"a-]0;36]";NON;2021-06-30;0;0.0;0;0.0;0;0.0
84;Auvergne-Rhône-Alpes;7;Ardèche;300;Hydraulique;2;Injection du surplus;"a-]0;36]";NON;2021-06-30;0;0.0;0;0.0;0;0.0
84;Auvergne-Rhône-Alpes;7;Ardèche;400;Bio énergie;1;Injection totale;"d-]250;...[";NON;2021-06-30;0;0.0;0;0.0;0;0.0
84;Auvergne-Rhône-Alpes;15;Cantal;100;Photovoltaïque;1;Injection totale;"a-]0;36]";NON;2021-06-30;18;0.353;7;0.042;4;0.125
84;Auvergne-Rhône-Alpes;15;Cantal;100;Photovoltaïque;1;Injection totale;"c-]100;250]";NON;2021-06-30;27;5.88764;2;0.399;1;0.25
84;Auvergne-Rhône-Alpes;15;Cantal;600;Autres;1;Injection totale;"c-]100;250]";NON;2021-06-30;0;0.0;0;0.0;0;0.0
84;Auvergne-Rhône-Alpes;26;Drôme;100;Photovoltaïque;1;Injection totale;"a-]0;36]";OUI;2021-06-30;0;0.0;0;0.0;0;0.0
84;Auvergne-Rhône-Alpes;26;Drôme;100;Photovoltaïque;1;Injection totale;"c-]100;250]";NON;2021-06-30;50;10.91753;5;1.135;6;1.3662
84;Auvergne-Rhône-Alpes;26;Drôme;100;Photovoltaïque;1;Injection totale;"d-]250;...[";NON;2021-06-30;19;42.53;2;2.5;2;4.195
84;Auvergne-Rhône-Alpes;26;Drôme;100;Photovoltaïque;1;Injection totale;"d-]250;...[";OUI;2021-06-30;0;0.0;0;0.0;0;0.0
84;Auvergne-Rhône-Alpes;26;Drôme;100;Photovoltaïque;3;Autoconsommation sans injection;"a-]0;36]";OUI;2021-06-30;0;0.0;1;0.006;1;0.006
84;Auvergne-Rhône-Alpes;26;Drôme;600;Autres;1;Injection totale;"d-]250;...[";NON;2021-06-30;0;0.0;0;0.0;0;0.0
84;Auvergne-Rhône-Alpes;26;Drôme;600;Autres;2;Injection du surplus;"a-]0;36]";NON;2021-06-30;0;0.0;0;0.0;0;0.0
84;Auvergne-Rhône-Alpes;38;Isère;100;Photovoltaïque;1;Injection totale;"a-]0;36]";NON;2021-06-30;123;1.4626;17;0.18894;15;0.0998
84;Auvergne-Rhône-Alpes;38;Isère;300;Hydraulique;2;Injection du surplus;"c-]100;250]";NON;2021-06-30;2;0.324;0;0.0;0;0.0
84;Auvergne-Rhône-Alpes;38;Isère;400;Bio énergie;1;Injection totale;"a-]0;36]";NON;2021-06-30;0;0.0;0;0.0;0;0.0
84;Auvergne-Rhône-Alpes;38;Isère;400;Bio énergie;1;Injection totale;"d-]250;...[";NON;2021-06-30;1;0.435;0;0.0;0;0.0
84;Auvergne-Rhône-Alpes;38;Isère;500;Cogénération;1;Injection totale;"d-]250;...[";NON;2021-06-30;0;0.0;0;0.0;0;0.0
84;Auvergne-Rhône-Alpes;38;Isère;500;Cogénération;2;Injection du surplus;"d-]250;...[";NON;2021-06-30;0;0.0;0;0.0;0;0.0
84;Auvergne-Rhône-Alpes;42;Loire;100;Photovoltaïque;2;Injection du surplus;"a-]0;36]";NON;2021-06-30;185;0.95361;252;1.13379;211;0.88185
84;Auvergne-Rhône-Alpes;42;Loire;400;Bio énergie;1;Injection totale;"b-]36;100]";NON;2021-06-30;0;0.0;0;0.0;0;0.0
84;Auvergne-Rhône-Alpes;42;Loire;400;Bio énergie;1;Injection totale;"d-]250;...[";NON;2021-06-30;0;0.0;0;0.0;0;0.0
84;Auvergne-Rhône-Alpes;42;Loire;600;Autres;1;Injection totale;"a-]0;36]";NON;2021-06-30;0;0.0;0;0.0;0;0.0
84;Auvergne-Rhône-Alpes;43;Haute-Loire;100;Photovoltaïque;1;Injection totale;"b-]36;100]";NON;2021-06-30;100;9.08574;19;1.79868;24;2.17179
84;Auvergne-Rhône-Alpes;43;Haute-Loire;300;Hydraulique;1;Injection totale;"b-]36;100]";NON;2021-06-30;2;0.194;0;0.0;0;0.0
84;Auvergne-Rhône-Alpes;43;Haute-Loire;400;Bio énergie;2;Injection du surplus;"c-]100;250]";NON;2021-06-30;0;0.0;0;0.0;0;0.0
84;Auvergne-Rhône-Alpes;43;Haute-Loire;500;Cogénération;1;Injection totale;"d-]250;...[";NON;2021-06-30;0;0.0;0;0.0;0;0.0
84;Auvergne-Rhône-Alpes;63;Puy-de-Dôme;100;Photovoltaïque;2;Injection du surplus;"b-]36;100]";NON;2021-06-30;4;0.272;1;0.067;0;0.0
84;Auvergne-Rhône-Alpes;63;Puy-de-Dôme;100;Photovoltaïque;2;Injection du surplus;"c-]100;250]";NON;2021-06-30;0;0.0;0;0.0;0;0.0
84;Auvergne-Rhône-Alpes;63;Puy-de-Dôme;300;Hydraulique;2;Injection du surplus;"c-]100;250]";NON;2021-06-30;0;0.0;0;0.0;0;0.0
84;Auvergne-Rhône-Alpes;63;Puy-de-Dôme;400;Bio énergie;2;Injection du surplus;"b-]36;100]";NON;2021-06-30;0;0.0;0;0.0;0;0.0
84;Auvergne-Rhône-Alpes;69;Rhône;100;Photovoltaïque;2;Injection du surplus;"a-]0;36]";OUI;2021-06-30;5;0.02496;2;0.01038;0;0.0
84;Auvergne-Rhône-Alpes;69;Rhône;100;Photovoltaïque;3;Autoconsommation sans injection;"b-]36;100]";NON;2021-06-30;1;0.1;0;0.0;1;0.05
84;Auvergne-Rhône-Alpes;69;Rhône;300;Hydraulique;1;Injection totale;"c-]100;250]";NON;2021-06-30;0;0.0;0;0.0;0;0.0
84;Auvergne-Rhône-Alpes;69;Rhône;500;Cogénération;1;Injection totale;"c-]100;250]";NON;2021-06-30;3;0.69;0;0.0;0;0.0
84;Auvergne-Rhône-Alpes;73;Savoie;300;Hydraulique;1;Injection totale;"a-]0;36]";NON;2021-06-30;1;0.018;0;0.0;0;0.0
84;Auvergne-Rhône-Alpes;73;Savoie;400;Bio énergie;1;Injection totale;"c-]100;250]";NON;2021-06-30;0;0.0;0;0.0;0;0.0
84;Auvergne-Rhône-Alpes;73;Savoie;600;Autres;1;Injection totale;"a-]0;36]";NON;2021-06-30;0;0.0;0;0.0;0;0.0
84;Auvergne-Rhône-Alpes;74;Haute-Savoie;500;Cogénération;1;Injection totale;"d-]250;...[";NON;2021-06-30;0;0.0;0;0.0;0;0.0
84;Auvergne-Rhône-Alpes;1;Ain;100;Photovoltaïque;1;Injection totale;"c-]100;250]";NON;2021-09-30;17;3.744;6;1.238;1;0.22
84;Auvergne-Rhône-Alpes;1;Ain;100;Photovoltaïque;2;Injection du surplus;"a-]0;36]";OUI;2021-09-30;2;0.0048;0;0.0;0;0.0
84;Auvergne-Rhône-Alpes;1;Ain;100;Photovoltaïque;2;Injection du surplus;"b-]36;100]";NON;2021-09-30;12;0.95768;1;0.08;4;0.326
84;Auvergne-Rhône-Alpes;1;Ain;100;Photovoltaïque;3;Autoconsommation sans injection;"a-]0;36]";OUI;2021-09-30;0;0.0;0;0.0;0;0.0
84;Auvergne-Rhône-Alpes;1;Ain;100;Photovoltaïque;3;Autoconsommation sans injection;"c-]100;250]";NON;2021-09-30;5;0.736;0;0.0;0;0.0
84;Auvergne-Rhône-Alpes;1;Ain;400;Bio énergie;1;Injection totale;"a-]0;36]";NON;2021-09-30;1;0.035;0;0.0;0;0.0
84;Auvergne-Rhône-Alpes;1;Ain;400;Bio énergie;2;Injection du surplus;"a-]0;36]";NON;2021-09-30;0;0.0;0;0.0;0;0.0
84;Auvergne-Rhône-Alpes;1;Ain;550;Stockage hors hydraulique;1;Injection totale;"d-]250;...[";OUI;2021-09-30;1;2.399;0;0.0;0;0.0
84;Auvergne-Rhône-Alpes;3;Allier;100;Photovoltaïque;1;Injection totale;"c-]100;250]";NON;2021-09-30;15;3.5999;7;1.6289;10;2.407
84;Auvergne-Rhône-Alpes;3;Allier;300;Hydraulique;1;Injection totale;"b-]36;100]";NON;2021-09-30;0;0.0;0;0.0;0;0.0
84;Auvergne-Rhône-Alpes;3;Allier;300;Hydraulique;2;Injection du surplus;"a-]0;36]";NON;2021-09-30;0;0.0;0;0.0;0;0.0
84;Auvergne-Rhône-Alpes;3;Allier;600;Autres;1;Injection totale;"a-]0;36]";NON;2021-09-30;0;0.0;0;0.0;0;0.0
84;Auvergne-Rhône-Alpes;7;Ardèche;100;Photovoltaïque;3;Autoconsommation sans injection;"a-]0;36]";NON;2021-09-30;0;0.0;12;0.03564;12;0.03564
84;Auvergne-Rhône-Alpes;7;Ardèche;300;Hydraulique;1;Injection totale;"a-]0;36]";NON;2021-09-30;0;0.0;0;0.0;0;0.0
84;Auvergne-Rhône-Alpes;15;Cantal;100;Photovoltaïque;2;Injection du surplus;"d-]250;...[";NON;2021-09-30;0;0.0;0;0.0;0;0.0
84;Auvergne-Rhône-Alpes;15;Cantal;200;Eolien;1;Injection totale;"a-]0;36]";NON;2021-09-30;0;0.0;0;0.0;0;0.0
84;Auvergne-Rhône-Alpes;15;Cantal;600;Autres;1;Injection totale;"b-]36;100]";NON;2021-09-30;0;0.0;0;0.0;0;0.0
84;Auvergne-Rhône-Alpes;26;Drôme;100;Photovoltaïque;1;Injection totale;"c-]100;250]";NON;2021-09-30;49;10.93683;6;1.406;6;1.239
84;Auvergne-Rhône-Alpes;26;Drôme;100;Photovoltaïque;2;Injection du surplus;"a-]0;36]";NON;2021-09-30;195;0.99122;191;0.80078;229;0.98929
84;Auvergne-Rhône-Alpes;26;Drôme;100;Photovoltaïque;3;Autoconsommation sans injection;"c-]100;250]";NON;2021-09-30;3;0.668;2;0.44;1;0.24
84;Auvergne-Rhône-Alpes;26;Drôme;300;Hydraulique;1;Injection totale;"a-]0;36]";NON;2021-09-30;0;0.0;0;0.0;0;0.0
84;Auvergne-Rhône-Alpes;38;Isère;100;Photovoltaïque;3;Autoconsommation sans injection;"c-]100;250]";OUI;2021-09-30;0;0.0;0;0.0;0;0.0
84;Auvergne-Rhône-Alpes;38;Isère;100;Photovoltaïque;3;Autoconsommation sans injection;"d-]250;...[";NON;2021-09-30;3;1.58235;3;1.58235;0;0.0
84;Auvergne-Rhône-Alpes;38;Isère;300;Hydraulique;1;Injection totale;"a-]0;36]";NON;2021-09-30;0;0.0;0;0.0;0;0.0
84;Auvergne-Rhône-Alpes;38;Isère;300;Hydraulique;2;Injection du surplus;"c-]100;250]";NON;2021-09-30;2;0.324;0;0.0;0;0.0
84;Auvergne-Rhône-Alpes;38;Isère;400;Bio énergie;1;Injection totale;"b-]36;100]";NON;2021-09-30;0;0.0;0;0.0;0;0.0
84;Auvergne-Rhône-Alpes;38;Isère;500;Cogénération;1;Injection totale;"d-]250;...[";NON;2021-09-30;0;0.0;0;0.0;0;0.0
84;Auvergne-Rhône-Alpes;38;Isère;600;Autres;1;Injection totale;"a-]0;36]";NON;2021-09-30;0;0.0;0;0.0;0;0.0
84;Auvergne-Rhône-Alpes;42;Loire;100;Photovoltaïque;2;Injection du surplus;"b-]36;100]";NON;2021-09-30;1;0.1;0;0.0;1;0.08
84;Auvergne-Rhône-Alpes;42;Loire;300;Hydraulique;2;Injection du surplus;"a-]0;36]";NON;2021-09-30;1;0.015;0;0.0;0;0.0
84;Auvergne-Rhône-Alpes;42;Loire;300;Hydraulique;3;Autoconsommation sans injection;"a-]0;36]";NON;2021-09-30;0;0.0;0;0.0;0;0.0
84;Auvergne-Rhône-Alpes;42;Loire;500;Cogénération;3;Autoconsommation sans injection;"a-]0;36]";NON;2021-09-30;0;0.0;0;0.0;0;0.0
84;Auvergne-Rhône-Alpes;42;Loire;600;Autres;1;Injection totale;"c-]100;250]";NON;2021-09-30;0;0.0;0;0.0;0;0.0
84;Auvergne-Rhône-Alpes;43;Haute-Loire;400;Bio énergie;1;Injection totale;"b-]36;100]";NON;2021-09-30;0;0.0;0;0.0;0;0.0
84;Auvergne-Rhône-Alpes;63;Puy-de-Dôme;100;Photovoltaïque;2;Injection du surplus;"a-]0;36]";NON;2021-09-30;224;1.02188;192;0.80344;216;0.9184
84;Auvergne-Rhône-Alpes;63;Puy-de-Dôme;100;Photovoltaïque;3;Autoconsommation sans injection;"a-]0;36]";OUI;2021-09-30;0;0.0;1;0.0048;1;0.0048
84;Auvergne-Rhône-Alpes;63;Puy-de-Dôme;200;Eolien;1;Injection totale;"a-]0;36]";NON;2021-09-30;0;0.0;0;0.0;0;0.0
84;Auvergne-Rhône-Alpes;63;Puy-de-Dôme;300;Hydraulique;1;Injection totale;"b-]36;100]";NON;2021-09-30;2;0.19;0;0.0;0;0.0
84;Auvergne-Rhône-Alpes;63;Puy-de-Dôme;300;Hydraulique;1;Injection totale;"d-]250;...[";NON;2021-09-30;0;0.0;0;0.0;0;0.0
84;Auvergne-Rhône-Alpes;63;Puy-de-Dôme;300;Hydraulique;2;Injection du surplus;"b-]36;100]";NON;2021-09-30;0;0.0;0;0.0;0;0.0
84;Auvergne-Rhône-Alpes;69;Rhône;200;Eolien;1;Injection totale;"d-]250;...[";NON;2021-09-30;1;9.15;0;0.0;0;0.0
84;Auvergne-Rhône-Alpes;69;Rhône;500;Cogénération;3;Autoconsommation sans injection;"c-]100;250]";NON;2021-09-30;0;0.0;0;0.0;0;0.0
84;Auvergne-Rhône-Alpes;69;Rhône;600;Autres;1;Injection totale;"a-]0;36]";NON;2021-09-30;0;0.0;0;0.0;0;0.0
84;Auvergne-Rhône-Alpes;73;Savoie;100;Photovoltaïque;1;Injection totale;"b-]36;100]";NON;2021-09-30;13;1.20924;3;0.295;2;0.168
84;Auvergne-Rhône-Alpes;73;Savoie;100;Photovoltaïque;2;Injection du surplus;"c-]100;250]";NON;2021-09-30;1;0.15;0;0.0;0;0.0
84;Auvergne-Rhône-Alpes;73;Savoie;100;Photovoltaïque;2;Injection du surplus;"c-]100;250]";OUI;2021-09-30;1;0.1146;0;0.0;0;0.0
84;Auvergne-Rhône-Alpes;73;Savoie;100;Photovoltaïque;3;Autoconsommation sans injection;"a-]0;36]";OUI;2021-09-30;0;0.0;0;0.0;0;0.0
84;Auvergne-Rhône-Alpes;73;Savoie;400;Bio énergie;1;Injection totale;"b-]36;100]";NON;2021-09-30;0;0.0;0;0.0;1;0.064
84;Auvergne-Rhône-Alpes;73;Savoie;500;Cogénération;1;Injection totale;"d-]250;...[";NON;2021-09-30;0;0.0;0;0.0;0;0.0
84;Auvergne-Rhône-Alpes;74;Haute-Savoie;300;Hydraulique;1;Injection totale;"c-]100;250]";NON;2021-09-30;0;0.0;0;0.0;0;0.0
84;Auvergne-Rhône-Alpes;74;Haute-Savoie;400;Bio énergie;1;Injection totale;"a-]0;36]";NON;2021-09-30;0;0.0;0;0.0;0;0.0
84;Auvergne-Rhône-Alpes;74;Haute-Savoie;400;Bio énergie;1;Injection totale;"c-]100;250]";NON;2021-09-30;0;0.0;0;0.0;0;0.0
84;Auvergne-Rhône-Alpes;74;Haute-Savoie;400;Bio énergie;1;Injection totale;"d-]250;...[";NON;2021-09-30;0;0.0;0;0.0;0;0.0
84;Auvergne-Rhône-Alpes;74;Haute-Savoie;550;Stockage hors hydraulique;2;Injection du surplus;"d-]250;...[";OUI;2021-09-30;1;1.25;1;1.25;0;0.0
84;Auvergne-Rhône-Alpes;1;Ain;100;Photovoltaïque;3;Autoconsommation sans injection;"a-]0;36]";NON;2021-09-30;0;0.0;22;0.03006;22;0.03006
84;Auvergne-Rhône-Alpes;1;Ain;300;Hydraulique;2;Injection du surplus;"a-]0;36]";NON;2021-09-30;0;0.0;0;0.0;0;0.0
84;Auvergne-Rhône-Alpes;1;Ain;600;Autres;2;Injection du surplus;"a-]0;36]";NON;2021-09-30;0;0.0;0;0.0;0;0.0
84;Auvergne-Rhône-Alpes;3;Allier;100;Photovoltaïque;1;Injection totale;"a-]0;36]";OUI;2021-09-30;0;0.0;0;0.0;0;0.0
84;Auvergne-Rhône-Alpes;3;Allier;100;Photovoltaïque;3;Autoconsommation sans injection;"a-]0;36]";NON;2021-09-30;1;0.033;11;0.01313;11;0.01313
84;Auvergne-Rhône-Alpes;3;Allier;100;Photovoltaïque;3;Autoconsommation sans injection;"d-]250;...[";NON;2021-09-30;0;0.0;0;0.0;0;0.0
84;Auvergne-Rhône-Alpes;3;Allier;200;Eolien;3;Autoconsommation sans injection;"a-]0;36]";NON;2021-09-30;0;0.0;0;0.0;0;0.0
84;Auvergne-Rhône-Alpes;3;Allier;500;Cogénération;1;Injection totale;"a-]0;36]";NON;2021-09-30;0;0.0;0;0.0;0;0.0
84;Auvergne-Rhône-Alpes;7;Ardèche;100;Photovoltaïque;3;Autoconsommation sans injection;"c-]100;250]";NON;2021-09-30;3;0.6732;1;0.2082;0;0.0
84;Auvergne-Rhône-Alpes;7;Ardèche;100;Photovoltaïque;3;Autoconsommation sans injection;"d-]250;...[";NON;2021-09-30;0;0.0;0;0.0;0;0.0
84;Auvergne-Rhône-Alpes;7;Ardèche;200;Eolien;1;Injection totale;"b-]36;100]";NON;2021-09-30;0;0.0;0;0.0;0;0.0
84;Auvergne-Rhône-Alpes;7;Ardèche;400;Bio énergie;1;Injection totale;"b-]36;100]";NON;2021-09-30;0;0.0;0;0.0;0;0.0
84;Auvergne-Rhône-Alpes;7;Ardèche;400;Bio énergie;1;Injection totale;"c-]100;250]";NON;2021-09-30;0;0.0;0;0.0;0;0.0
84;Auvergne-Rhône-Alpes;7;Ardèche;600;Autres;1;Injection totale;"c-]100;250]";NON;2021-09-30;0;0.0;0;0.0;0;0.0
84;Auvergne-Rhône-Alpes;15;Cantal;100;Photovoltaïque;2;Injection du surplus;"b-]36;100]";NON;2021-09-30;1;0.05999;0;0.0;0;0.0
84;Auvergne-Rhône-Alpes;15;Cantal;100;Photovoltaïque;3;Autoconsommation sans injection;"a-]0;36]";NON;2021-09-30;0;0.0;2;0.0078;2;0.0078
84;Auvergne-Rhône-Alpes;15;Cantal;100;Photovoltaïque;3;Autoconsommation sans injection;"d-]250;...[";NON;2021-09-30;1;0.5;0;0.0;0;0.0
84;Auvergne-Rhône-Alpes;15;Cantal;300;Hydraulique;1;Injection totale;"d-]250;...[";NON;2021-09-30;0;0.0;0;0.0;0;0.0
84;Auvergne-Rhône-Alpes;15;Cantal;400;Bio énergie;1;Injection totale;"d-]250;...[";NON;2021-09-30;0;0.0;0;0.0;0;0.0
84;Auvergne-Rhône-Alpes;26;Drôme;100;Photovoltaïque;2;Injection du surplus;"b-]36;100]";NON;2021-09-30;8;0.58295;3;0.1949;2;0.142
84;Auvergne-Rhône-Alpes;26;Drôme;400;Bio énergie;1;Injection totale;"c-]100;250]";NON;2021-09-30;0;0.0;0;0.0;0;0.0
84;Auvergne-Rhône-Alpes;26;Drôme;500;Cogénération;1;Injection totale;"c-]100;250]";NON;2021-09-30;0;0.0;0;0.0;0;0.0
84;Auvergne-Rhône-Alpes;38;Isère;100;Photovoltaïque;1;Injection totale;"b-]36;100]";NON;2021-09-30;124;11.44909;15;1.3806;13;1.21872
84;Auvergne-Rhône-Alpes;38;Isère;400;Bio énergie;1;Injection totale;"d-]250;...[";NON;2021-09-30;0;0.0;0;0.0;1;0.435
84;Auvergne-Rhône-Alpes;38;Isère;500;Cogénération;1;Injection totale;"a-]0;36]";NON;2021-09-30;0;0.0;0;0.0;0;0.0
84;Auvergne-Rhône-Alpes;38;Isère;500;Cogénération;3;Autoconsommation sans injection;"c-]100;250]";NON;2021-09-30;0;0.0;0;0.0;0;0.0
84;Auvergne-Rhône-Alpes;38;Isère;600;Autres;1;Injection totale;"b-]36;100]";NON;2021-09-30;0;0.0;0;0.0;0;0.0
84;Auvergne-Rhône-Alpes;42;Loire;100;Photovoltaïque;2;Injection du surplus;"a-]0;36]";NON;2021-09-30;150;0.77215;189;0.9364;232;1.14579
84;Auvergne-Rhône-Alpes;42;Loire;100;Photovoltaïque;2;Injection du surplus;"c-]100;250]";NON;2021-09-30;0;0.0;0;0.0;1;0.249
84;Auvergne-Rhône-Alpes;42;Loire;100;Photovoltaïque;3;Autoconsommation sans injection;"a-]0;36]";NON;2021-09-30;0;0.0;12;0.02935;12;0.02935
84;Auvergne-Rhône-Alpes;42;Loire;100;Photovoltaïque;3;Autoconsommation sans injection;"c-]100;250]";NON;2021-09-30;4;0.912;1;0.19;0;0.0
84;Auvergne-Rhône-Alpes;42;Loire;500;Cogénération;1;Injection totale;"a-]0;36]";NON;2021-09-30;1;0.0;0;0.0;0;0.0
84;Auvergne-Rhône-Alpes;43;Haute-Loire;100;Photovoltaïque;1;Injection totale;"b-]36;100]";NON;2021-09-30;113;10.26886;25;2.28288;12;1.09976
84;Auvergne-Rhône-Alpes;43;Haute-Loire;300;Hydraulique;1;Injection totale;"a-]0;36]";NON;2021-09-30;0;0.0;0;0.0;2;0.01
84;Auvergne-Rhône-Alpes;43;Haute-Loire;300;Hydraulique;1;Injection totale;"c-]100;250]";NON;2021-09-30;2;0.252;1;0.12;0;0.0
84;Auvergne-Rhône-Alpes;63;Puy-de-Dôme;100;Photovoltaïque;2;Injection du surplus;"b-]36;100]";NON;2021-09-30;5;0.34;2;0.145;1;0.06
84;Auvergne-Rhône-Alpes;63;Puy-de-Dôme;100;Photovoltaïque;2;Injection du surplus;"c-]100;250]";NON;2021-09-30;0;0.0;0;0.0;0;0.0
84;Auvergne-Rhône-Alpes;63;Puy-de-Dôme;100;Photovoltaïque;3;Autoconsommation sans injection;"c-]100;250]";NON;2021-09-30;0;0.0;0;0.0;0;0.0
84;Auvergne-Rhône-Alpes;69;Rhône;100;Photovoltaïque;1;Injection totale;"a-]0;36]";NON;2021-09-30;54;0.9754;9;0.1386;17;0.22815
84;Auvergne-Rhône-Alpes;69;Rhône;100;Photovoltaïque;1;Injection totale;"b-]36;100]";NON;2021-09-30;69;6.1156;12;1.08206;5;0.3838
84;Auvergne-Rhône-Alpes;69;Rhône;100;Photovoltaïque;1;Injection totale;"c-]100;250]";NON;2021-09-30;11;2.32196;7;1.589;1;0.25
84;Auvergne-Rhône-Alpes;69;Rhône;100;Photovoltaïque;1;Injection totale;"d-]250;...[";NON;2021-09-30;10;22.132;2;4.575;1;1.65
84;Auvergne-Rhône-Alpes;69;Rhône;100;Photovoltaïque;2;Injection du surplus;"a-]0;36]";OUI;2021-09-30;6;0.03096;1;0.006;0;0.0
84;Auvergne-Rhône-Alpes;69;Rhône;100;Photovoltaïque;3;Autoconsommation sans injection;"b-]36;100]";NON;2021-09-30;1;0.1;0;0.0;0;0.0
84;Auvergne-Rhône-Alpes;69;Rhône;100;Photovoltaïque;3;Autoconsommation sans injection;"c-]100;250]";NON;2021-09-30;4;0.826;1;0.2;0;0.0
84;Auvergne-Rhône-Alpes;69;Rhône;300;Hydraulique;1;Injection totale;"c-]100;250]";NON;2021-09-30;0;0.0;0;0.0;0;0.0
84;Auvergne-Rhône-Alpes;69;Rhône;300;Hydraulique;1;Injection totale;"d-]250;...[";NON;2021-09-30;0;0.0;0;0.0;0;0.0
84;Auvergne-Rhône-Alpes;69;Rhône;400;Bio énergie;1;Injection totale;"c-]100;250]";NON;2021-09-30;1;0.165;0;0.0;1;0.16
84;Auvergne-Rhône-Alpes;69;Rhône;500;Cogénération;1;Injection totale;"a-]0;36]";NON;2021-09-30;1;0.0;0;0.0;0;0.0
84;Auvergne-Rhône-Alpes;73;Savoie;100;Photovoltaïque;1;Injection totale;"c-]100;250]";NON;2021-09-30;9;1.93918;1;0.15;0;0.0
84;Auvergne-Rhône-Alpes;73;Savoie;500;Cogénération;1;Injection totale;"a-]0;36]";NON;2021-09-30;0;0.0;0;0.0;0;0.0
84;Auvergne-Rhône-Alpes;74;Haute-Savoie;100;Photovoltaïque;2;Injection du surplus;"b-]36;100]";NON;2021-09-30;7;0.5404;3;0.2824;0;0.0
84;Auvergne-Rhône-Alpes;74;Haute-Savoie;300;Hydraulique;1;Injection totale;"a-]0;36]";NON;2021-09-30;1;0.01602;0;0.0;0;0.0
84;Auvergne-Rhône-Alpes;74;Haute-Savoie;500;Cogénération;1;Injection totale;"d-]250;...[";NON;2021-09-30;0;0.0;0;0.0;0;0.0
84;Auvergne-Rhône-Alpes;1;Ain;100;Photovoltaïque;2;Injection du surplus;"a-]0;36]";OUI;2021-12-31;5;0.02655;7;0.03635;3;0.0116
84;Auvergne-Rhône-Alpes;1;Ain;300;Hydraulique;1;Injection totale;"a-]0;36]";NON;2021-12-31;1;0.012;0;0.0;0;0.0
84;Auvergne-Rhône-Alpes;3;Allier;100;Photovoltaïque;2;Injection du surplus;"a-]0;36]";OUI;2021-12-31;1;0.003;2;0.006;1;0.003
84;Auvergne-Rhône-Alpes;3;Allier;100;Photovoltaïque;2;Injection du surplus;"c-]100;250]";NON;2021-12-31;1;0.25;1;0.25;0;0.0
84;Auvergne-Rhône-Alpes;3;Allier;100;Photovoltaïque;3;Autoconsommation sans injection;"b-]36;100]";NON;2021-12-31;2;0.08428;0;0.0;0;0.0
84;Auvergne-Rhône-Alpes;3;Allier;200;Eolien;1;Injection totale;"a-]0;36]";NON;2021-12-31;0;0.0;0;0.0;0;0.0
84;Auvergne-Rhône-Alpes;3;Allier;300;Hydraulique;1;Injection totale;"a-]0;36]";NON;2021-12-31;0;0.0;0;0.0;0;0.0
84;Auvergne-Rhône-Alpes;3;Allier;300;Hydraulique;2;Injection du surplus;"a-]0;36]";NON;2021-12-31;0;0.0;0;0.0;0;0.0
84;Auvergne-Rhône-Alpes;7;Ardèche;100;Photovoltaïque;3;Autoconsommation sans injection;"a-]0;36]";NON;2021-12-31;0;0.0;21;0.0569;21;0.0569
84;Auvergne-Rhône-Alpes;7;Ardèche;100;Photovoltaïque;3;Autoconsommation sans injection;"a-]0;36]";OUI;2021-12-31;0;0.0;1;0.00142;1;0.00142
84;Auvergne-Rhône-Alpes;7;Ardèche;300;Hydraulique;1;Injection totale;"b-]36;100]";NON;2021-12-31;3;0.289;0;0.0;0;0.0
84;Auvergne-Rhône-Alpes;7;Ardèche;400;Bio énergie;1;Injection totale;"d-]250;...[";NON;2021-12-31;0;0.0;0;0.0;0;0.0
84;Auvergne-Rhône-Alpes;7;Ardèche;500;Cogénération;1;Injection totale;"a-]0;36]";NON;2021-12-31;0;0.0;0;0.0;0;0.0
84;Auvergne-Rhône-Alpes;7;Ardèche;600;Autres;1;Injection totale;"b-]36;100]";NON;2021-12-31;0;0.0;0;0.0;0;0.0
84;Auvergne-Rhône-Alpes;15;Cantal;100;Photovoltaïque;2;Injection du surplus;"b-]36;100]";NON;2021-12-31;0;0.0;0;0.0;1;0.05999
84;Auvergne-Rhône-Alpes;15;Cantal;200;Eolien;1;Injection totale;"a-]0;36]";NON;2021-12-31;0;0.0;0;0.0;0;0.0
84;Auvergne-Rhône-Alpes;26;Drôme;100;Photovoltaïque;3;Autoconsommation sans injection;"c-]100;250]";NON;2021-12-31;2;0.448;0;0.0;1;0.22
84;Auvergne-Rhône-Alpes;26;Drôme;300;Hydraulique;1;Injection totale;"a-]0;36]";NON;2021-12-31;0;0.0;0;0.0;0;0.0
84;Auvergne-Rhône-Alpes;26;Drôme;300;Hydraulique;1;Injection totale;"c-]100;250]";NON;2021-12-31;3;0.4415;2;0.3115;0;0.0
84;Auvergne-Rhône-Alpes;26;Drôme;400;Bio énergie;1;Injection totale;"c-]100;250]";NON;2021-12-31;0;0.0;0;0.0;0;0.0
84;Auvergne-Rhône-Alpes;26;Drôme;400;Bio énergie;1;Injection totale;"d-]250;...[";NON;2021-12-31;0;0.0;0;0.0;0;0.0
84;Auvergne-Rhône-Alpes;26;Drôme;500;Cogénération;1;Injection totale;"d-]250;...[";NON;2021-12-31;1;0.99;0;0.0;1;0.974
84;Auvergne-Rhône-Alpes;26;Drôme;600;Autres;1;Injection totale;"b-]36;100]";NON;2021-12-31;0;0.0;0;0.0;0;0.0
84;Auvergne-Rhône-Alpes;26;Drôme;600;Autres;1;Injection totale;"d-]250;...[";NON;2021-12-31;0;0.0;0;0.0;0;0.0
84;Auvergne-Rhône-Alpes;38;Isère;100;Photovoltaïque;2;Injection du surplus;"b-]36;100]";OUI;2021-12-31;1;0.05;0;0.0;0;0.0
84;Auvergne-Rhône-Alpes;38;Isère;100;Photovoltaïque;3;Autoconsommation sans injection;"a-]0;36]";NON;2021-12-31;0;0.0;35;0.12264;35;0.12264
84;Auvergne-Rhône-Alpes;38;Isère;100;Photovoltaïque;3;Autoconsommation sans injection;"c-]100;250]";NON;2021-12-31;9;1.732;1;0.22;0;0.0
84;Auvergne-Rhône-Alpes;38;Isère;200;Eolien;1;Injection totale;"a-]0;36]";NON;2021-12-31;0;0.0;0;0.0;0;0.0
84;Auvergne-Rhône-Alpes;38;Isère;500;Cogénération;3;Autoconsommation sans injection;"c-]100;250]";NON;2021-12-31;0;0.0;0;0.0;0;0.0
84;Auvergne-Rhône-Alpes;42;Loire;300;Hydraulique;1;Injection totale;"d-]250;...[";NON;2021-12-31;1;0.979;0;0.0;0;0.0
84;Auvergne-Rhône-Alpes;42;Loire;500;Cogénération;1;Injection totale;"c-]100;250]";NON;2021-12-31;0;0.0;0;0.0;0;0.0
84;Auvergne-Rhône-Alpes;43;Haute-Loire;100;Photovoltaïque;3;Autoconsommation sans injection;"b-]36;100]";NON;2021-12-31;0;0.0;0;0.0;1;0.04905
84;Auvergne-Rhône-Alpes;43;Haute-Loire;100;Photovoltaïque;3;Autoconsommation sans injection;"c-]100;250]";NON;2021-12-31;1;0.238;1;0.238;0;0.0
84;Auvergne-Rhône-Alpes;43;Haute-Loire;200;Eolien;1;Injection totale;"d-]250;...[";NON;2021-12-31;0;0.0;0;0.0;0;0.0
84;Auvergne-Rhône-Alpes;43;Haute-Loire;300;Hydraulique;1;Injection totale;"a-]0;36]";NON;2021-12-31;0;0.0;0;0.0;0;0.0
84;Auvergne-Rhône-Alpes;43;Haute-Loire;300;Hydraulique;1;Injection totale;"b-]36;100]";NON;2021-12-31;3;0.244;0;0.0;0;0.0
84;Auvergne-Rhône-Alpes;63;Puy-de-Dôme;100;Photovoltaïque;1;Injection totale;"b-]36;100]";NON;2021-12-31;203;18.86172;23;2.15448;26;2.41219
84;Auvergne-Rhône-Alpes;63;Puy-de-Dôme;100;Photovoltaïque;2;Injection du surplus;"c-]100;250]";NON;2021-12-31;1;0.1232;1;0.1232;0;0.0
84;Auvergne-Rhône-Alpes;63;Puy-de-Dôme;100;Photovoltaïque;3;Autoconsommation sans injection;"b-]36;100]";NON;2021-12-31;0;0.0;0;0.0;0;0.0
84;Auvergne-Rhône-Alpes;63;Puy-de-Dôme;200;Eolien;1;Injection totale;"d-]250;...[";NON;2021-12-31;3;45.6;0;0.0;1;12.0
84;Auvergne-Rhône-Alpes;63;Puy-de-Dôme;300;Hydraulique;1;Injection totale;"c-]100;250]";NON;2021-12-31;0;0.0;0;0.0;0;0.0
84;Auvergne-Rhône-Alpes;63;Puy-de-Dôme;300;Hydraulique;2;Injection du surplus;"c-]100;250]";NON;2021-12-31;0;0.0;0;0.0;0;0.0
84;Auvergne-Rhône-Alpes;69;Rhône;100;Photovoltaïque;2;Injection du surplus;"a-]0;36]";NON;2021-12-31;250;1.28448;325;1.5013;290;1.39643
84;Auvergne-Rhône-Alpes;69;Rhône;100;Photovoltaïque;2;Injection du surplus;"b-]36;100]";NON;2021-12-31;14;0.82292;6;0.37972;3;0.2056
84;Auvergne-Rhône-Alpes;69;Rhône;600;Autres;1;Injection totale;"a-]0;36]";NON;2021-12-31;0;0.0;0;0.0;0;0.0
84;Auvergne-Rhône-Alpes;73;Savoie;100;Photovoltaïque;1;Injection totale;"c-]100;250]";NON;2021-12-31;11;2.40548;3;0.6163;1;0.15
84;Auvergne-Rhône-Alpes;73;Savoie;100;Photovoltaïque;1;Injection totale;"d-]250;...[";NON;2021-12-31;0;0.0;0;0.0;0;0.0
84;Auvergne-Rhône-Alpes;73;Savoie;100;Photovoltaïque;2;Injection du surplus;"c-]100;250]";OUI;2021-12-31;2;0.22173;1;0.10713;0;0.0
84;Auvergne-Rhône-Alpes;73;Savoie;300;Hydraulique;1;Injection totale;"c-]100;250]";NON;2021-12-31;0;0.0;0;0.0;0;0.0
84;Auvergne-Rhône-Alpes;73;Savoie;300;Hydraulique;2;Injection du surplus;"d-]250;...[";NON;2021-12-31;1;0.999;0;0.0;0;0.0
84;Auvergne-Rhône-Alpes;73;Savoie;400;Bio énergie;1;Injection totale;"c-]100;250]";NON;2021-12-31;0;0.0;0;0.0;0;0.0
84;Auvergne-Rhône-Alpes;74;Haute-Savoie;100;Photovoltaïque;1;Injection totale;"b-]36;100]";NON;2021-12-31;12;0.9802;1;0.066;1;0.098
84;Auvergne-Rhône-Alpes;74;Haute-Savoie;300;Hydraulique;2;Injection du surplus;"d-]250;...[";NON;2021-12-31;0;0.0;0;0.0;0;0.0
84;Auvergne-Rhône-Alpes;74;Haute-Savoie;550;Stockage hors hydraulique;2;Injection du surplus;"d-]250;...[";OUI;2021-12-31;1;1.25;0;0.0;0;0.0
84;Auvergne-Rhône-Alpes;74;Haute-Savoie;600;Autres;1;Injection totale;"c-]100;250]";NON;2021-12-31;0;0.0;0;0.0;0;0.0
84;Auvergne-Rhône-Alpes;1;Ain;100;Photovoltaïque;2;Injection du surplus;"a-]0;36]";OUI;2022-03-31;6;0.03075;4;0.01725;2;0.01125
84;Auvergne-Rhône-Alpes;1;Ain;300;Hydraulique;2;Injection du surplus;"a-]0;36]";NON;2022-03-31;0;0.0;0;0.0;0;0.0
84;Auvergne-Rhône-Alpes;1;Ain;400;Bio énergie;1;Injection totale;"b-]36;100]";NON;2022-03-31;1;0.047;0;0.0;0;0.0
84;Auvergne-Rhône-Alpes;1;Ain;400;Bio énergie;2;Injection du surplus;"a-]0;36]";NON;2022-03-31;0;0.0;0;0.0;0;0.0
84;Auvergne-Rhône-Alpes;1;Ain;600;Autres;2;Injection du surplus;"a-]0;36]";NON;2022-03-31;0;0.0;0;0.0;0;0.0
84;Auvergne-Rhône-Alpes;3;Allier;200;Eolien;2;Injection du surplus;"a-]0;36]";NON;2022-03-31;0;0.0;0;0.0;0;0.0
84;Auvergne-Rhône-Alpes;3;Allier;300;Hydraulique;1;Injection totale;"b-]36;100]";NON;2022-03-31;0;0.0;0;0.0;0;0.0
84;Auvergne-Rhône-Alpes;3;Allier;400;Bio énergie;1;Injection totale;"d-]250;...[";NON;2022-03-31;0;0.0;0;0.0;0;0.0
84;Auvergne-Rhône-Alpes;7;Ardèche;100;Photovoltaïque;2;Injection du surplus;"d-]250;...[";NON;2022-03-31;1;0.37044;0;0.0;0;0.0
84;Auvergne-Rhône-Alpes;7;Ardèche;100;Photovoltaïque;3;Autoconsommation sans injection;"a-]0;36]";OUI;2022-03-31;0;0.0;0;0.0;0;0.0
84;Auvergne-Rhône-Alpes;7;Ardèche;300;Hydraulique;1;Injection totale;"c-]100;250]";NON;2022-03-31;1;0.23;0;0.0;0;0.0
84;Auvergne-Rhône-Alpes;7;Ardèche;400;Bio énergie;1;Injection totale;"c-]100;250]";NON;2022-03-31;0;0.0;0;0.0;0;0.0
84;Auvergne-Rhône-Alpes;7;Ardèche;400;Bio énergie;1;Injection totale;"d-]250;...[";NON;2022-03-31;0;0.0;0;0.0;0;0.0
84;Auvergne-Rhône-Alpes;7;Ardèche;550;Stockage hors hydraulique;1;Injection totale;"d-]250;...[";OUI;2022-03-31;0;0.0;0;0.0;0;0.0
84;Auvergne-Rhône-Alpes;15;Cantal;300;Hydraulique;1;Injection totale;"a-]0;36]";NON;2022-03-31;0;0.0;0;0.0;2;0.0435
84;Auvergne-Rhône-Alpes;15;Cantal;550;Stockage hors hydraulique;2;Injection du surplus;"d-]250;...[";OUI;2022-03-31;1;1.25;0;0.0;0;0.0
84;Auvergne-Rhône-Alpes;26;Drôme;100;Photovoltaïque;3;Autoconsommation sans injection;"b-]36;100]";NON;2022-03-31;1;0.04428;0;0.0;1;0.0759
84;Auvergne-Rhône-Alpes;26;Drôme;400;Bio énergie;1;Injection totale;"b-]36;100]";NON;2022-03-31;0;0.0;0;0.0;0;0.0
84;Auvergne-Rhône-Alpes;38;Isère;100;Photovoltaïque;2;Injection du surplus;"b-]36;100]";NON;2022-03-31;10;0.7605;5;0.3576;2;0.1543
84;Auvergne-Rhône-Alpes;38;Isère;100;Photovoltaïque;3;Autoconsommation sans injection;"a-]0;36]";OUI;2022-03-31;0;0.0;0;0.0;0;0.0
84;Auvergne-Rhône-Alpes;38;Isère;100;Photovoltaïque;3;Autoconsommation sans injection;"c-]100;250]";OUI;2022-03-31;0;0.0;0;0.0;0;0.0
84;Auvergne-Rhône-Alpes;38;Isère;600;Autres;1;Injection totale;"b-]36;100]";NON;2022-03-31;0;0.0;0;0.0;0;0.0
84;Auvergne-Rhône-Alpes;42;Loire;100;Photovoltaïque;1;Injection totale;"d-]250;...[";NON;2022-03-31;6;11.844;0;0.0;1;4.25
84;Auvergne-Rhône-Alpes;42;Loire;200;Eolien;2;Injection du surplus;"a-]0;36]";NON;2022-03-31;1;0.003;0;0.0;0;0.0
84;Auvergne-Rhône-Alpes;42;Loire;500;Cogénération;1;Injection totale;"b-]36;100]";NON;2022-03-31;0;0.0;0;0.0;0;0.0
84;Auvergne-Rhône-Alpes;42;Loire;500;Cogénération;1;Injection totale;"d-]250;...[";NON;2022-03-31;0;0.0;0;0.0;0;0.0
84;Auvergne-Rhône-Alpes;42;Loire;550;Stockage hors hydraulique;2;Injection du surplus;"d-]250;...[";OUI;2022-03-31;6;7.5;6;7.5;0;0.0
84;Auvergne-Rhône-Alpes;43;Haute-Loire;100;Photovoltaïque;2;Injection du surplus;"c-]100;250]";NON;2022-03-31;1;0.11;1;0.11;0;0.0
84;Auvergne-Rhône-Alpes;43;Haute-Loire;400;Bio énergie;1;Injection totale;"b-]36;100]";NON;2022-03-31;0;0.0;0;0.0;0;0.0
84;Auvergne-Rhône-Alpes;63;Puy-de-Dôme;100;Photovoltaïque;2;Injection du surplus;"a-]0;36]";OUI;2022-03-31;2;0.021;3;0.0264;1;0.0054
84;Auvergne-Rhône-Alpes;63;Puy-de-Dôme;100;Photovoltaïque;2;Injection du surplus;"b-]36;100]";NON;2022-03-31;5;0.2926;2;0.1326;2;0.18
84;Auvergne-Rhône-Alpes;63;Puy-de-Dôme;100;Photovoltaïque;2;Injection du surplus;"d-]250;...[";NON;2022-03-31;1;0.3365;0;0.0;0;0.0
84;Auvergne-Rhône-Alpes;63;Puy-de-Dôme;100;Photovoltaïque;3;Autoconsommation sans injection;"d-]250;...[";NON;2022-03-31;0;0.0;0;0.0;1;0.3
84;Auvergne-Rhône-Alpes;63;Puy-de-Dôme;300;Hydraulique;1;Injection totale;"b-]36;100]";OUI;2022-03-31;1;0.068;0;0.0;0;0.0
84;Auvergne-Rhône-Alpes;63;Puy-de-Dôme;300;Hydraulique;1;Injection totale;"c-]100;250]";NON;2022-03-31;0;0.0;0;0.0;0;0.0
84;Auvergne-Rhône-Alpes;63;Puy-de-Dôme;300;Hydraulique;2;Injection du surplus;"b-]36;100]";NON;2022-03-31;0;0.0;0;0.0;0;0.0
84;Auvergne-Rhône-Alpes;63;Puy-de-Dôme;400;Bio énergie;1;Injection totale;"d-]250;...[";NON;2022-03-31;2;0.949;0;0.0;0;0.0
84;Auvergne-Rhône-Alpes;69;Rhône;100;Photovoltaïque;2;Injection du surplus;"d-]250;...[";NON;2022-03-31;1;0.396;0;0.0;0;0.0
84;Auvergne-Rhône-Alpes;69;Rhône;100;Photovoltaïque;3;Autoconsommation sans injection;"a-]0;36]";OUI;2022-03-31;0;0.0;0;0.0;0;0.0
84;Auvergne-Rhône-Alpes;69;Rhône;100;Photovoltaïque;3;Autoconsommation sans injection;"c-]100;250]";NON;2022-03-31;1;0.2499;1;0.2499;3;0.626
84;Auvergne-Rhône-Alpes;69;Rhône;500;Cogénération;3;Autoconsommation sans injection;"c-]100;250]";NON;2022-03-31;0;0.0;0;0.0;0;0.0
84;Auvergne-Rhône-Alpes;69;Rhône;500;Cogénération;3;Autoconsommation sans injection;"d-]250;...[";NON;2022-03-31;0;0.0;0;0.0;0;0.0
84;Auvergne-Rhône-Alpes;69;Rhône;600;Autres;1;Injection totale;"a-]0;36]";NON;2022-03-31;0;0.0;0;0.0;0;0.0
84;Auvergne-Rhône-Alpes;73;Savoie;100;Photovoltaïque;3;Autoconsommation sans injection;"a-]0;36]";OUI;2022-03-31;0;0.0;0;0.0;0;0.0
84;Auvergne-Rhône-Alpes;73;Savoie;550;Stockage hors hydraulique;1;Injection totale;"a-]0;36]";OUI;2022-03-31;1;0.0;0;0.0;0;0.0
84;Auvergne-Rhône-Alpes;74;Haute-Savoie;100;Photovoltaïque;2;Injection du surplus;"a-]0;36]";NON;2022-03-31;218;1.13707;203;0.98641;181;0.84823
84;Auvergne-Rhône-Alpes;74;Haute-Savoie;100;Photovoltaïque;2;Injection du surplus;"b-]36;100]";NON;2022-03-31;8;0.6606;3;0.2362;1;0.056
84;Auvergne-Rhône-Alpes;74;Haute-Savoie;400;Bio énergie;1;Injection totale;"a-]0;36]";NON;2022-03-31;0;0.0;0;0.0;0;0.0
84;Auvergne-Rhône-Alpes;74;Haute-Savoie;500;Cogénération;1;Injection totale;"c-]100;250]";NON;2022-03-31;0;0.0;0;0.0;0;0.0
84;Auvergne-Rhône-Alpes;74;Haute-Savoie;500;Cogénération;1;Injection totale;"d-]250;...[";NON;2022-03-31;0;0.0;0;0.0;0;0.0
84;Auvergne-Rhône-Alpes;1;Ain;100;Photovoltaïque;3;Autoconsommation sans injection;"a-]0;36]";OUI;2021-06-30;0;0.0;0;0.0;0;0.0
84;Auvergne-Rhône-Alpes;1;Ain;300;Hydraulique;1;Injection totale;"b-]36;100]";NON;2021-06-30;1;0.09;0;0.0;0;0.0
84;Auvergne-Rhône-Alpes;1;Ain;300;Hydraulique;1;Injection totale;"d-]250;...[";NON;2021-06-30;0;0.0;0;0.0;0;0.0
84;Auvergne-Rhône-Alpes;3;Allier;100;Photovoltaïque;1;Injection totale;"a-]0;36]";OUI;2021-06-30;0;0.0;0;0.0;0;0.0
84;Auvergne-Rhône-Alpes;3;Allier;200;Eolien;2;Injection du surplus;"a-]0;36]";NON;2021-06-30;0;0.0;0;0.0;0;0.0
84;Auvergne-Rhône-Alpes;3;Allier;300;Hydraulique;1;Injection totale;"d-]250;...[";NON;2021-06-30;2;3.66;1;3.4;1;0.36
84;Auvergne-Rhône-Alpes;3;Allier;400;Bio énergie;1;Injection totale;"c-]100;250]";NON;2021-06-30;2;0.36;0;0.0;0;0.0
84;Auvergne-Rhône-Alpes;3;Allier;600;Autres;1;Injection totale;"a-]0;36]";NON;2021-06-30;0;0.0;0;0.0;0;0.0
84;Auvergne-Rhône-Alpes;7;Ardèche;100;Photovoltaïque;1;Injection totale;"d-]250;...[";NON;2021-06-30;8;21.42;0;0.0;0;0.0
84;Auvergne-Rhône-Alpes;7;Ardèche;200;Eolien;1;Injection totale;"a-]0;36]";NON;2021-06-30;0;0.0;0;0.0;0;0.0
84;Auvergne-Rhône-Alpes;7;Ardèche;400;Bio énergie;1;Injection totale;"c-]100;250]";NON;2021-06-30;0;0.0;0;0.0;0;0.0
84;Auvergne-Rhône-Alpes;15;Cantal;600;Autres;2;Injection du surplus;"a-]0;36]";NON;2021-06-30;1;0.001;0;0.0;0;0.0
84;Auvergne-Rhône-Alpes;26;Drôme;100;Photovoltaïque;2;Injection du surplus;"b-]36;100]";NON;2021-06-30;7;0.53005;2;0.147;3;0.19302
84;Auvergne-Rhône-Alpes;26;Drôme;100;Photovoltaïque;3;Autoconsommation sans injection;"b-]36;100]";NON;2021-06-30;2;0.12018;1;0.04428;1;0.065
84;Auvergne-Rhône-Alpes;26;Drôme;300;Hydraulique;1;Injection totale;"a-]0;36]";NON;2021-06-30;0;0.0;0;0.0;0;0.0
84;Auvergne-Rhône-Alpes;26;Drôme;400;Bio énergie;1;Injection totale;"c-]100;250]";NON;2021-06-30;0;0.0;0;0.0;0;0.0
84;Auvergne-Rhône-Alpes;26;Drôme;600;Autres;2;Injection du surplus;"d-]250;...[";NON;2021-06-30;0;0.0;0;0.0;0;0.0
84;Auvergne-Rhône-Alpes;38;Isère;100;Photovoltaïque;1;Injection totale;"b-]36;100]";NON;2021-06-30;123;11.35827;33;3.0649;13;1.2386
84;Auvergne-Rhône-Alpes;38;Isère;100;Photovoltaïque;1;Injection totale;"c-]100;250]";NON;2021-06-30;33;7.2058;2;0.494;1;0.249
84;Auvergne-Rhône-Alpes;38;Isère;100;Photovoltaïque;3;Autoconsommation sans injection;"c-]100;250]";NON;2021-06-30;8;1.442;5;0.756;2;0.37
84;Auvergne-Rhône-Alpes;38;Isère;300;Hydraulique;1;Injection totale;"d-]250;...[";NON;2021-06-30;8;19.83;0;0.0;0;0.0
84;Auvergne-Rhône-Alpes;38;Isère;400;Bio énergie;1;Injection totale;"c-]100;250]";NON;2021-06-30;0;0.0;0;0.0;0;0.0
84;Auvergne-Rhône-Alpes;38;Isère;500;Cogénération;3;Autoconsommation sans injection;"c-]100;250]";NON;2021-06-30;0;0.0;0;0.0;0;0.0
84;Auvergne-Rhône-Alpes;38;Isère;550;Stockage hors hydraulique;2;Injection du surplus;"d-]250;...[";OUI;2021-06-30;2;2.5;2;2.5;0;0.0
84;Auvergne-Rhône-Alpes;38;Isère;600;Autres;1;Injection totale;"a-]0;36]";NON;2021-06-30;0;0.0;0;0.0;0;0.0
84;Auvergne-Rhône-Alpes;42;Loire;300;Hydraulique;2;Injection du surplus;"a-]0;36]";NON;2021-06-30;1;0.015;1;0.015;0;0.0
84;Auvergne-Rhône-Alpes;42;Loire;500;Cogénération;1;Injection totale;"a-]0;36]";NON;2021-06-30;1;0.0;0;0.0;0;0.0
84;Auvergne-Rhône-Alpes;42;Loire;500;Cogénération;1;Injection totale;"d-]250;...[";NON;2021-06-30;0;0.0;0;0.0;0;0.0
84;Auvergne-Rhône-Alpes;43;Haute-Loire;100;Photovoltaïque;3;Autoconsommation sans injection;"b-]36;100]";NON;2021-06-30;1;0.04905;0;0.0;0;0.0
84;Auvergne-Rhône-Alpes;63;Puy-de-Dôme;200;Eolien;1;Injection totale;"a-]0;36]";NON;2021-06-30;0;0.0;0;0.0;0;0.0
84;Auvergne-Rhône-Alpes;63;Puy-de-Dôme;200;Eolien;1;Injection totale;"d-]250;...[";NON;2021-06-30;4;47.337;1;5.337;0;0.0
84;Auvergne-Rhône-Alpes;63;Puy-de-Dôme;300;Hydraulique;1;Injection totale;"a-]0;36]";NON;2021-06-30;1;0.0075;0;0.0;0;0.0
84;Auvergne-Rhône-Alpes;63;Puy-de-Dôme;300;Hydraulique;1;Injection totale;"d-]250;...[";NON;2021-06-30;0;0.0;0;0.0;0;0.0
84;Auvergne-Rhône-Alpes;63;Puy-de-Dôme;400;Bio énergie;1;Injection totale;"b-]36;100]";NON;2021-06-30;0;0.0;0;0.0;0;0.0
84;Auvergne-Rhône-Alpes;69;Rhône;100;Photovoltaïque;1;Injection totale;"a-]0;36]";NON;2021-06-30;59;0.98605;14;0.25015;14;0.1696
84;Auvergne-Rhône-Alpes;69;Rhône;400;Bio énergie;1;Injection totale;"c-]100;250]";NON;2021-06-30;2;0.325;0;0.0;0;0.0
84;Auvergne-Rhône-Alpes;69;Rhône;500;Cogénération;3;Autoconsommation sans injection;"c-]100;250]";NON;2021-06-30;0;0.0;0;0.0;0;0.0
84;Auvergne-Rhône-Alpes;73;Savoie;100;Photovoltaïque;1;Injection totale;"b-]36;100]";NON;2021-06-30;12;1.08224;0;0.0;3;0.2748
84;Auvergne-Rhône-Alpes;73;Savoie;100;Photovoltaïque;2;Injection du surplus;"a-]0;36]";OUI;2021-06-30;4;0.0212;1;0.003;0;0.0
84;Auvergne-Rhône-Alpes;73;Savoie;100;Photovoltaïque;3;Autoconsommation sans injection;"c-]100;250]";NON;2021-06-30;1;0.146;0;0.0;0;0.0
84;Auvergne-Rhône-Alpes;73;Savoie;300;Hydraulique;1;Injection totale;"b-]36;100]";NON;2021-06-30;0;0.0;0;0.0;0;0.0
84;Auvergne-Rhône-Alpes;74;Haute-Savoie;100;Photovoltaïque;1;Injection totale;"d-]250;...[";NON;2021-06-30;2;0.9898;1;0.49;2;2.085
84;Auvergne-Rhône-Alpes;74;Haute-Savoie;100;Photovoltaïque;2;Injection du surplus;"b-]36;100]";NON;2021-06-30;4;0.258;0;0.0;0;0.0
84;Auvergne-Rhône-Alpes;74;Haute-Savoie;300;Hydraulique;1;Injection totale;"b-]36;100]";NON;2021-06-30;0;0.0;0;0.0;0;0.0
84;Auvergne-Rhône-Alpes;1;Ain;100;Photovoltaïque;3;Autoconsommation sans injection;"d-]250;...[";NON;2021-12-31;0;0.0;0;0.0;0;0.0
84;Auvergne-Rhône-Alpes;1;Ain;200;Eolien;1;Injection totale;"a-]0;36]";NON;2021-12-31;0;0.0;0;0.0;0;0.0
84;Auvergne-Rhône-Alpes;1;Ain;400;Bio énergie;1;Injection totale;"d-]250;...[";NON;2021-12-31;0;0.0;0;0.0;0;0.0
84;Auvergne-Rhône-Alpes;1;Ain;500;Cogénération;1;Injection totale;"a-]0;36]";NON;2021-12-31;0;0.0;0;0.0;0;0.0
84;Auvergne-Rhône-Alpes;1;Ain;500;Cogénération;1;Injection totale;"d-]250;...[";NON;2021-12-31;1;0.8;0;0.0;0;0.0
84;Auvergne-Rhône-Alpes;1;Ain;600;Autres;1;Injection totale;"c-]100;250]";NON;2021-12-31;0;0.0;0;0.0;0;0.0
84;Auvergne-Rhône-Alpes;1;Ain;600;Autres;2;Injection du surplus;"a-]0;36]";NON;2021-12-31;0;0.0;0;0.0;0;0.0
84;Auvergne-Rhône-Alpes;3;Allier;100;Photovoltaïque;1;Injection totale;"a-]0;36]";OUI;2021-12-31;0;0.0;0;0.0;0;0.0
84;Auvergne-Rhône-Alpes;3;Allier;100;Photovoltaïque;1;Injection totale;"b-]36;100]";NON;2021-12-31;372;34.19575;43;3.93285;40;3.6892
84;Auvergne-Rhône-Alpes;3;Allier;300;Hydraulique;1;Injection totale;"b-]36;100]";NON;2021-12-31;0;0.0;0;0.0;0;0.0
84;Auvergne-Rhône-Alpes;3;Allier;400;Bio énergie;1;Injection totale;"b-]36;100]";NON;2021-12-31;1;0.05;1;0.05;0;0.0
84;Auvergne-Rhône-Alpes;3;Allier;500;Cogénération;1;Injection totale;"a-]0;36]";NON;2021-12-31;0;0.0;0;0.0;0;0.0
84;Auvergne-Rhône-Alpes;3;Allier;600;Autres;1;Injection totale;"a-]0;36]";NON;2021-12-31;0;0.0;0;0.0;0;0.0
84;Auvergne-Rhône-Alpes;7;Ardèche;100;Photovoltaïque;1;Injection totale;"d-]250;...[";NON;2021-12-31;4;10.26;0;0.0;2;4.16
84;Auvergne-Rhône-Alpes;7;Ardèche;200;Eolien;1;Injection totale;"b-]36;100]";NON;2021-12-31;0;0.0;0;0.0;0;0.0
84;Auvergne-Rhône-Alpes;7;Ardèche;550;Stockage hors hydraulique;1;Injection totale;"d-]250;...[";OUI;2021-12-31;0;0.0;0;0.0;0;0.0
84;Auvergne-Rhône-Alpes;15;Cantal;100;Photovoltaïque;1;Injection totale;"a-]0;36]";NON;2021-12-31;18;0.357;2;0.028;9;0.009
84;Auvergne-Rhône-Alpes;15;Cantal;100;Photovoltaïque;3;Autoconsommation sans injection;"a-]0;36]";OUI;2021-12-31;0;0.0;0;0.0;0;0.0
84;Auvergne-Rhône-Alpes;26;Drôme;100;Photovoltaïque;1;Injection totale;"a-]0;36]";NON;2021-12-31;64;1.0305;8;0.1212;5;0.11
84;Auvergne-Rhône-Alpes;26;Drôme;100;Photovoltaïque;2;Injection du surplus;"c-]100;250]";NON;2021-12-31;2;0.4399;2;0.4399;0;0.0
84;Auvergne-Rhône-Alpes;26;Drôme;100;Photovoltaïque;3;Autoconsommation sans injection;"a-]0;36]";NON;2021-12-31;0;0.0;18;0.08002;18;0.08002
84;Auvergne-Rhône-Alpes;26;Drôme;100;Photovoltaïque;3;Autoconsommation sans injection;"d-]250;...[";NON;2021-12-31;2;0.902;0;0.0;0;0.0
84;Auvergne-Rhône-Alpes;26;Drôme;500;Cogénération;1;Injection totale;"a-]0;36]";NON;2021-12-31;0;0.0;0;0.0;0;0.0
84;Auvergne-Rhône-Alpes;38;Isère;100;Photovoltaïque;2;Injection du surplus;"a-]0;36]";OUI;2021-12-31;5;0.02728;6;0.04268;3;0.0207
84;Auvergne-Rhône-Alpes;38;Isère;200;Eolien;1;Injection totale;"d-]250;...[";NON;2021-12-31;3;32.6;0;0.0;0;0.0
84;Auvergne-Rhône-Alpes;38;Isère;300;Hydraulique;1;Injection totale;"b-]36;100]";NON;2021-12-31;0;0.0;0;0.0;0;0.0
84;Auvergne-Rhône-Alpes;38;Isère;300;Hydraulique;1;Injection totale;"d-]250;...[";NON;2021-12-31;8;19.83;0;0.0;0;0.0
84;Auvergne-Rhône-Alpes;38;Isère;500;Cogénération;1;Injection totale;"a-]0;36]";NON;2021-12-31;0;0.0;0;0.0;0;0.0
84;Auvergne-Rhône-Alpes;38;Isère;600;Autres;2;Injection du surplus;"c-]100;250]";NON;2021-12-31;1;0.24;0;0.0;0;0.0
84;Auvergne-Rhône-Alpes;42;Loire;100;Photovoltaïque;2;Injection du surplus;"b-]36;100]";NON;2021-12-31;2;0.1806;2;0.1806;1;0.1
84;Auvergne-Rhône-Alpes;42;Loire;100;Photovoltaïque;2;Injection du surplus;"d-]250;...[";NON;2021-12-31;0;0.0;0;0.0;0;0.0
84;Auvergne-Rhône-Alpes;42;Loire;300;Hydraulique;2;Injection du surplus;"d-]250;...[";NON;2021-12-31;0;0.0;0;0.0;0;0.0
84;Auvergne-Rhône-Alpes;42;Loire;400;Bio énergie;1;Injection totale;"b-]36;100]";NON;2021-12-31;1;0.049;0;0.0;0;0.0
84;Auvergne-Rhône-Alpes;42;Loire;500;Cogénération;1;Injection totale;"a-]0;36]";NON;2021-12-31;1;0.0;0;0.0;0;0.0
84;Auvergne-Rhône-Alpes;43;Haute-Loire;100;Photovoltaïque;3;Autoconsommation sans injection;"a-]0;36]";OUI;2021-12-31;0;0.0;1;0.0039;1;0.0039
84;Auvergne-Rhône-Alpes;43;Haute-Loire;300;Hydraulique;1;Injection totale;"c-]100;250]";NON;2021-12-31;2;0.252;0;0.0;0;0.0
84;Auvergne-Rhône-Alpes;43;Haute-Loire;500;Cogénération;1;Injection totale;"d-]250;...[";NON;2021-12-31;0;0.0;0;0.0;0;0.0
84;Auvergne-Rhône-Alpes;63;Puy-de-Dôme;100;Photovoltaïque;3;Autoconsommation sans injection;"a-]0;36]";OUI;2021-12-31;0;0.0;0;0.0;0;0.0
84;Auvergne-Rhône-Alpes;63;Puy-de-Dôme;200;Eolien;1;Injection totale;"a-]0;36]";NON;2021-12-31;0;0.0;0;0.0;0;0.0
84;Auvergne-Rhône-Alpes;63;Puy-de-Dôme;400;Bio énergie;1;Injection totale;"b-]36;100]";NON;2021-12-31;0;0.0;0;0.0;0;0.0
84;Auvergne-Rhône-Alpes;63;Puy-de-Dôme;600;Autres;1;Injection totale;"a-]0;36]";NON;2021-12-31;0;0.0;0;0.0;0;0.0
84;Auvergne-Rhône-Alpes;69;Rhône;100;Photovoltaïque;2;Injection du surplus;"a-]0;36]";OUI;2021-12-31;6;0.024;4;0.024;3;0.02796
84;Auvergne-Rhône-Alpes;69;Rhône;100;Photovoltaïque;3;Autoconsommation sans injection;"c-]100;250]";NON;2021-12-31;3;0.626;0;0.0;1;0.2
84;Auvergne-Rhône-Alpes;69;Rhône;300;Hydraulique;1;Injection totale;"c-]100;250]";NON;2021-12-31;0;0.0;0;0.0;0;0.0
84;Auvergne-Rhône-Alpes;69;Rhône;300;Hydraulique;1;Injection totale;"d-]250;...[";NON;2021-12-31;0;0.0;0;0.0;0;0.0
84;Auvergne-Rhône-Alpes;69;Rhône;500;Cogénération;1;Injection totale;"d-]250;...[";NON;2021-12-31;1;0.99;1;0.99;0;0.0
84;Auvergne-Rhône-Alpes;69;Rhône;550;Stockage hors hydraulique;2;Injection du surplus;"d-]250;...[";OUI;2021-12-31;1;1.25;1;1.25;0;0.0
84;Auvergne-Rhône-Alpes;73;Savoie;300;Hydraulique;1;Injection totale;"a-]0;36]";NON;2021-12-31;1;0.018;0;0.0;0;0.0
84;Auvergne-Rhône-Alpes;74;Haute-Savoie;100;Photovoltaïque;2;Injection du surplus;"b-]36;100]";NON;2021-12-31;6;0.4804;0;0.0;1;0.06
84;Auvergne-Rhône-Alpes;74;Haute-Savoie;100;Photovoltaïque;3;Autoconsommation sans injection;"a-]0;36]";NON;2021-12-31;0;0.0;21;0.07608;21;0.07608
84;Auvergne-Rhône-Alpes;74;Haute-Savoie;500;Cogénération;1;Injection totale;"c-]100;250]";NON;2021-12-31;0;0.0;0;0.0;0;0.0
84;Auvergne-Rhône-Alpes;74;Haute-Savoie;500;Cogénération;1;Injection totale;"d-]250;...[";NON;2021-12-31;0;0.0;0;0.0;0;0.0
84;Auvergne-Rhône-Alpes;1;Ain;100;Photovoltaïque;1;Injection totale;"d-]250;...[";NON;2021-09-30;23;89.397;5;9.642;1;3.2
84;Auvergne-Rhône-Alpes;1;Ain;300;Hydraulique;1;Injection totale;"c-]100;250]";NON;2021-09-30;1;0.125;0;0.0;0;0.0
84;Auvergne-Rhône-Alpes;1;Ain;500;Cogénération;1;Injection totale;"d-]250;...[";NON;2021-09-30;1;0.8;1;0.8;0;0.0
84;Auvergne-Rhône-Alpes;1;Ain;600;Autres;1;Injection totale;"a-]0;36]";NON;2021-09-30;0;0.0;0;0.0;0;0.0
84;Auvergne-Rhône-Alpes;3;Allier;100;Photovoltaïque;1;Injection totale;"b-]36;100]";NON;2021-09-30;373;34.2661;61;5.45188;27;2.4815
84;Auvergne-Rhône-Alpes;3;Allier;100;Photovoltaïque;2;Injection du surplus;"b-]36;100]";NON;2021-09-30;3;0.2707;0;0.0;0;0.0
84;Auvergne-Rhône-Alpes;3;Allier;100;Photovoltaïque;3;Autoconsommation sans injection;"a-]0;36]";OUI;2021-09-30;0;0.0;0;0.0;0;0.0
84;Auvergne-Rhône-Alpes;3;Allier;500;Cogénération;1;Injection totale;"d-]250;...[";NON;2021-09-30;0;0.0;0;0.0;0;0.0
84;Auvergne-Rhône-Alpes;7;Ardèche;100;Photovoltaïque;1;Injection totale;"c-]100;250]";NON;2021-09-30;14;3.1481;3;0.628;0;0.0
84;Auvergne-Rhône-Alpes;7;Ardèche;100;Photovoltaïque;2;Injection du surplus;"a-]0;36]";OUI;2021-09-30;2;0.00828;1;0.00528;1;0.006
84;Auvergne-Rhône-Alpes;7;Ardèche;200;Eolien;1;Injection totale;"a-]0;36]";NON;2021-09-30;0;0.0;0;0.0;0;0.0
84;Auvergne-Rhône-Alpes;7;Ardèche;300;Hydraulique;1;Injection totale;"c-]100;250]";NON;2021-09-30;1;0.23;0;0.0;0;0.0
84;Auvergne-Rhône-Alpes;15;Cantal;300;Hydraulique;1;Injection totale;"b-]36;100]";NON;2021-09-30;1;0.06539;0;0.0;0;0.0
84;Auvergne-Rhône-Alpes;15;Cantal;500;Cogénération;3;Autoconsommation sans injection;"a-]0;36]";NON;2021-09-30;0;0.0;0;0.0;0;0.0
84;Auvergne-Rhône-Alpes;26;Drôme;100;Photovoltaïque;1;Injection totale;"a-]0;36]";NON;2021-09-30;68;1.156;12;0.2152;14;0.2682
84;Auvergne-Rhône-Alpes;26;Drôme;100;Photovoltaïque;1;Injection totale;"a-]0;36]";OUI;2021-09-30;0;0.0;0;0.0;0;0.0
84;Auvergne-Rhône-Alpes;26;Drôme;100;Photovoltaïque;3;Autoconsommation sans injection;"a-]0;36]";OUI;2021-09-30;0;0.0;0;0.0;0;0.0
84;Auvergne-Rhône-Alpes;26;Drôme;400;Bio énergie;1;Injection totale;"b-]36;100]";NON;2021-09-30;0;0.0;0;0.0;0;0.0
84;Auvergne-Rhône-Alpes;26;Drôme;400;Bio énergie;1;Injection totale;"d-]250;...[";NON;2021-09-30;0;0.0;0;0.0;0;0.0
84;Auvergne-Rhône-Alpes;26;Drôme;500;Cogénération;1;Injection totale;"a-]0;36]";NON;2021-09-30;0;0.0;0;0.0;0;0.0
84;Auvergne-Rhône-Alpes;38;Isère;100;Photovoltaïque;1;Injection totale;"d-]250;...[";NON;2021-09-30;10;53.649;0;0.0;3;3.766
84;Auvergne-Rhône-Alpes;38;Isère;200;Eolien;1;Injection totale;"a-]0;36]";NON;2021-09-30;0;0.0;0;0.0;0;0.0
84;Auvergne-Rhône-Alpes;38;Isère;300;Hydraulique;1;Injection totale;"d-]250;...[";NON;2021-09-30;8;19.83;0;0.0;0;0.0
84;Auvergne-Rhône-Alpes;38;Isère;300;Hydraulique;2;Injection du surplus;"d-]250;...[";NON;2021-09-30;0;0.0;0;0.0;0;0.0
84;Auvergne-Rhône-Alpes;38;Isère;400;Bio énergie;1;Injection totale;"c-]100;250]";NON;2021-09-30;0;0.0;0;0.0;0;0.0
84;Auvergne-Rhône-Alpes;42;Loire;100;Photovoltaïque;2;Injection du surplus;"a-]0;36]";OUI;2021-09-30;7;0.0378;3;0.0126;1;0.003
84;Auvergne-Rhône-Alpes;42;Loire;300;Hydraulique;2;Injection du surplus;"d-]250;...[";NON;2021-09-30;0;0.0;0;0.0;0;0.0
84;Auvergne-Rhône-Alpes;42;Loire;400;Bio énergie;1;Injection totale;"c-]100;250]";NON;2021-09-30;1;0.16;1;0.16;1;0.25
84;Auvergne-Rhône-Alpes;42;Loire;400;Bio énergie;2;Injection du surplus;"c-]100;250]";NON;2021-09-30;0;0.0;0;0.0;0;0.0
84;Auvergne-Rhône-Alpes;42;Loire;500;Cogénération;3;Autoconsommation sans injection;"b-]36;100]";NON;2021-09-30;0;0.0;0;0.0;0;0.0
84;Auvergne-Rhône-Alpes;42;Loire;600;Autres;1;Injection totale;"a-]0;36]";NON;2021-09-30;0;0.0;0;0.0;0;0.0
84;Auvergne-Rhône-Alpes;63;Puy-de-Dôme;100;Photovoltaïque;1;Injection totale;"b-]36;100]";NON;2021-09-30;208;19.29343;40;3.69139;17;1.63118
84;Auvergne-Rhône-Alpes;63;Puy-de-Dôme;400;Bio énergie;1;Injection totale;"b-]36;100]";NON;2021-09-30;0;0.0;0;0.0;0;0.0
84;Auvergne-Rhône-Alpes;63;Puy-de-Dôme;400;Bio énergie;1;Injection totale;"c-]100;250]";NON;2021-09-30;1;0.16;0;0.0;0;0.0
84;Auvergne-Rhône-Alpes;69;Rhône;100;Photovoltaïque;2;Injection du surplus;"d-]250;...[";NON;2021-09-30;1;0.396;0;0.0;0;0.0
84;Auvergne-Rhône-Alpes;69;Rhône;500;Cogénération;3;Autoconsommation sans injection;"d-]250;...[";NON;2021-09-30;0;0.0;0;0.0;0;0.0
84;Auvergne-Rhône-Alpes;69;Rhône;550;Stockage hors hydraulique;2;Injection du surplus;"d-]250;...[";OUI;2021-09-30;1;1.25;1;1.25;0;0.0
84;Auvergne-Rhône-Alpes;69;Rhône;600;Autres;3;Autoconsommation sans injection;"d-]250;...[";NON;2021-09-30;0;0.0;0;0.0;0;0.0
84;Auvergne-Rhône-Alpes;73;Savoie;100;Photovoltaïque;2;Injection du surplus;"a-]0;36]";NON;2021-09-30;97;0.49245;89;0.36996;89;0.38733
84;Auvergne-Rhône-Alpes;73;Savoie;100;Photovoltaïque;2;Injection du surplus;"b-]36;100]";NON;2021-09-30;3;0.165;0;0.0;0;0.0
84;Auvergne-Rhône-Alpes;73;Savoie;300;Hydraulique;1;Injection totale;"a-]0;36]";NON;2021-09-30;1;0.018;0;0.0;0;0.0
84;Auvergne-Rhône-Alpes;73;Savoie;300;Hydraulique;2;Injection du surplus;"d-]250;...[";NON;2021-09-30;1;0.999;0;0.0;0;0.0
84;Auvergne-Rhône-Alpes;73;Savoie;400;Bio énergie;1;Injection totale;"c-]100;250]";NON;2021-09-30;0;0.0;0;0.0;0;0.0
84;Auvergne-Rhône-Alpes;74;Haute-Savoie;300;Hydraulique;1;Injection totale;"d-]250;...[";NON;2021-09-30;2;3.624;0;0.0;0;0.0
84;Auvergne-Rhône-Alpes;74;Haute-Savoie;500;Cogénération;1;Injection totale;"b-]36;100]";NON;2021-09-30;0;0.0;0;0.0;1;0.05
84;Auvergne-Rhône-Alpes;74;Haute-Savoie;600;Autres;1;Injection totale;"c-]100;250]";NON;2021-09-30;0;0.0;0;0.0;0;0.0
84;Auvergne-Rhône-Alpes;1;Ain;100;Photovoltaïque;1;Injection totale;"a-]0;36]";NON;2021-12-31;20;0.3189;3;0.062;7;0.122
84;Auvergne-Rhône-Alpes;1;Ain;100;Photovoltaïque;3;Autoconsommation sans injection;"b-]36;100]";NON;2021-12-31;3;0.175;1;0.05;0;0.0
84;Auvergne-Rhône-Alpes;1;Ain;300;Hydraulique;1;Injection totale;"d-]250;...[";NON;2021-12-31;0;0.0;0;0.0;0;0.0
84;Auvergne-Rhône-Alpes;1;Ain;550;Stockage hors hydraulique;2;Injection du surplus;"d-]250;...[";OUI;2021-12-31;3;3.75;3;3.75;0;0.0
84;Auvergne-Rhône-Alpes;1;Ain;600;Autres;1;Injection totale;"a-]0;36]";NON;2021-12-31;0;0.0;0;0.0;0;0.0
84;Auvergne-Rhône-Alpes;3;Allier;300;Hydraulique;1;Injection totale;"c-]100;250]";NON;2021-12-31;0;0.0;0;0.0;0;0.0
84;Auvergne-Rhône-Alpes;3;Allier;600;Autres;1;Injection totale;"b-]36;100]";NON;2021-12-31;0;0.0;0;0.0;0;0.0
84;Auvergne-Rhône-Alpes;7;Ardèche;100;Photovoltaïque;1;Injection totale;"a-]0;36]";NON;2021-12-31;80;1.5509;11;0.1825;14;0.176
84;Auvergne-Rhône-Alpes;7;Ardèche;100;Photovoltaïque;2;Injection du surplus;"b-]36;100]";NON;2021-12-31;1;0.0666;0;0.0;0;0.0
84;Auvergne-Rhône-Alpes;7;Ardèche;100;Photovoltaïque;2;Injection du surplus;"c-]100;250]";NON;2021-12-31;0;0.0;0;0.0;0;0.0
84;Auvergne-Rhône-Alpes;7;Ardèche;300;Hydraulique;2;Injection du surplus;"a-]0;36]";NON;2021-12-31;0;0.0;0;0.0;0;0.0
84;Auvergne-Rhône-Alpes;7;Ardèche;600;Autres;1;Injection totale;"a-]0;36]";NON;2021-12-31;0;0.0;0;0.0;0;0.0
84;Auvergne-Rhône-Alpes;15;Cantal;100;Photovoltaïque;1;Injection totale;"b-]36;100]";NON;2021-12-31;195;18.15952;8;0.73558;33;3.03519
84;Auvergne-Rhône-Alpes;15;Cantal;100;Photovoltaïque;3;Autoconsommation sans injection;"a-]0;36]";NON;2021-12-31;0;0.0;2;0.006;2;0.006
84;Auvergne-Rhône-Alpes;15;Cantal;300;Hydraulique;1;Injection totale;"d-]250;...[";NON;2021-12-31;0;0.0;0;0.0;0;0.0
84;Auvergne-Rhône-Alpes;15;Cantal;400;Bio énergie;1;Injection totale;"c-]100;250]";NON;2021-12-31;0;0.0;0;0.0;0;0.0
84;Auvergne-Rhône-Alpes;15;Cantal;600;Autres;2;Injection du surplus;"a-]0;36]";NON;2021-12-31;1;0.001;0;0.0;0;0.0
84;Auvergne-Rhône-Alpes;26;Drôme;100;Photovoltaïque;3;Autoconsommation sans injection;"b-]36;100]";NON;2021-12-31;2;0.12018;0;0.0;0;0.0
84;Auvergne-Rhône-Alpes;26;Drôme;400;Bio énergie;1;Injection totale;"a-]0;36]";NON;2021-12-31;0;0.0;0;0.0;0;0.0
84;Auvergne-Rhône-Alpes;38;Isère;100;Photovoltaïque;1;Injection totale;"a-]0;36]";NON;2021-12-31;119;1.41903;13;0.13785;15;0.23045
84;Auvergne-Rhône-Alpes;38;Isère;100;Photovoltaïque;1;Injection totale;"b-]36;100]";NON;2021-12-31;120;11.01997;13;1.20603;13;1.23519
84;Auvergne-Rhône-Alpes;38;Isère;100;Photovoltaïque;3;Autoconsommation sans injection;"b-]36;100]";NON;2021-12-31;4;0.31528;3;0.24928;1;0.066
84;Auvergne-Rhône-Alpes;38;Isère;100;Photovoltaïque;3;Autoconsommation sans injection;"c-]100;250]";OUI;2021-12-31;0;0.0;0;0.0;0;0.0
84;Auvergne-Rhône-Alpes;38;Isère;400;Bio énergie;1;Injection totale;"b-]36;100]";NON;2021-12-31;0;0.0;0;0.0;0;0.0
84;Auvergne-Rhône-Alpes;38;Isère;600;Autres;2;Injection du surplus;"c-]100;250]";OUI;2021-12-31;0;0.0;0;0.0;0;0.0
84;Auvergne-Rhône-Alpes;42;Loire;100;Photovoltaïque;1;Injection totale;"c-]100;250]";NON;2021-12-31;41;8.4136;24;4.7009;3;0.564
84;Auvergne-Rhône-Alpes;42;Loire;100;Photovoltaïque;2;Injection du surplus;"a-]0;36]";OUI;2021-12-31;7;0.0408;2;0.009;2;0.006
84;Auvergne-Rhône-Alpes;42;Loire;100;Photovoltaïque;3;Autoconsommation sans injection;"a-]0;36]";NON;2021-12-31;0;0.0;22;0.03554;22;0.03554
84;Auvergne-Rhône-Alpes;42;Loire;400;Bio énergie;1;Injection totale;"a-]0;36]";NON;2021-12-31;0;0.0;0;0.0;0;0.0
84;Auvergne-Rhône-Alpes;42;Loire;400;Bio énergie;2;Injection du surplus;"c-]100;250]";NON;2021-12-31;0;0.0;0;0.0;0;0.0
84;Auvergne-Rhône-Alpes;43;Haute-Loire;100;Photovoltaïque;1;Injection totale;"c-]100;250]";NON;2021-12-31;59;12.94911;35;7.66221;7;1.579
84;Auvergne-Rhône-Alpes;43;Haute-Loire;300;Hydraulique;1;Injection totale;"d-]250;...[";NON;2021-12-31;0;0.0;0;0.0;0;0.0
84;Auvergne-Rhône-Alpes;43;Haute-Loire;400;Bio énergie;2;Injection du surplus;"a-]0;36]";NON;2021-12-31;0;0.0;0;0.0;0;0.0
84;Auvergne-Rhône-Alpes;63;Puy-de-Dôme;100;Photovoltaïque;1;Injection totale;"a-]0;36]";OUI;2021-12-31;1;0.028;0;0.0;0;0.0
84;Auvergne-Rhône-Alpes;63;Puy-de-Dôme;100;Photovoltaïque;1;Injection totale;"c-]100;250]";NON;2021-12-31;44;9.8057;39;8.6515;4;0.883
84;Auvergne-Rhône-Alpes;69;Rhône;100;Photovoltaïque;1;Injection totale;"a-]0;36]";NON;2021-12-31;52;0.94984;12;0.20944;11;0.1858
84;Auvergne-Rhône-Alpes;69;Rhône;100;Photovoltaïque;3;Autoconsommation sans injection;"a-]0;36]";NON;2021-12-31;0;0.0;24;0.06994;25;0.10294
84;Auvergne-Rhône-Alpes;69;Rhône;400;Bio énergie;1;Injection totale;"b-]36;100]";NON;2021-12-31;0;0.0;0;0.0;0;0.0
84;Auvergne-Rhône-Alpes;69;Rhône;400;Bio énergie;1;Injection totale;"c-]100;250]";NON;2021-12-31;1;0.165;0;0.0;0;0.0
84;Auvergne-Rhône-Alpes;69;Rhône;500;Cogénération;3;Autoconsommation sans injection;"d-]250;...[";NON;2021-12-31;0;0.0;0;0.0;0;0.0
84;Auvergne-Rhône-Alpes;73;Savoie;100;Photovoltaïque;2;Injection du surplus;"a-]0;36]";NON;2021-12-31;123;0.64792;124;0.62636;95;0.42695
84;Auvergne-Rhône-Alpes;73;Savoie;100;Photovoltaïque;3;Autoconsommation sans injection;"b-]36;100]";NON;2021-12-31;2;0.116;0;0.0;0;0.0
84;Auvergne-Rhône-Alpes;73;Savoie;300;Hydraulique;1;Injection totale;"d-]250;...[";NON;2021-12-31;6;14.273;1;3.0;1;1.0
84;Auvergne-Rhône-Alpes;74;Haute-Savoie;100;Photovoltaïque;1;Injection totale;"d-]250;...[";NON;2021-12-31;2;0.9898;0;0.0;0;0.0
84;Auvergne-Rhône-Alpes;74;Haute-Savoie;300;Hydraulique;1;Injection totale;"a-]0;36]";NON;2021-12-31;1;0.01602;0;0.0;0;0.0
84;Auvergne-Rhône-Alpes;74;Haute-Savoie;400;Bio énergie;1;Injection totale;"a-]0;36]";NON;2021-12-31;0;0.0;0;0.0;0;0.0
84;Auvergne-Rhône-Alpes;74;Haute-Savoie;550;Stockage hors hydraulique;3;Autoconsommation sans injection;"a-]0;36]";OUI;2021-12-31;0;0.0;1;0.0;1;0.0
84;Auvergne-Rhône-Alpes;1;Ain;100;Photovoltaïque;1;Injection totale;"b-]36;100]";NON;2021-12-31;53;4.87095;9;0.8442;9;0.81858
84;Auvergne-Rhône-Alpes;1;Ain;100;Photovoltaïque;2;Injection du surplus;"b-]36;100]";NON;2021-12-31;13;1.05948;3;0.2232;2;0.1404
84;Auvergne-Rhône-Alpes;1;Ain;100;Photovoltaïque;2;Injection du surplus;"c-]100;250]";NON;2021-12-31;0;0.0;0;0.0;0;0.0
84;Auvergne-Rhône-Alpes;1;Ain;100;Photovoltaïque;3;Autoconsommation sans injection;"c-]100;250]";NON;2021-12-31;5;0.785;2;0.409;2;0.36
84;Auvergne-Rhône-Alpes;3;Allier;100;Photovoltaïque;3;Autoconsommation sans injection;"c-]100;250]";NON;2021-12-31;0;0.0;0;0.0;0;0.0
84;Auvergne-Rhône-Alpes;3;Allier;100;Photovoltaïque;3;Autoconsommation sans injection;"d-]250;...[";NON;2021-12-31;0;0.0;0;0.0;0;0.0
84;Auvergne-Rhône-Alpes;3;Allier;200;Eolien;3;Autoconsommation sans injection;"a-]0;36]";NON;2021-12-31;0;0.0;0;0.0;0;0.0
84;Auvergne-Rhône-Alpes;3;Allier;300;Hydraulique;1;Injection totale;"d-]250;...[";NON;2021-12-31;1;3.4;0;0.0;0;0.0
84;Auvergne-Rhône-Alpes;7;Ardèche;100;Photovoltaïque;2;Injection du surplus;"a-]0;36]";NON;2021-12-31;183;0.76705;197;0.82077;184;0.81993
84;Auvergne-Rhône-Alpes;15;Cantal;100;Photovoltaïque;2;Injection du surplus;"a-]0;36]";OUI;2021-12-31;0;0.0;0;0.0;0;0.0
84;Auvergne-Rhône-Alpes;15;Cantal;100;Photovoltaïque;3;Autoconsommation sans injection;"c-]100;250]";NON;2021-12-31;0;0.0;0;0.0;0;0.0
84;Auvergne-Rhône-Alpes;15;Cantal;300;Hydraulique;1;Injection totale;"c-]100;250]";NON;2021-12-31;1;0.25;0;0.0;0;0.0
84;Auvergne-Rhône-Alpes;15;Cantal;400;Bio énergie;1;Injection totale;"d-]250;...[";NON;2021-12-31;0;0.0;0;0.0;0;0.0
84;Auvergne-Rhône-Alpes;15;Cantal;600;Autres;1;Injection totale;"c-]100;250]";NON;2021-12-31;0;0.0;0;0.0;0;0.0
84;Auvergne-Rhône-Alpes;26;Drôme;100;Photovoltaïque;1;Injection totale;"d-]250;...[";NON;2021-12-31;22;47.422;4;8.28;1;0.414
84;Auvergne-Rhône-Alpes;26;Drôme;500;Cogénération;1;Injection totale;"c-]100;250]";NON;2021-12-31;0;0.0;0;0.0;0;0.0
84;Auvergne-Rhône-Alpes;38;Isère;100;Photovoltaïque;2;Injection du surplus;"a-]0;36]";NON;2021-12-31;344;1.64413;400;1.82902;337;1.63874
84;Auvergne-Rhône-Alpes;38;Isère;100;Photovoltaïque;3;Autoconsommation sans injection;"a-]0;36]";OUI;2021-12-31;0;0.0;0;0.0;0;0.0
84;Auvergne-Rhône-Alpes;38;Isère;100;Photovoltaïque;3;Autoconsommation sans injection;"d-]250;...[";NON;2021-12-31;4;2.30835;1;0.726;0;0.0
84;Auvergne-Rhône-Alpes;38;Isère;400;Bio énergie;2;Injection du surplus;"c-]100;250]";NON;2021-12-31;0;0.0;0;0.0;0;0.0
84;Auvergne-Rhône-Alpes;42;Loire;100;Photovoltaïque;2;Injection du surplus;"a-]0;36]";NON;2021-12-31;213;1.08038;282;1.35475;213;1.00611
84;Auvergne-Rhône-Alpes;42;Loire;100;Photovoltaïque;2;Injection du surplus;"c-]100;250]";NON;2021-12-31;0;0.0;0;0.0;0;0.0
84;Auvergne-Rhône-Alpes;42;Loire;100;Photovoltaïque;3;Autoconsommation sans injection;"d-]250;...[";NON;2021-12-31;0;0.0;0;0.0;0;0.0
84;Auvergne-Rhône-Alpes;42;Loire;500;Cogénération;1;Injection totale;"b-]36;100]";NON;2021-12-31;0;0.0;0;0.0;0;0.0
84;Auvergne-Rhône-Alpes;42;Loire;600;Autres;1;Injection totale;"a-]0;36]";NON;2021-12-31;0;0.0;0;0.0;0;0.0
84;Auvergne-Rhône-Alpes;43;Haute-Loire;100;Photovoltaïque;1;Injection totale;"d-]250;...[";NON;2021-12-31;2;2.7;2;0.644;2;0.644
84;Auvergne-Rhône-Alpes;43;Haute-Loire;100;Photovoltaïque;2;Injection du surplus;"a-]0;36]";NON;2021-12-31;88;0.41512;126;0.56069;152;0.72234
84;Auvergne-Rhône-Alpes;43;Haute-Loire;100;Photovoltaïque;2;Injection du surplus;"d-]250;...[";NON;2021-12-31;0;0.0;0;0.0;0;0.0
84;Auvergne-Rhône-Alpes;43;Haute-Loire;400;Bio énergie;1;Injection totale;"c-]100;250]";NON;2021-12-31;1;0.19;0;0.0;0;0.0
84;Auvergne-Rhône-Alpes;43;Haute-Loire;600;Autres;1;Injection totale;"a-]0;36]";NON;2021-12-31;0;0.0;0;0.0;0;0.0
84;Auvergne-Rhône-Alpes;63;Puy-de-Dôme;100;Photovoltaïque;2;Injection du surplus;"a-]0;36]";NON;2021-12-31;245;0.98697;243;0.96952;228;1.02052
84;Auvergne-Rhône-Alpes;63;Puy-de-Dôme;100;Photovoltaïque;2;Injection du surplus;"b-]36;100]";NON;2021-12-31;5;0.34;0;0.0;0;0.0
84;Auvergne-Rhône-Alpes;63;Puy-de-Dôme;100;Photovoltaïque;2;Injection du surplus;"d-]250;...[";NON;2021-12-31;1;0.3365;1;0.3365;0;0.0
84;Auvergne-Rhône-Alpes;63;Puy-de-Dôme;300;Hydraulique;2;Injection du surplus;"b-]36;100]";NON;2021-12-31;0;0.0;0;0.0;0;0.0
84;Auvergne-Rhône-Alpes;63;Puy-de-Dôme;500;Cogénération;1;Injection totale;"d-]250;...[";NON;2021-12-31;0;0.0;0;0.0;0;0.0
84;Auvergne-Rhône-Alpes;69;Rhône;100;Photovoltaïque;3;Autoconsommation sans injection;"b-]36;100]";NON;2021-12-31;0;0.0;0;0.0;0;0.0
84;Auvergne-Rhône-Alpes;69;Rhône;500;Cogénération;1;Injection totale;"a-]0;36]";NON;2021-12-31;1;0.0;0;0.0;0;0.0
84;Auvergne-Rhône-Alpes;69;Rhône;600;Autres;2;Injection du surplus;"a-]0;36]";NON;2021-12-31;0;0.0;0;0.0;0;0.0
84;Auvergne-Rhône-Alpes;73;Savoie;100;Photovoltaïque;2;Injection du surplus;"c-]100;250]";NON;2021-12-31;1;0.15;0;0.0;0;0.0
84;Auvergne-Rhône-Alpes;73;Savoie;100;Photovoltaïque;3;Autoconsommation sans injection;"c-]100;250]";NON;2021-12-31;2;0.298;0;0.0;0;0.0
84;Auvergne-Rhône-Alpes;73;Savoie;400;Bio énergie;1;Injection totale;"b-]36;100]";NON;2021-12-31;0;0.0;0;0.0;0;0.0
84;Auvergne-Rhône-Alpes;73;Savoie;500;Cogénération;1;Injection totale;"a-]0;36]";NON;2021-12-31;0;0.0;0;0.0;0;0.0
84;Auvergne-Rhône-Alpes;74;Haute-Savoie;400;Bio énergie;1;Injection totale;"d-]250;...[";NON;2021-12-31;0;0.0;0;0.0;0;0.0
84;Auvergne-Rhône-Alpes;1;Ain;100;Photovoltaïque;2;Injection du surplus;"a-]0;36]";NON;2021-12-31;214;1.20665;306;1.54391;267;1.26254
84;Auvergne-Rhône-Alpes;1;Ain;200;Eolien;1;Injection totale;"d-]250;...[";NON;2021-12-31;2;21.0;0;0.0;0;0.0
84;Auvergne-Rhône-Alpes;1;Ain;200;Eolien;3;Autoconsommation sans injection;"a-]0;36]";NON;2021-12-31;0;0.0;0;0.0;0;0.0
84;Auvergne-Rhône-Alpes;1;Ain;300;Hydraulique;1;Injection totale;"c-]100;250]";NON;2021-12-31;1;0.125;0;0.0;0;0.0
84;Auvergne-Rhône-Alpes;1;Ain;300;Hydraulique;2;Injection du surplus;"c-]100;250]";NON;2021-12-31;0;0.0;0;0.0;0;0.0
84;Auvergne-Rhône-Alpes;1;Ain;400;Bio énergie;1;Injection totale;"b-]36;100]";NON;2021-12-31;0;0.0;0;0.0;0;0.0
84;Auvergne-Rhône-Alpes;3;Allier;100;Photovoltaïque;2;Injection du surplus;"b-]36;100]";NON;2021-12-31;1;0.05513;1;0.05513;3;0.2707
84;Auvergne-Rhône-Alpes;3;Allier;200;Eolien;2;Injection du surplus;"a-]0;36]";NON;2021-12-31;0;0.0;0;0.0;0;0.0
84;Auvergne-Rhône-Alpes;3;Allier;500;Cogénération;1;Injection totale;"d-]250;...[";NON;2021-12-31;0;0.0;0;0.0;0;0.0
84;Auvergne-Rhône-Alpes;3;Allier;550;Stockage hors hydraulique;2;Injection du surplus;"d-]250;...[";OUI;2021-12-31;2;2.5;2;2.5;0;0.0
84;Auvergne-Rhône-Alpes;7;Ardèche;100;Photovoltaïque;2;Injection du surplus;"d-]250;...[";NON;2021-12-31;1;0.37044;0;0.0;0;0.0
84;Auvergne-Rhône-Alpes;7;Ardèche;100;Photovoltaïque;3;Autoconsommation sans injection;"c-]100;250]";NON;2021-12-31;2;0.4532;0;0.0;0;0.0
84;Auvergne-Rhône-Alpes;7;Ardèche;400;Bio énergie;1;Injection totale;"c-]100;250]";NON;2021-12-31;0;0.0;0;0.0;0;0.0
84;Auvergne-Rhône-Alpes;7;Ardèche;500;Cogénération;1;Injection totale;"d-]250;...[";NON;2021-12-31;0;0.0;0;0.0;1;1.96
84;Auvergne-Rhône-Alpes;7;Ardèche;600;Autres;1;Injection totale;"c-]100;250]";NON;2021-12-31;0;0.0;0;0.0;0;0.0
84;Auvergne-Rhône-Alpes;15;Cantal;100;Photovoltaïque;2;Injection du surplus;"d-]250;...[";NON;2021-12-31;0;0.0;0;0.0;0;0.0
84;Auvergne-Rhône-Alpes;15;Cantal;500;Cogénération;3;Autoconsommation sans injection;"a-]0;36]";NON;2021-12-31;0;0.0;0;0.0;0;0.0
84;Auvergne-Rhône-Alpes;15;Cantal;600;Autres;1;Injection totale;"b-]36;100]";NON;2021-12-31;0;0.0;0;0.0;0;0.0
84;Auvergne-Rhône-Alpes;26;Drôme;100;Photovoltaïque;1;Injection totale;"b-]36;100]";NON;2021-12-31;210;19.72656;21;1.98453;41;3.87934
84;Auvergne-Rhône-Alpes;26;Drôme;100;Photovoltaïque;2;Injection du surplus;"b-]36;100]";NON;2021-12-31;9;0.59345;6;0.40845;5;0.39795
84;Auvergne-Rhône-Alpes;26;Drôme;300;Hydraulique;2;Injection du surplus;"a-]0;36]";NON;2021-12-31;0;0.0;0;0.0;0;0.0
84;Auvergne-Rhône-Alpes;38;Isère;100;Photovoltaïque;1;Injection totale;"d-]250;...[";NON;2021-12-31;11;54.989;1;1.25;0;0.0
84;Auvergne-Rhône-Alpes;38;Isère;100;Photovoltaïque;2;Injection du surplus;"d-]250;...[";NON;2021-12-31;0;0.0;0;0.0;0;0.0
84;Auvergne-Rhône-Alpes;38;Isère;300;Hydraulique;1;Injection totale;"a-]0;36]";NON;2021-12-31;0;0.0;0;0.0;0;0.0
84;Auvergne-Rhône-Alpes;38;Isère;400;Bio énergie;1;Injection totale;"a-]0;36]";NON;2021-12-31;0;0.0;0;0.0;0;0.0
84;Auvergne-Rhône-Alpes;38;Isère;500;Cogénération;1;Injection totale;"b-]36;100]";NON;2021-12-31;0;0.0;0;0.0;0;0.0
84;Auvergne-Rhône-Alpes;38;Isère;600;Autres;1;Injection totale;"b-]36;100]";NON;2021-12-31;0;0.0;0;0.0;0;0.0
84;Auvergne-Rhône-Alpes;38;Isère;600;Autres;1;Injection totale;"c-]100;250]";NON;2021-12-31;0;0.0;0;0.0;0;0.0
84;Auvergne-Rhône-Alpes;42;Loire;100;Photovoltaïque;1;Injection totale;"a-]0;36]";NON;2021-12-31;91;0.92875;4;0.03797;5;0.0525
84;Auvergne-Rhône-Alpes;42;Loire;300;Hydraulique;1;Injection totale;"b-]36;100]";NON;2021-12-31;0;0.0;0;0.0;0;0.0
84;Auvergne-Rhône-Alpes;42;Loire;400;Bio énergie;1;Injection totale;"c-]100;250]";NON;2021-12-31;1;0.16;0;0.0;0;0.0
84;Auvergne-Rhône-Alpes;42;Loire;400;Bio énergie;1;Injection totale;"d-]250;...[";NON;2021-12-31;0;0.0;0;0.0;0;0.0
84;Auvergne-Rhône-Alpes;42;Loire;600;Autres;2;Injection du surplus;"a-]0;36]";NON;2021-12-31;0;0.0;0;0.0;0;0.0
84;Auvergne-Rhône-Alpes;43;Haute-Loire;100;Photovoltaïque;2;Injection du surplus;"a-]0;36]";OUI;2021-12-31;1;0.003;3;0.012;4;0.021
84;Auvergne-Rhône-Alpes;63;Puy-de-Dôme;100;Photovoltaïque;3;Autoconsommation sans injection;"d-]250;...[";NON;2021-12-31;1;0.3;1;0.3;0;0.0
84;Auvergne-Rhône-Alpes;69;Rhône;100;Photovoltaïque;3;Autoconsommation sans injection;"a-]0;36]";OUI;2021-12-31;0;0.0;0;0.0;0;0.0
84;Auvergne-Rhône-Alpes;69;Rhône;300;Hydraulique;1;Injection totale;"a-]0;36]";NON;2021-12-31;0;0.0;0;0.0;0;0.0
84;Auvergne-Rhône-Alpes;69;Rhône;500;Cogénération;1;Injection totale;"b-]36;100]";NON;2021-12-31;0;0.0;0;0.0;0;0.0
84;Auvergne-Rhône-Alpes;69;Rhône;500;Cogénération;1;Injection totale;"c-]100;250]";NON;2021-12-31;1;0.25;0;0.0;0;0.0
84;Auvergne-Rhône-Alpes;73;Savoie;100;Photovoltaïque;1;Injection totale;"b-]36;100]";NON;2021-12-31;12;1.10823;2;0.17999;3;0.281
84;Auvergne-Rhône-Alpes;73;Savoie;100;Photovoltaïque;2;Injection du surplus;"b-]36;100]";NON;2021-12-31;3;0.192;1;0.065;1;0.038
84;Auvergne-Rhône-Alpes;74;Haute-Savoie;100;Photovoltaïque;2;Injection du surplus;"a-]0;36]";NON;2021-12-31;200;1.01943;214;1.00462;175;0.82372
84;Auvergne-Rhône-Alpes;74;Haute-Savoie;100;Photovoltaïque;2;Injection du surplus;"c-]100;250]";NON;2021-12-31;1;0.24;0;0.0;0;0.0
84;Auvergne-Rhône-Alpes;74;Haute-Savoie;200;Eolien;2;Injection du surplus;"a-]0;36]";NON;2021-12-31;0;0.0;0;0.0;0;0.0
84;Auvergne-Rhône-Alpes;74;Haute-Savoie;300;Hydraulique;1;Injection totale;"b-]36;100]";OUI;2021-12-31;0;0.0;0;0.0;0;0.0
84;Auvergne-Rhône-Alpes;74;Haute-Savoie;400;Bio énergie;2;Injection du surplus;"d-]250;...[";NON;2021-12-31;1;1.1;0;0.0;0;0.0
84;Auvergne-Rhône-Alpes;1;Ain;100;Photovoltaïque;1;Injection totale;"c-]100;250]";NON;2021-12-31;40;8.82279;32;7.00879;9;1.93
84;Auvergne-Rhône-Alpes;1;Ain;100;Photovoltaïque;1;Injection totale;"d-]250;...[";NON;2021-12-31;23;76.52;4;4.375;3;13.384
84;Auvergne-Rhône-Alpes;1;Ain;100;Photovoltaïque;3;Autoconsommation sans injection;"a-]0;36]";NON;2021-12-31;0;0.0;29;0.09707;29;0.09707
84;Auvergne-Rhône-Alpes;1;Ain;300;Hydraulique;2;Injection du surplus;"a-]0;36]";NON;2021-12-31;0;0.0;0;0.0;0;0.0
84;Auvergne-Rhône-Alpes;1;Ain;300;Hydraulique;3;Autoconsommation sans injection;"a-]0;36]";NON;2021-12-31;0;0.0;0;0.0;0;0.0
84;Auvergne-Rhône-Alpes;1;Ain;400;Bio énergie;1;Injection totale;"c-]100;250]";NON;2021-12-31;0;0.0;0;0.0;0;0.0
84;Auvergne-Rhône-Alpes;3;Allier;100;Photovoltaïque;2;Injection du surplus;"a-]0;36]";NON;2021-12-31;141;0.60587;148;0.64814;114;0.49608
84;Auvergne-Rhône-Alpes;3;Allier;100;Photovoltaïque;2;Injection du surplus;"d-]250;...[";NON;2021-12-31;0;0.0;0;0.0;0;0.0
84;Auvergne-Rhône-Alpes;3;Allier;400;Bio énergie;1;Injection totale;"a-]0;36]";NON;2021-12-31;0;0.0;0;0.0;0;0.0
84;Auvergne-Rhône-Alpes;3;Allier;400;Bio énergie;1;Injection totale;"c-]100;250]";NON;2021-12-31;1;0.11;0;0.0;1;0.25
84;Auvergne-Rhône-Alpes;3;Allier;400;Bio énergie;1;Injection totale;"d-]250;...[";NON;2021-12-31;0;0.0;0;0.0;0;0.0
84;Auvergne-Rhône-Alpes;7;Ardèche;100;Photovoltaïque;3;Autoconsommation sans injection;"b-]36;100]";NON;2021-12-31;0;0.0;0;0.0;0;0.0
84;Auvergne-Rhône-Alpes;7;Ardèche;100;Photovoltaïque;3;Autoconsommation sans injection;"d-]250;...[";NON;2021-12-31;0;0.0;0;0.0;0;0.0
84;Auvergne-Rhône-Alpes;15;Cantal;100;Photovoltaïque;1;Injection totale;"c-]100;250]";NON;2021-12-31;117;26.03289;93;20.6447;9;1.712
84;Auvergne-Rhône-Alpes;15;Cantal;100;Photovoltaïque;1;Injection totale;"d-]250;...[";NON;2021-12-31;3;14.252;4;1.251;5;1.608
84;Auvergne-Rhône-Alpes;15;Cantal;100;Photovoltaïque;2;Injection du surplus;"a-]0;36]";NON;2021-12-31;34;0.15101;45;0.20512;48;0.21874
84;Auvergne-Rhône-Alpes;15;Cantal;100;Photovoltaïque;3;Autoconsommation sans injection;"d-]250;...[";NON;2021-12-31;1;0.5;0;0.0;0;0.0
84;Auvergne-Rhône-Alpes;15;Cantal;300;Hydraulique;1;Injection totale;"a-]0;36]";NON;2021-12-31;2;0.0435;0;0.0;0;0.0
84;Auvergne-Rhône-Alpes;15;Cantal;550;Stockage hors hydraulique;2;Injection du surplus;"d-]250;...[";OUI;2021-12-31;1;1.25;0;0.0;0;0.0
84;Auvergne-Rhône-Alpes;26;Drôme;100;Photovoltaïque;2;Injection du surplus;"a-]0;36]";NON;2021-12-31;184;0.91348;256;1.1947;267;1.27991
84;Auvergne-Rhône-Alpes;26;Drôme;100;Photovoltaïque;2;Injection du surplus;"a-]0;36]";OUI;2021-12-31;2;0.0144;0;0.0;2;0.00897
84;Auvergne-Rhône-Alpes;26;Drôme;100;Photovoltaïque;3;Autoconsommation sans injection;"a-]0;36]";OUI;2021-12-31;0;0.0;4;0.0105;4;0.0105
84;Auvergne-Rhône-Alpes;26;Drôme;200;Eolien;2;Injection du surplus;"a-]0;36]";NON;2021-12-31;0;0.0;0;0.0;0;0.0
84;Auvergne-Rhône-Alpes;26;Drôme;300;Hydraulique;1;Injection totale;"b-]36;100]";NON;2021-12-31;0;0.0;0;0.0;0;0.0
84;Auvergne-Rhône-Alpes;26;Drôme;500;Cogénération;3;Autoconsommation sans injection;"d-]250;...[";NON;2021-12-31;0;0.0;0;0.0;0;0.0
84;Auvergne-Rhône-Alpes;38;Isère;100;Photovoltaïque;2;Injection du surplus;"b-]36;100]";NON;2021-12-31;8;0.6172;2;0.1873;1;0.096
84;Auvergne-Rhône-Alpes;38;Isère;300;Hydraulique;3;Autoconsommation sans injection;"a-]0;36]";NON;2021-12-31;0;0.0;1;0.012;1;0.012
84;Auvergne-Rhône-Alpes;38;Isère;400;Bio énergie;1;Injection totale;"d-]250;...[";NON;2021-12-31;1;0.646;1;0.646;0;0.0
84;Auvergne-Rhône-Alpes;38;Isère;500;Cogénération;1;Injection totale;"d-]250;...[";NON;2021-12-31;0;0.0;0;0.0;0;0.0
84;Auvergne-Rhône-Alpes;38;Isère;500;Cogénération;2;Injection du surplus;"d-]250;...[";NON;2021-12-31;0;0.0;0;0.0;0;0.0
84;Auvergne-Rhône-Alpes;38;Isère;550;Stockage hors hydraulique;2;Injection du surplus;"d-]250;...[";OUI;2021-12-31;5;6.25;1;1.25;0;0.0
84;Auvergne-Rhône-Alpes;38;Isère;600;Autres;1;Injection totale;"a-]0;36]";NON;2021-12-31;0;0.0;0;0.0;0;0.0
84;Auvergne-Rhône-Alpes;42;Loire;100;Photovoltaïque;1;Injection totale;"d-]250;...[";NON;2021-12-31;7;16.094;2;4.4;0;0.0
84;Auvergne-Rhône-Alpes;42;Loire;100;Photovoltaïque;3;Autoconsommation sans injection;"c-]100;250]";NON;2021-12-31;2;0.432;0;0.0;2;0.48
84;Auvergne-Rhône-Alpes;42;Loire;200;Eolien;1;Injection totale;"d-]250;...[";NON;2021-12-31;7;88.304;0;0.0;0;0.0
84;Auvergne-Rhône-Alpes;42;Loire;200;Eolien;2;Injection du surplus;"a-]0;36]";NON;2021-12-31;1;0.003;0;0.0;0;0.0
84;Auvergne-Rhône-Alpes;42;Loire;300;Hydraulique;1;Injection totale;"a-]0;36]";NON;2021-12-31;0;0.0;0;0.0;0;0.0
84;Auvergne-Rhône-Alpes;42;Loire;500;Cogénération;3;Autoconsommation sans injection;"a-]0;36]";NON;2021-12-31;0;0.0;0;0.0;0;0.0
84;Auvergne-Rhône-Alpes;42;Loire;500;Cogénération;3;Autoconsommation sans injection;"b-]36;100]";NON;2021-12-31;0;0.0;0;0.0;0;0.0
84;Auvergne-Rhône-Alpes;43;Haute-Loire;100;Photovoltaïque;1;Injection totale;"a-]0;36]";OUI;2021-12-31;0;0.0;0;0.0;0;0.0
84;Auvergne-Rhône-Alpes;43;Haute-Loire;100;Photovoltaïque;2;Injection du surplus;"b-]36;100]";NON;2021-12-31;1;0.084;0;0.0;1;0.0828
84;Auvergne-Rhône-Alpes;43;Haute-Loire;100;Photovoltaïque;3;Autoconsommation sans injection;"a-]0;36]";NON;2021-12-31;0;0.0;6;0.01463;6;0.01463
84;Auvergne-Rhône-Alpes;43;Haute-Loire;400;Bio énergie;1;Injection totale;"d-]250;...[";NON;2021-12-31;0;0.0;0;0.0;0;0.0
84;Auvergne-Rhône-Alpes;63;Puy-de-Dôme;100;Photovoltaïque;1;Injection totale;"a-]0;36]";NON;2021-12-31;23;0.3724;6;0.128;5;0.0584
84;Auvergne-Rhône-Alpes;63;Puy-de-Dôme;100;Photovoltaïque;1;Injection totale;"d-]250;...[";NON;2021-12-31;7;24.9;3;1.356;7;4.425
84;Auvergne-Rhône-Alpes;63;Puy-de-Dôme;100;Photovoltaïque;2;Injection du surplus;"a-]0;36]";OUI;2021-12-31;0;0.0;1;0.003;3;0.01335
84;Auvergne-Rhône-Alpes;63;Puy-de-Dôme;100;Photovoltaïque;3;Autoconsommation sans injection;"a-]0;36]";NON;2021-12-31;0;0.0;28;0.10361;28;0.10361
84;Auvergne-Rhône-Alpes;63;Puy-de-Dôme;100;Photovoltaïque;3;Autoconsommation sans injection;"c-]100;250]";NON;2021-12-31;1;0.24;1;0.24;0;0.0
84;Auvergne-Rhône-Alpes;63;Puy-de-Dôme;300;Hydraulique;1;Injection totale;"b-]36;100]";OUI;2021-12-31;1;0.068;0;0.0;0;0.0
84;Auvergne-Rhône-Alpes;63;Puy-de-Dôme;500;Cogénération;1;Injection totale;"c-]100;250]";NON;2021-12-31;0;0.0;0;0.0;0;0.0
84;Auvergne-Rhône-Alpes;69;Rhône;100;Photovoltaïque;1;Injection totale;"c-]100;250]";OUI;2021-12-31;1;0.1255;0;0.0;0;0.0
84;Auvergne-Rhône-Alpes;69;Rhône;100;Photovoltaïque;1;Injection totale;"d-]250;...[";NON;2021-12-31;10;19.131;1;1.11;2;7.658
84;Auvergne-Rhône-Alpes;69;Rhône;100;Photovoltaïque;2;Injection du surplus;"d-]250;...[";NON;2021-12-31;1;0.396;0;0.0;0;0.0
84;Auvergne-Rhône-Alpes;69;Rhône;100;Photovoltaïque;3;Autoconsommation sans injection;"d-]250;...[";NON;2021-12-31;1;0.8;1;0.8;1;0.462
84;Auvergne-Rhône-Alpes;69;Rhône;500;Cogénération;3;Autoconsommation sans injection;"a-]0;36]";NON;2021-12-31;0;0.0;0;0.0;0;0.0
84;Auvergne-Rhône-Alpes;69;Rhône;500;Cogénération;3;Autoconsommation sans injection;"c-]100;250]";NON;2021-12-31;0;0.0;0;0.0;0;0.0
84;Auvergne-Rhône-Alpes;73;Savoie;100;Photovoltaïque;1;Injection totale;"a-]0;36]";NON;2021-12-31;29;0.4349;3;0.02684;6;0.0814
84;Auvergne-Rhône-Alpes;73;Savoie;100;Photovoltaïque;2;Injection du surplus;"a-]0;36]";OUI;2021-12-31;2;0.014;1;0.006;0;0.0
84;Auvergne-Rhône-Alpes;73;Savoie;400;Bio énergie;1;Injection totale;"d-]250;...[";NON;2021-12-31;0;0.0;0;0.0;0;0.0
84;Auvergne-Rhône-Alpes;73;Savoie;550;Stockage hors hydraulique;1;Injection totale;"a-]0;36]";OUI;2021-12-31;1;0.0;0;0.0;0;0.0
84;Auvergne-Rhône-Alpes;74;Haute-Savoie;100;Photovoltaïque;1;Injection totale;"c-]100;250]";NON;2021-12-31;2;0.4;1;0.2;0;0.0
84;Auvergne-Rhône-Alpes;74;Haute-Savoie;100;Photovoltaïque;3;Autoconsommation sans injection;"d-]250;...[";NON;2021-12-31;1;0.33;0;0.0;0;0.0
84;Auvergne-Rhône-Alpes;74;Haute-Savoie;300;Hydraulique;1;Injection totale;"b-]36;100]";NON;2021-12-31;0;0.0;0;0.0;0;0.0
84;Auvergne-Rhône-Alpes;1;Ain;300;Hydraulique;1;Injection totale;"d-]250;...[";NON;2022-03-31;0;0.0;0;0.0;0;0.0
84;Auvergne-Rhône-Alpes;1;Ain;300;Hydraulique;2;Injection du surplus;"c-]100;250]";NON;2022-03-31;0;0.0;0;0.0;0;0.0
84;Auvergne-Rhône-Alpes;1;Ain;500;Cogénération;1;Injection totale;"a-]0;36]";NON;2022-03-31;0;0.0;0;0.0;0;0.0
84;Auvergne-Rhône-Alpes;1;Ain;550;Stockage hors hydraulique;2;Injection du surplus;"d-]250;...[";OUI;2022-03-31;4;5.0;1;1.25;0;0.0
84;Auvergne-Rhône-Alpes;1;Ain;600;Autres;1;Injection totale;"c-]100;250]";NON;2022-03-31;0;0.0;0;0.0;0;0.0
84;Auvergne-Rhône-Alpes;3;Allier;100;Photovoltaïque;3;Autoconsommation sans injection;"b-]36;100]";NON;2022-03-31;2;0.08428;0;0.0;0;0.0
84;Auvergne-Rhône-Alpes;3;Allier;300;Hydraulique;1;Injection totale;"c-]100;250]";NON;2022-03-31;0;0.0;0;0.0;0;0.0
84;Auvergne-Rhône-Alpes;3;Allier;400;Bio énergie;1;Injection totale;"a-]0;36]";NON;2022-03-31;0;0.0;0;0.0;0;0.0
84;Auvergne-Rhône-Alpes;3;Allier;550;Stockage hors hydraulique;2;Injection du surplus;"d-]250;...[";OUI;2022-03-31;2;2.5;0;0.0;0;0.0
84;Auvergne-Rhône-Alpes;7;Ardèche;100;Photovoltaïque;3;Autoconsommation sans injection;"b-]36;100]";NON;2022-03-31;0;0.0;0;0.0;0;0.0
84;Auvergne-Rhône-Alpes;7;Ardèche;200;Eolien;1;Injection totale;"b-]36;100]";NON;2022-03-31;0;0.0;0;0.0;0;0.0
84;Auvergne-Rhône-Alpes;7;Ardèche;200;Eolien;1;Injection totale;"d-]250;...[";NON;2022-03-31;4;13.3;1;3.0;1;6.0
84;Auvergne-Rhône-Alpes;7;Ardèche;400;Bio énergie;1;Injection totale;"b-]36;100]";NON;2022-03-31;0;0.0;0;0.0;0;0.0
84;Auvergne-Rhône-Alpes;7;Ardèche;600;Autres;1;Injection totale;"b-]36;100]";NON;2022-03-31;0;0.0;0;0.0;0;0.0
84;Auvergne-Rhône-Alpes;15;Cantal;100;Photovoltaïque;1;Injection totale;"c-]100;250]";NON;2022-03-31;236;51.71559;123;26.6477;9;2.094
84;Auvergne-Rhône-Alpes;15;Cantal;100;Photovoltaïque;1;Injection totale;"d-]250;...[";NON;2022-03-31;4;14.652;1;0.4;0;0.0
84;Auvergne-Rhône-Alpes;15;Cantal;100;Photovoltaïque;2;Injection du surplus;"a-]0;36]";OUI;2022-03-31;0;0.0;0;0.0;0;0.0
84;Auvergne-Rhône-Alpes;15;Cantal;200;Eolien;1;Injection totale;"a-]0;36]";NON;2022-03-31;0;0.0;0;0.0;0;0.0
84;Auvergne-Rhône-Alpes;15;Cantal;400;Bio énergie;1;Injection totale;"b-]36;100]";NON;2022-03-31;0;0.0;0;0.0;0;0.0
84;Auvergne-Rhône-Alpes;15;Cantal;400;Bio énergie;1;Injection totale;"c-]100;250]";NON;2022-03-31;0;0.0;0;0.0;0;0.0
84;Auvergne-Rhône-Alpes;15;Cantal;600;Autres;2;Injection du surplus;"a-]0;36]";NON;2022-03-31;0;0.0;0;0.0;0;0.0
84;Auvergne-Rhône-Alpes;26;Drôme;100;Photovoltaïque;2;Injection du surplus;"a-]0;36]";OUI;2022-03-31;3;0.0174;1;0.003;0;0.0
84;Auvergne-Rhône-Alpes;26;Drôme;200;Eolien;2;Injection du surplus;"a-]0;36]";NON;2022-03-31;0;0.0;0;0.0;0;0.0
84;Auvergne-Rhône-Alpes;26;Drôme;300;Hydraulique;1;Injection totale;"b-]36;100]";NON;2022-03-31;0;0.0;0;0.0;0;0.0
84;Auvergne-Rhône-Alpes;26;Drôme;300;Hydraulique;1;Injection totale;"c-]100;250]";NON;2022-03-31;2;0.32;0;0.0;1;0.1215
84;Auvergne-Rhône-Alpes;38;Isère;100;Photovoltaïque;2;Injection du surplus;"b-]36;100]";OUI;2022-03-31;1;0.05;0;0.0;0;0.0
84;Auvergne-Rhône-Alpes;38;Isère;100;Photovoltaïque;3;Autoconsommation sans injection;"b-]36;100]";NON;2022-03-31;6;0.51328;2;0.198;0;0.0
84;Auvergne-Rhône-Alpes;38;Isère;300;Hydraulique;2;Injection du surplus;"d-]250;...[";NON;2022-03-31;0;0.0;0;0.0;0;0.0
84;Auvergne-Rhône-Alpes;38;Isère;400;Bio énergie;1;Injection totale;"a-]0;36]";NON;2022-03-31;0;0.0;0;0.0;0;0.0
84;Auvergne-Rhône-Alpes;38;Isère;400;Bio énergie;1;Injection totale;"b-]36;100]";NON;2022-03-31;0;0.0;0;0.0;0;0.0
84;Auvergne-Rhône-Alpes;42;Loire;100;Photovoltaïque;3;Autoconsommation sans injection;"a-]0;36]";NON;2022-03-31;0;0.0;34;0.05636;34;0.05636
84;Auvergne-Rhône-Alpes;42;Loire;300;Hydraulique;1;Injection totale;"d-]250;...[";NON;2022-03-31;1;0.979;0;0.0;0;0.0
84;Auvergne-Rhône-Alpes;42;Loire;300;Hydraulique;2;Injection du surplus;"a-]0;36]";NON;2022-03-31;0;0.0;0;0.0;0;0.0
84;Auvergne-Rhône-Alpes;43;Haute-Loire;100;Photovoltaïque;1;Injection totale;"a-]0;36]";NON;2022-03-31;23;0.53806;2;0.07;3;0.1073
84;Auvergne-Rhône-Alpes;43;Haute-Loire;100;Photovoltaïque;3;Autoconsommation sans injection;"a-]0;36]";NON;2022-03-31;0;0.0;8;0.0202;8;0.0202
84;Auvergne-Rhône-Alpes;43;Haute-Loire;100;Photovoltaïque;3;Autoconsommation sans injection;"c-]100;250]";NON;2022-03-31;1;0.238;0;0.0;0;0.0
84;Auvergne-Rhône-Alpes;43;Haute-Loire;300;Hydraulique;1;Injection totale;"d-]250;...[";NON;2022-03-31;0;0.0;0;0.0;0;0.0
84;Auvergne-Rhône-Alpes;43;Haute-Loire;400;Bio énergie;1;Injection totale;"c-]100;250]";NON;2022-03-31;1;0.19;0;0.0;0;0.0
84;Auvergne-Rhône-Alpes;63;Puy-de-Dôme;300;Hydraulique;1;Injection totale;"b-]36;100]";NON;2022-03-31;1;0.1;0;0.0;1;0.09
84;Auvergne-Rhône-Alpes;63;Puy-de-Dôme;400;Bio énergie;1;Injection totale;"b-]36;100]";NON;2022-03-31;0;0.0;0;0.0;0;0.0
84;Auvergne-Rhône-Alpes;63;Puy-de-Dôme;500;Cogénération;1;Injection totale;"a-]0;36]";NON;2022-03-31;0;0.0;0;0.0;0;0.0
84;Auvergne-Rhône-Alpes;63;Puy-de-Dôme;600;Autres;1;Injection totale;"a-]0;36]";NON;2022-03-31;0;0.0;0;0.0;0;0.0
84;Auvergne-Rhône-Alpes;69;Rhône;100;Photovoltaïque;3;Autoconsommation sans injection;"a-]0;36]";NON;2022-03-31;1;0.0082;56;0.13737;55;0.12917
84;Auvergne-Rhône-Alpes;69;Rhône;100;Photovoltaïque;3;Autoconsommation sans injection;"b-]36;100]";NON;2022-03-31;0;0.0;0;0.0;0;0.0
84;Auvergne-Rhône-Alpes;69;Rhône;500;Cogénération;2;Injection du surplus;"d-]250;...[";NON;2022-03-31;0;0.0;0;0.0;0;0.0
84;Auvergne-Rhône-Alpes;69;Rhône;550;Stockage hors hydraulique;1;Injection totale;"d-]250;...[";OUI;2022-03-31;1;1.25;0;0.0;0;0.0
84;Auvergne-Rhône-Alpes;73;Savoie;100;Photovoltaïque;1;Injection totale;"c-]100;250]";NON;2022-03-31;17;3.62048;6;1.215;0;0.0
84;Auvergne-Rhône-Alpes;73;Savoie;100;Photovoltaïque;2;Injection du surplus;"b-]36;100]";NON;2022-03-31;3;0.192;0;0.0;0;0.0
84;Auvergne-Rhône-Alpes;73;Savoie;100;Photovoltaïque;2;Injection du surplus;"c-]100;250]";NON;2022-03-31;2;0.281;1;0.131;0;0.0
84;Auvergne-Rhône-Alpes;73;Savoie;100;Photovoltaïque;3;Autoconsommation sans injection;"b-]36;100]";NON;2022-03-31;2;0.116;0;0.0;0;0.0
84;Auvergne-Rhône-Alpes;73;Savoie;300;Hydraulique;2;Injection du surplus;"d-]250;...[";NON;2022-03-31;1;0.999;0;0.0;0;0.0
84;Auvergne-Rhône-Alpes;73;Savoie;400;Bio énergie;1;Injection totale;"c-]100;250]";NON;2022-03-31;0;0.0;0;0.0;0;0.0
84;Auvergne-Rhône-Alpes;73;Savoie;500;Cogénération;1;Injection totale;"d-]250;...[";NON;2022-03-31;0;0.0;0;0.0;0;0.0
84;Auvergne-Rhône-Alpes;74;Haute-Savoie;100;Photovoltaïque;1;Injection totale;"b-]36;100]";NON;2022-03-31;11;0.9222;1;0.096;2;0.154
84;Auvergne-Rhône-Alpes;74;Haute-Savoie;100;Photovoltaïque;3;Autoconsommation sans injection;"a-]0;36]";OUI;2022-03-31;0;0.0;0;0.0;0;0.0
84;Auvergne-Rhône-Alpes;74;Haute-Savoie;200;Eolien;2;Injection du surplus;"a-]0;36]";NON;2022-03-31;0;0.0;0;0.0;0;0.0
84;Auvergne-Rhône-Alpes;74;Haute-Savoie;300;Hydraulique;3;Autoconsommation sans injection;"d-]250;...[";NON;2022-03-31;0;0.0;0;0.0;0;0.0
84;Auvergne-Rhône-Alpes;74;Haute-Savoie;500;Cogénération;1;Injection totale;"a-]0;36]";NON;2022-03-31;0;0.0;0;0.0;0;0.0
84;Auvergne-Rhône-Alpes;74;Haute-Savoie;550;Stockage hors hydraulique;2;Injection du surplus;"d-]250;...[";OUI;2022-03-31;1;1.25;0;0.0;0;0.0
84;Auvergne-Rhône-Alpes;1;Ain;100;Photovoltaïque;3;Autoconsommation sans injection;"c-]100;250]";NON;2022-03-31;4;0.665;0;0.0;1;0.12
84;Auvergne-Rhône-Alpes;3;Allier;100;Photovoltaïque;2;Injection du surplus;"c-]100;250]";NON;2022-03-31;3;0.635;2;0.385;0;0.0
84;Auvergne-Rhône-Alpes;3;Allier;100;Photovoltaïque;3;Autoconsommation sans injection;"d-]250;...[";NON;2022-03-31;0;0.0;0;0.0;0;0.0
84;Auvergne-Rhône-Alpes;3;Allier;200;Eolien;1;Injection totale;"a-]0;36]";NON;2022-03-31;0;0.0;0;0.0;0;0.0
84;Auvergne-Rhône-Alpes;3;Allier;200;Eolien;1;Injection totale;"d-]250;...[";NON;2022-03-31;4;38.4;1;12.6;0;0.0
84;Auvergne-Rhône-Alpes;3;Allier;300;Hydraulique;1;Injection totale;"a-]0;36]";NON;2022-03-31;0;0.0;0;0.0;0;0.0
84;Auvergne-Rhône-Alpes;7;Ardèche;100;Photovoltaïque;1;Injection totale;"c-]100;250]";NON;2022-03-31;36;7.66499;13;2.65079;2;0.362
84;Auvergne-Rhône-Alpes;7;Ardèche;100;Photovoltaïque;3;Autoconsommation sans injection;"d-]250;...[";NON;2022-03-31;0;0.0;0;0.0;0;0.0
84;Auvergne-Rhône-Alpes;7;Ardèche;300;Hydraulique;2;Injection du surplus;"a-]0;36]";NON;2022-03-31;0;0.0;0;0.0;0;0.0
84;Auvergne-Rhône-Alpes;7;Ardèche;600;Autres;1;Injection totale;"c-]100;250]";NON;2022-03-31;0;0.0;0;0.0;0;0.0
84;Auvergne-Rhône-Alpes;15;Cantal;100;Photovoltaïque;2;Injection du surplus;"b-]36;100]";NON;2022-03-31;1;0.0999;1;0.0999;0;0.0
84;Auvergne-Rhône-Alpes;15;Cantal;100;Photovoltaïque;3;Autoconsommation sans injection;"a-]0;36]";OUI;2022-03-31;0;0.0;0;0.0;0;0.0
84;Auvergne-Rhône-Alpes;15;Cantal;300;Hydraulique;1;Injection totale;"c-]100;250]";NON;2022-03-31;1;0.25;0;0.0;0;0.0
84;Auvergne-Rhône-Alpes;15;Cantal;300;Hydraulique;1;Injection totale;"d-]250;...[";NON;2022-03-31;0;0.0;0;0.0;0;0.0
84;Auvergne-Rhône-Alpes;15;Cantal;600;Autres;1;Injection totale;"c-]100;250]";NON;2022-03-31;0;0.0;0;0.0;0;0.0
84;Auvergne-Rhône-Alpes;26;Drôme;100;Photovoltaïque;1;Injection totale;"a-]0;36]";NON;2022-03-31;57;0.9847;8;0.2265;9;0.1447
84;Auvergne-Rhône-Alpes;26;Drôme;100;Photovoltaïque;3;Autoconsommation sans injection;"a-]0;36]";NON;2022-03-31;0;0.0;34;0.12109;34;0.12109
84;Auvergne-Rhône-Alpes;26;Drôme;100;Photovoltaïque;3;Autoconsommation sans injection;"a-]0;36]";OUI;2022-03-31;0;0.0;0;0.0;0;0.0
84;Auvergne-Rhône-Alpes;26;Drôme;100;Photovoltaïque;3;Autoconsommation sans injection;"d-]250;...[";NON;2022-03-31;1;0.413;1;0.413;2;0.902
84;Auvergne-Rhône-Alpes;26;Drôme;400;Bio énergie;1;Injection totale;"c-]100;250]";NON;2022-03-31;0;0.0;0;0.0;0;0.0
84;Auvergne-Rhône-Alpes;26;Drôme;400;Bio énergie;1;Injection totale;"d-]250;...[";NON;2022-03-31;0;0.0;0;0.0;0;0.0
84;Auvergne-Rhône-Alpes;26;Drôme;500;Cogénération;1;Injection totale;"d-]250;...[";NON;2022-03-31;0;0.0;0;0.0;1;0.99
84;Auvergne-Rhône-Alpes;26;Drôme;600;Autres;1;Injection totale;"d-]250;...[";NON;2022-03-31;0;0.0;0;0.0;0;0.0
84;Auvergne-Rhône-Alpes;38;Isère;100;Photovoltaïque;1;Injection totale;"b-]36;100]";NON;2022-03-31;119;11.06869;22;2.0604;21;1.86274
84;Auvergne-Rhône-Alpes;38;Isère;100;Photovoltaïque;1;Injection totale;"c-]100;250]";NON;2022-03-31;90;19.29177;37;7.65729;4;0.874
84;Auvergne-Rhône-Alpes;38;Isère;200;Eolien;1;Injection totale;"d-]250;...[";NON;2022-03-31;3;32.6;0;0.0;0;0.0
84;Auvergne-Rhône-Alpes;38;Isère;300;Hydraulique;1;Injection totale;"a-]0;36]";NON;2022-03-31;0;0.0;0;0.0;0;0.0
84;Auvergne-Rhône-Alpes;38;Isère;300;Hydraulique;1;Injection totale;"b-]36;100]";NON;2022-03-31;2;0.135;2;0.135;0;0.0
84;Auvergne-Rhône-Alpes;38;Isère;400;Bio énergie;2;Injection du surplus;"c-]100;250]";NON;2022-03-31;0;0.0;0;0.0;0;0.0
84;Auvergne-Rhône-Alpes;38;Isère;600;Autres;1;Injection totale;"c-]100;250]";NON;2022-03-31;0;0.0;0;0.0;0;0.0
84;Auvergne-Rhône-Alpes;38;Isère;600;Autres;2;Injection du surplus;"c-]100;250]";NON;2022-03-31;1;0.24;0;0.0;0;0.0
84;Auvergne-Rhône-Alpes;42;Loire;100;Photovoltaïque;1;Injection totale;"a-]0;36]";OUI;2022-03-31;0;0.0;0;0.0;0;0.0
84;Auvergne-Rhône-Alpes;42;Loire;100;Photovoltaïque;1;Injection totale;"c-]100;250]";NON;2022-03-31;58;11.8925;21;4.1709;4;0.692
84;Auvergne-Rhône-Alpes;42;Loire;300;Hydraulique;1;Injection totale;"c-]100;250]";NON;2022-03-31;0;0.0;0;0.0;0;0.0
84;Auvergne-Rhône-Alpes;42;Loire;300;Hydraulique;3;Autoconsommation sans injection;"a-]0;36]";NON;2022-03-31;0;0.0;0;0.0;0;0.0
84;Auvergne-Rhône-Alpes;42;Loire;500;Cogénération;3;Autoconsommation sans injection;"b-]36;100]";NON;2022-03-31;0;0.0;0;0.0;0;0.0
84;Auvergne-Rhône-Alpes;43;Haute-Loire;200;Eolien;1;Injection totale;"d-]250;...[";NON;2022-03-31;0;0.0;0;0.0;0;0.0
84;Auvergne-Rhône-Alpes;63;Puy-de-Dôme;100;Photovoltaïque;1;Injection totale;"d-]250;...[";NON;2022-03-31;7;24.9;1;0.8;1;0.8
84;Auvergne-Rhône-Alpes;69;Rhône;300;Hydraulique;1;Injection totale;"d-]250;...[";NON;2022-03-31;0;0.0;0;0.0;0;0.0
84;Auvergne-Rhône-Alpes;69;Rhône;400;Bio énergie;1;Injection totale;"a-]0;36]";NON;2022-03-31;0;0.0;0;0.0;0;0.0
84;Auvergne-Rhône-Alpes;73;Savoie;100;Photovoltaïque;1;Injection totale;"d-]250;...[";NON;2022-03-31;2;0.88;2;0.88;0;0.0
84;Auvergne-Rhône-Alpes;73;Savoie;300;Hydraulique;1;Injection totale;"a-]0;36]";NON;2022-03-31;1;0.018;0;0.0;0;0.0
84;Auvergne-Rhône-Alpes;73;Savoie;400;Bio énergie;1;Injection totale;"b-]36;100]";NON;2022-03-31;0;0.0;0;0.0;0;0.0
84;Auvergne-Rhône-Alpes;74;Haute-Savoie;100;Photovoltaïque;2;Injection du surplus;"c-]100;250]";NON;2022-03-31;2;0.49;1;0.25;0;0.0
84;Auvergne-Rhône-Alpes;74;Haute-Savoie;300;Hydraulique;1;Injection totale;"d-]250;...[";NON;2022-03-31;4;7.724;0;0.0;0;0.0
84;Auvergne-Rhône-Alpes;1;Ain;100;Photovoltaïque;3;Autoconsommation sans injection;"a-]0;36]";OUI;2021-12-31;0;0.0;0;0.0;0;0.0
84;Auvergne-Rhône-Alpes;1;Ain;300;Hydraulique;1;Injection totale;"b-]36;100]";NON;2021-12-31;0;0.0;0;0.0;0;0.0
84;Auvergne-Rhône-Alpes;1;Ain;400;Bio énergie;1;Injection totale;"a-]0;36]";NON;2021-12-31;2;0.035;1;0.0;0;0.0
84;Auvergne-Rhône-Alpes;1;Ain;400;Bio énergie;2;Injection du surplus;"a-]0;36]";NON;2021-12-31;0;0.0;0;0.0;0;0.0
84;Auvergne-Rhône-Alpes;3;Allier;100;Photovoltaïque;1;Injection totale;"a-]0;36]";NON;2021-12-31;17;0.3005;2;0.0386;4;0.0448
84;Auvergne-Rhône-Alpes;3;Allier;100;Photovoltaïque;1;Injection totale;"c-]100;250]";NON;2021-12-31;139;32.2443;127;29.2424;3;0.598
84;Auvergne-Rhône-Alpes;3;Allier;100;Photovoltaïque;3;Autoconsommation sans injection;"a-]0;36]";NON;2021-12-31;1;0.033;13;0.04907;13;0.04907
84;Auvergne-Rhône-Alpes;3;Allier;100;Photovoltaïque;3;Autoconsommation sans injection;"a-]0;36]";OUI;2021-12-31;0;0.0;0;0.0;0;0.0
84;Auvergne-Rhône-Alpes;7;Ardèche;100;Photovoltaïque;1;Injection totale;"b-]36;100]";NON;2021-12-31;53;4.78739;5;0.452;16;1.42226
84;Auvergne-Rhône-Alpes;7;Ardèche;100;Photovoltaïque;1;Injection totale;"c-]100;250]";NON;2021-12-31;24;5.1462;13;2.7361;3;0.738
84;Auvergne-Rhône-Alpes;7;Ardèche;200;Eolien;1;Injection totale;"a-]0;36]";NON;2021-12-31;0;0.0;0;0.0;0;0.0
84;Auvergne-Rhône-Alpes;7;Ardèche;200;Eolien;1;Injection totale;"d-]250;...[";NON;2021-12-31;4;16.3;1;0.6;0;0.0
84;Auvergne-Rhône-Alpes;7;Ardèche;300;Hydraulique;1;Injection totale;"a-]0;36]";NON;2021-12-31;0;0.0;0;0.0;0;0.0
84;Auvergne-Rhône-Alpes;7;Ardèche;300;Hydraulique;1;Injection totale;"c-]100;250]";NON;2021-12-31;1;0.23;0;0.0;0;0.0
84;Auvergne-Rhône-Alpes;7;Ardèche;300;Hydraulique;1;Injection totale;"d-]250;...[";NON;2021-12-31;1;0.272;0;0.0;0;0.0
84;Auvergne-Rhône-Alpes;7;Ardèche;300;Hydraulique;2;Injection du surplus;"c-]100;250]";NON;2021-12-31;0;0.0;0;0.0;0;0.0
84;Auvergne-Rhône-Alpes;15;Cantal;200;Eolien;1;Injection totale;"d-]250;...[";NON;2021-12-31;3;30.4;0;0.0;0;0.0
84;Auvergne-Rhône-Alpes;15;Cantal;300;Hydraulique;1;Injection totale;"b-]36;100]";NON;2021-12-31;1;0.06539;0;0.0;0;0.0
84;Auvergne-Rhône-Alpes;26;Drôme;100;Photovoltaïque;1;Injection totale;"a-]0;36]";OUI;2021-12-31;0;0.0;0;0.0;0;0.0
84;Auvergne-Rhône-Alpes;26;Drôme;400;Bio énergie;1;Injection totale;"b-]36;100]";NON;2021-12-31;0;0.0;0;0.0;0;0.0
84;Auvergne-Rhône-Alpes;26;Drôme;600;Autres;2;Injection du surplus;"d-]250;...[";NON;2021-12-31;0;0.0;0;0.0;0;0.0
84;Auvergne-Rhône-Alpes;38;Isère;300;Hydraulique;2;Injection du surplus;"c-]100;250]";NON;2021-12-31;2;0.324;0;0.0;0;0.0
84;Auvergne-Rhône-Alpes;38;Isère;300;Hydraulique;2;Injection du surplus;"d-]250;...[";NON;2021-12-31;0;0.0;0;0.0;0;0.0
84;Auvergne-Rhône-Alpes;42;Loire;100;Photovoltaïque;3;Autoconsommation sans injection;"a-]0;36]";OUI;2021-12-31;0;0.0;1;0.00444;1;0.00444
84;Auvergne-Rhône-Alpes;42;Loire;100;Photovoltaïque;3;Autoconsommation sans injection;"b-]36;100]";NON;2021-12-31;2;0.145;2;0.199;2;0.149
84;Auvergne-Rhône-Alpes;42;Loire;300;Hydraulique;2;Injection du surplus;"a-]0;36]";NON;2021-12-31;0;0.0;0;0.0;1;0.015
84;Auvergne-Rhône-Alpes;42;Loire;500;Cogénération;1;Injection totale;"d-]250;...[";NON;2021-12-31;0;0.0;0;0.0;0;0.0
84;Auvergne-Rhône-Alpes;42;Loire;600;Autres;1;Injection totale;"c-]100;250]";NON;2021-12-31;0;0.0;0;0.0;0;0.0
84;Auvergne-Rhône-Alpes;43;Haute-Loire;100;Photovoltaïque;1;Injection totale;"a-]0;36]";NON;2021-12-31;23;0.55337;8;0.1424;10;0.15
84;Auvergne-Rhône-Alpes;43;Haute-Loire;100;Photovoltaïque;1;Injection totale;"b-]36;100]";NON;2021-12-31;109;9.91033;10;0.92937;13;1.188
84;Auvergne-Rhône-Alpes;63;Puy-de-Dôme;300;Hydraulique;1;Injection totale;"b-]36;100]";NON;2021-12-31;2;0.19;0;0.0;0;0.0
84;Auvergne-Rhône-Alpes;63;Puy-de-Dôme;400;Bio énergie;1;Injection totale;"a-]0;36]";NON;2021-12-31;0;0.0;0;0.0;0;0.0
84;Auvergne-Rhône-Alpes;63;Puy-de-Dôme;400;Bio énergie;1;Injection totale;"c-]100;250]";NON;2021-12-31;1;0.16;0;0.0;0;0.0
84;Auvergne-Rhône-Alpes;63;Puy-de-Dôme;400;Bio énergie;1;Injection totale;"d-]250;...[";NON;2021-12-31;2;0.949;0;0.0;0;0.0
84;Auvergne-Rhône-Alpes;63;Puy-de-Dôme;500;Cogénération;1;Injection totale;"a-]0;36]";NON;2021-12-31;0;0.0;0;0.0;0;0.0
84;Auvergne-Rhône-Alpes;63;Puy-de-Dôme;600;Autres;1;Injection totale;"d-]250;...[";NON;2021-12-31;0;0.0;0;0.0;0;0.0
84;Auvergne-Rhône-Alpes;69;Rhône;100;Photovoltaïque;2;Injection du surplus;"c-]100;250]";NON;2021-12-31;1;0.11;1;0.11;0;0.0
84;Auvergne-Rhône-Alpes;69;Rhône;500;Cogénération;2;Injection du surplus;"a-]0;36]";NON;2021-12-31;1;0.02;0;0.0;0;0.0
84;Auvergne-Rhône-Alpes;69;Rhône;500;Cogénération;2;Injection du surplus;"d-]250;...[";NON;2021-12-31;0;0.0;0;0.0;0;0.0
84;Auvergne-Rhône-Alpes;69;Rhône;600;Autres;1;Injection totale;"d-]250;...[";NON;2021-12-31;0;0.0;0;0.0;0;0.0
84;Auvergne-Rhône-Alpes;69;Rhône;600;Autres;3;Autoconsommation sans injection;"d-]250;...[";NON;2021-12-31;0;0.0;0;0.0;0;0.0
84;Auvergne-Rhône-Alpes;73;Savoie;300;Hydraulique;1;Injection totale;"b-]36;100]";NON;2021-12-31;0;0.0;0;0.0;0;0.0
84;Auvergne-Rhône-Alpes;73;Savoie;500;Cogénération;1;Injection totale;"d-]250;...[";NON;2021-12-31;0;0.0;0;0.0;0;0.0
84;Auvergne-Rhône-Alpes;74;Haute-Savoie;100;Photovoltaïque;2;Injection du surplus;"a-]0;36]";OUI;2021-12-31;4;0.0144;1;0.006;1;0.006
84;Auvergne-Rhône-Alpes;74;Haute-Savoie;100;Photovoltaïque;3;Autoconsommation sans injection;"b-]36;100]";NON;2021-12-31;3;0.18976;0;0.0;0;0.0
84;Auvergne-Rhône-Alpes;74;Haute-Savoie;100;Photovoltaïque;3;Autoconsommation sans injection;"c-]100;250]";NON;2021-12-31;1;0.132;0;0.0;0;0.0
84;Auvergne-Rhône-Alpes;74;Haute-Savoie;300;Hydraulique;1;Injection totale;"c-]100;250]";NON;2021-12-31;0;0.0;0;0.0;0;0.0
84;Auvergne-Rhône-Alpes;74;Haute-Savoie;400;Bio énergie;1;Injection totale;"c-]100;250]";NON;2021-12-31;0;0.0;0;0.0;0;0.0
84;Auvergne-Rhône-Alpes;1;Ain;100;Photovoltaïque;1;Injection totale;"d-]250;...[";NON;2022-03-31;21;65.542;2;1.444;4;12.422
84;Auvergne-Rhône-Alpes;1;Ain;100;Photovoltaïque;2;Injection du surplus;"b-]36;100]";NON;2022-03-31;14;1.08909;6;0.4504;5;0.42079
84;Auvergne-Rhône-Alpes;1;Ain;100;Photovoltaïque;3;Autoconsommation sans injection;"b-]36;100]";NON;2022-03-31;2;0.094;1;0.05;2;0.131
84;Auvergne-Rhône-Alpes;1;Ain;200;Eolien;1;Injection totale;"d-]250;...[";NON;2022-03-31;2;21.0;0;0.0;0;0.0
84;Auvergne-Rhône-Alpes;1;Ain;300;Hydraulique;3;Autoconsommation sans injection;"a-]0;36]";NON;2022-03-31;0;0.0;0;0.0;0;0.0
84;Auvergne-Rhône-Alpes;1;Ain;400;Bio énergie;1;Injection totale;"d-]250;...[";NON;2022-03-31;0;0.0;0;0.0;0;0.0
84;Auvergne-Rhône-Alpes;1;Ain;500;Cogénération;1;Injection totale;"d-]250;...[";NON;2022-03-31;1;0.8;0;0.0;0;0.0
84;Auvergne-Rhône-Alpes;1;Ain;550;Stockage hors hydraulique;1;Injection totale;"d-]250;...[";OUI;2022-03-31;0;0.0;0;0.0;0;0.0
84;Auvergne-Rhône-Alpes;3;Allier;100;Photovoltaïque;2;Injection du surplus;"d-]250;...[";NON;2022-03-31;0;0.0;0;0.0;0;0.0
84;Auvergne-Rhône-Alpes;3;Allier;100;Photovoltaïque;3;Autoconsommation sans injection;"c-]100;250]";NON;2022-03-31;0;0.0;0;0.0;0;0.0
84;Auvergne-Rhône-Alpes;3;Allier;300;Hydraulique;2;Injection du surplus;"a-]0;36]";NON;2022-03-31;0;0.0;0;0.0;0;0.0
84;Auvergne-Rhône-Alpes;3;Allier;400;Bio énergie;1;Injection totale;"b-]36;100]";NON;2022-03-31;1;0.05;0;0.0;0;0.0
84;Auvergne-Rhône-Alpes;3;Allier;500;Cogénération;1;Injection totale;"a-]0;36]";NON;2022-03-31;0;0.0;0;0.0;0;0.0
84;Auvergne-Rhône-Alpes;7;Ardèche;100;Photovoltaïque;1;Injection totale;"d-]250;...[";NON;2022-03-31;4;10.26;0;0.0;0;0.0
84;Auvergne-Rhône-Alpes;7;Ardèche;100;Photovoltaïque;2;Injection du surplus;"a-]0;36]";OUI;2022-03-31;0;0.0;0;0.0;0;0.0
84;Auvergne-Rhône-Alpes;15;Cantal;100;Photovoltaïque;3;Autoconsommation sans injection;"a-]0;36]";NON;2022-03-31;0;0.0;7;0.01597;7;0.01597
84;Auvergne-Rhône-Alpes;15;Cantal;100;Photovoltaïque;3;Autoconsommation sans injection;"d-]250;...[";NON;2022-03-31;0;0.0;0;0.0;1;0.5
84;Auvergne-Rhône-Alpes;15;Cantal;400;Bio énergie;1;Injection totale;"d-]250;...[";NON;2022-03-31;0;0.0;0;0.0;0;0.0
84;Auvergne-Rhône-Alpes;15;Cantal;500;Cogénération;3;Autoconsommation sans injection;"a-]0;36]";NON;2022-03-31;0;0.0;0;0.0;0;0.0
84;Auvergne-Rhône-Alpes;26;Drôme;100;Photovoltaïque;2;Injection du surplus;"c-]100;250]";NON;2022-03-31;4;0.7599;3;0.43;1;0.11
84;Auvergne-Rhône-Alpes;26;Drôme;100;Photovoltaïque;3;Autoconsommation sans injection;"c-]100;250]";NON;2022-03-31;2;0.448;0;0.0;0;0.0
84;Auvergne-Rhône-Alpes;26;Drôme;200;Eolien;1;Injection totale;"d-]250;...[";NON;2022-03-31;0;0.0;0;0.0;0;0.0
84;Auvergne-Rhône-Alpes;26;Drôme;500;Cogénération;3;Autoconsommation sans injection;"d-]250;...[";NON;2022-03-31;0;0.0;0;0.0;0;0.0
84;Auvergne-Rhône-Alpes;38;Isère;300;Hydraulique;1;Injection totale;"d-]250;...[";NON;2022-03-31;7;19.574;0;0.0;1;0.256
84;Auvergne-Rhône-Alpes;38;Isère;500;Cogénération;2;Injection du surplus;"d-]250;...[";NON;2022-03-31;0;0.0;0;0.0;0;0.0
84;Auvergne-Rhône-Alpes;38;Isère;550;Stockage hors hydraulique;2;Injection du surplus;"d-]250;...[";OUI;2022-03-31;5;6.25;0;0.0;0;0.0
84;Auvergne-Rhône-Alpes;42;Loire;100;Photovoltaïque;3;Autoconsommation sans injection;"b-]36;100]";NON;2022-03-31;2;0.145;1;0.09;1;0.09
84;Auvergne-Rhône-Alpes;42;Loire;300;Hydraulique;1;Injection totale;"b-]36;100]";NON;2022-03-31;0;0.0;0;0.0;0;0.0
84;Auvergne-Rhône-Alpes;42;Loire;300;Hydraulique;2;Injection du surplus;"d-]250;...[";NON;2022-03-31;0;0.0;0;0.0;0;0.0
84;Auvergne-Rhône-Alpes;42;Loire;400;Bio énergie;1;Injection totale;"a-]0;36]";NON;2022-03-31;0;0.0;0;0.0;0;0.0
84;Auvergne-Rhône-Alpes;42;Loire;400;Bio énergie;1;Injection totale;"b-]36;100]";NON;2022-03-31;1;0.049;0;0.0;0;0.0
84;Auvergne-Rhône-Alpes;42;Loire;400;Bio énergie;1;Injection totale;"d-]250;...[";NON;2022-03-31;0;0.0;0;0.0;0;0.0
84;Auvergne-Rhône-Alpes;42;Loire;400;Bio énergie;2;Injection du surplus;"b-]36;100]";NON;2022-03-31;0;0.0;0;0.0;0;0.0
84;Auvergne-Rhône-Alpes;42;Loire;600;Autres;1;Injection totale;"a-]0;36]";NON;2022-03-31;0;0.0;0;0.0;0;0.0
84;Auvergne-Rhône-Alpes;43;Haute-Loire;100;Photovoltaïque;3;Autoconsommation sans injection;"a-]0;36]";OUI;2022-03-31;0;0.0;0;0.0;0;0.0
84;Auvergne-Rhône-Alpes;43;Haute-Loire;300;Hydraulique;1;Injection totale;"b-]36;100]";NON;2022-03-31;3;0.244;0;0.0;0;0.0
84;Auvergne-Rhône-Alpes;43;Haute-Loire;600;Autres;1;Injection totale;"a-]0;36]";NON;2022-03-31;0;0.0;0;0.0;0;0.0
84;Auvergne-Rhône-Alpes;63;Puy-de-Dôme;100;Photovoltaïque;3;Autoconsommation sans injection;"b-]36;100]";NON;2022-03-31;0;0.0;0;0.0;0;0.0
84;Auvergne-Rhône-Alpes;63;Puy-de-Dôme;400;Bio énergie;1;Injection totale;"c-]100;250]";NON;2022-03-31;1;0.16;0;0.0;0;0.0
84;Auvergne-Rhône-Alpes;63;Puy-de-Dôme;500;Cogénération;1;Injection totale;"d-]250;...[";NON;2022-03-31;0;0.0;0;0.0;0;0.0
84;Auvergne-Rhône-Alpes;69;Rhône;100;Photovoltaïque;1;Injection totale;"c-]100;250]";NON;2022-03-31;31;6.44998;11;1.9489;2;0.38296
84;Auvergne-Rhône-Alpes;69;Rhône;100;Photovoltaïque;3;Autoconsommation sans injection;"d-]250;...[";NON;2022-03-31;1;0.8;0;0.0;0;0.0
84;Auvergne-Rhône-Alpes;69;Rhône;500;Cogénération;1;Injection totale;"c-]100;250]";NON;2022-03-31;0;0.0;0;0.0;1;0.25
84;Auvergne-Rhône-Alpes;73;Savoie;100;Photovoltaïque;3;Autoconsommation sans injection;"a-]0;36]";NON;2022-03-31;1;0.015;17;0.03266;17;0.03266
84;Auvergne-Rhône-Alpes;73;Savoie;300;Hydraulique;1;Injection totale;"b-]36;100]";NON;2022-03-31;1;0.074;1;0.074;0;0.0
84;Auvergne-Rhône-Alpes;73;Savoie;400;Bio énergie;1;Injection totale;"d-]250;...[";NON;2022-03-31;0;0.0;0;0.0;0;0.0
84;Auvergne-Rhône-Alpes;74;Haute-Savoie;100;Photovoltaïque;1;Injection totale;"c-]100;250]";NON;2022-03-31;5;1.14;4;0.94;1;0.2
84;Auvergne-Rhône-Alpes;74;Haute-Savoie;100;Photovoltaïque;3;Autoconsommation sans injection;"a-]0;36]";NON;2022-03-31;0;0.0;30;0.08608;30;0.08608
84;Auvergne-Rhône-Alpes;74;Haute-Savoie;300;Hydraulique;2;Injection du surplus;"d-]250;...[";NON;2022-03-31;0;0.0;0;0.0;0;0.0
84;Auvergne-Rhône-Alpes;74;Haute-Savoie;400;Bio énergie;1;Injection totale;"c-]100;250]";NON;2022-03-31;0;0.0;0;0.0;0;0.0
84;Auvergne-Rhône-Alpes;74;Haute-Savoie;400;Bio énergie;1;Injection totale;"d-]250;...[";NON;2022-03-31;0;0.0;0;0.0;0;0.0
84;Auvergne-Rhône-Alpes;1;Ain;100;Photovoltaïque;1;Injection totale;"a-]0;36]";NON;2022-03-31;19;0.2586;4;0.084;4;0.111
84;Auvergne-Rhône-Alpes;1;Ain;100;Photovoltaïque;1;Injection totale;"b-]36;100]";NON;2022-03-31;48;4.44532;3;0.28392;8;0.70955
84;Auvergne-Rhône-Alpes;1;Ain;100;Photovoltaïque;1;Injection totale;"c-]100;250]";NON;2022-03-31;63;13.69373;25;5.51994;4;0.94
84;Auvergne-Rhône-Alpes;1;Ain;300;Hydraulique;1;Injection totale;"c-]100;250]";NON;2022-03-31;1;0.15;1;0.15;1;0.125
84;Auvergne-Rhône-Alpes;1;Ain;400;Bio énergie;1;Injection totale;"a-]0;36]";NON;2022-03-31;0;0.0;0;0.0;0;0.0
84;Auvergne-Rhône-Alpes;3;Allier;100;Photovoltaïque;1;Injection totale;"a-]0;36]";NON;2022-03-31;14;0.24597;2;0.03187;5;0.129
84;Auvergne-Rhône-Alpes;3;Allier;100;Photovoltaïque;1;Injection totale;"d-]250;...[";NON;2022-03-31;25;148.026;4;3.4;0;0.0
84;Auvergne-Rhône-Alpes;3;Allier;100;Photovoltaïque;2;Injection du surplus;"b-]36;100]";NON;2022-03-31;3;0.22213;2;0.167;0;0.0
84;Auvergne-Rhône-Alpes;3;Allier;100;Photovoltaïque;3;Autoconsommation sans injection;"a-]0;36]";OUI;2022-03-31;0;0.0;0;0.0;0;0.0
84;Auvergne-Rhône-Alpes;3;Allier;600;Autres;1;Injection totale;"a-]0;36]";NON;2022-03-31;0;0.0;0;0.0;0;0.0
84;Auvergne-Rhône-Alpes;7;Ardèche;100;Photovoltaïque;3;Autoconsommation sans injection;"c-]100;250]";NON;2022-03-31;3;0.649;1;0.1958;0;0.0
84;Auvergne-Rhône-Alpes;15;Cantal;100;Photovoltaïque;2;Injection du surplus;"d-]250;...[";NON;2022-03-31;1;0.4;1;0.4;0;0.0
84;Auvergne-Rhône-Alpes;15;Cantal;100;Photovoltaïque;3;Autoconsommation sans injection;"c-]100;250]";NON;2022-03-31;0;0.0;0;0.0;0;0.0
84;Auvergne-Rhône-Alpes;26;Drôme;100;Photovoltaïque;1;Injection totale;"b-]36;100]";NON;2022-03-31;178;16.72246;19;1.73399;53;4.92389
84;Auvergne-Rhône-Alpes;26;Drôme;100;Photovoltaïque;2;Injection du surplus;"b-]36;100]";NON;2022-03-31;10;0.68105;4;0.2654;3;0.1778
84;Auvergne-Rhône-Alpes;26;Drôme;200;Eolien;1;Injection totale;"a-]0;36]";NON;2022-03-31;0;0.0;0;0.0;0;0.0
84;Auvergne-Rhône-Alpes;26;Drôme;300;Hydraulique;2;Injection du surplus;"a-]0;36]";NON;2022-03-31;0;0.0;0;0.0;0;0.0
84;Auvergne-Rhône-Alpes;26;Drôme;500;Cogénération;1;Injection totale;"c-]100;250]";NON;2022-03-31;0;0.0;0;0.0;0;0.0
84;Auvergne-Rhône-Alpes;26;Drôme;600;Autres;1;Injection totale;"b-]36;100]";NON;2022-03-31;0;0.0;0;0.0;0;0.0
84;Auvergne-Rhône-Alpes;38;Isère;100;Photovoltaïque;1;Injection totale;"a-]0;36]";NON;2022-03-31;108;1.42283;14;0.3071;21;0.3075
84;Auvergne-Rhône-Alpes;38;Isère;100;Photovoltaïque;1;Injection totale;"d-]250;...[";NON;2022-03-31;14;67.989;3;12.725;0;0.0
84;Auvergne-Rhône-Alpes;38;Isère;300;Hydraulique;2;Injection du surplus;"c-]100;250]";NON;2022-03-31;2;0.324;0;0.0;0;0.0
84;Auvergne-Rhône-Alpes;38;Isère;400;Bio énergie;1;Injection totale;"c-]100;250]";NON;2022-03-31;0;0.0;0;0.0;0;0.0
84;Auvergne-Rhône-Alpes;38;Isère;500;Cogénération;1;Injection totale;"a-]0;36]";NON;2022-03-31;0;0.0;0;0.0;0;0.0
84;Auvergne-Rhône-Alpes;38;Isère;500;Cogénération;1;Injection totale;"b-]36;100]";NON;2022-03-31;0;0.0;0;0.0;0;0.0
84;Auvergne-Rhône-Alpes;38;Isère;600;Autres;2;Injection du surplus;"c-]100;250]";OUI;2022-03-31;0;0.0;0;0.0;0;0.0
84;Auvergne-Rhône-Alpes;42;Loire;100;Photovoltaïque;2;Injection du surplus;"a-]0;36]";OUI;2022-03-31;5;0.027;3;0.015;4;0.0258
84;Auvergne-Rhône-Alpes;42;Loire;200;Eolien;1;Injection totale;"d-]250;...[";NON;2022-03-31;7;84.3;0;0.0;0;0.0
84;Auvergne-Rhône-Alpes;42;Loire;400;Bio énergie;2;Injection du surplus;"c-]100;250]";NON;2022-03-31;0;0.0;0;0.0;0;0.0
84;Auvergne-Rhône-Alpes;42;Loire;500;Cogénération;1;Injection totale;"a-]0;36]";NON;2022-03-31;1;0.0;0;0.0;0;0.0
84;Auvergne-Rhône-Alpes;43;Haute-Loire;100;Photovoltaïque;1;Injection totale;"b-]36;100]";NON;2022-03-31;89;8.08177;8;0.70222;27;2.43478
84;Auvergne-Rhône-Alpes;43;Haute-Loire;100;Photovoltaïque;2;Injection du surplus;"a-]0;36]";OUI;2022-03-31;1;0.003;0;0.0;0;0.0
84;Auvergne-Rhône-Alpes;43;Haute-Loire;100;Photovoltaïque;2;Injection du surplus;"b-]36;100]";NON;2022-03-31;3;0.20388;2;0.11988;0;0.0
84;Auvergne-Rhône-Alpes;43;Haute-Loire;100;Photovoltaïque;3;Autoconsommation sans injection;"b-]36;100]";NON;2022-03-31;0;0.0;0;0.0;0;0.0
84;Auvergne-Rhône-Alpes;43;Haute-Loire;400;Bio énergie;2;Injection du surplus;"a-]0;36]";NON;2022-03-31;0;0.0;0;0.0;0;0.0
84;Auvergne-Rhône-Alpes;43;Haute-Loire;400;Bio énergie;2;Injection du surplus;"d-]250;...[";NON;2022-03-31;0;0.0;0;0.0;0;0.0
84;Auvergne-Rhône-Alpes;43;Haute-Loire;500;Cogénération;1;Injection totale;"d-]250;...[";NON;2022-03-31;0;0.0;0;0.0;0;0.0
84;Auvergne-Rhône-Alpes;63;Puy-de-Dôme;100;Photovoltaïque;1;Injection totale;"a-]0;36]";NON;2022-03-31;22;0.3748;3;0.042;4;0.0666
84;Auvergne-Rhône-Alpes;63;Puy-de-Dôme;100;Photovoltaïque;2;Injection du surplus;"c-]100;250]";NON;2022-03-31;3;0.44151;2;0.31831;0;0.0
84;Auvergne-Rhône-Alpes;63;Puy-de-Dôme;200;Eolien;1;Injection totale;"a-]0;36]";NON;2022-03-31;0;0.0;0;0.0;0;0.0
84;Auvergne-Rhône-Alpes;63;Puy-de-Dôme;300;Hydraulique;1;Injection totale;"a-]0;36]";NON;2022-03-31;1;0.0075;0;0.0;0;0.0
84;Auvergne-Rhône-Alpes;63;Puy-de-Dôme;300;Hydraulique;1;Injection totale;"d-]250;...[";NON;2022-03-31;0;0.0;0;0.0;0;0.0
84;Auvergne-Rhône-Alpes;63;Puy-de-Dôme;400;Bio énergie;1;Injection totale;"a-]0;36]";NON;2022-03-31;0;0.0;0;0.0;0;0.0
84;Auvergne-Rhône-Alpes;63;Puy-de-Dôme;600;Autres;1;Injection totale;"d-]250;...[";NON;2022-03-31;0;0.0;0;0.0;0;0.0
84;Auvergne-Rhône-Alpes;69;Rhône;100;Photovoltaïque;2;Injection du surplus;"a-]0;36]";NON;2022-03-31;313;1.70938;342;1.66489;267;1.18621
84;Auvergne-Rhône-Alpes;69;Rhône;300;Hydraulique;1;Injection totale;"c-]100;250]";NON;2022-03-31;0;0.0;0;0.0;0;0.0
84;Auvergne-Rhône-Alpes;69;Rhône;400;Bio énergie;1;Injection totale;"c-]100;250]";NON;2022-03-31;1;0.165;0;0.0;0;0.0
84;Auvergne-Rhône-Alpes;69;Rhône;500;Cogénération;3;Autoconsommation sans injection;"a-]0;36]";NON;2022-03-31;0;0.0;0;0.0;0;0.0
84;Auvergne-Rhône-Alpes;69;Rhône;600;Autres;2;Injection du surplus;"a-]0;36]";NON;2022-03-31;0;0.0;0;0.0;0;0.0
84;Auvergne-Rhône-Alpes;73;Savoie;100;Photovoltaïque;2;Injection du surplus;"a-]0;36]";NON;2022-03-31;128;0.69276;105;0.53787;97;0.47802
84;Auvergne-Rhône-Alpes;73;Savoie;300;Hydraulique;1;Injection totale;"c-]100;250]";NON;2022-03-31;0;0.0;0;0.0;0;0.0
84;Auvergne-Rhône-Alpes;74;Haute-Savoie;100;Photovoltaïque;3;Autoconsommation sans injection;"c-]100;250]";NON;2022-03-31;1;0.132;0;0.0;0;0.0
84;Auvergne-Rhône-Alpes;74;Haute-Savoie;600;Autres;1;Injection totale;"c-]100;250]";NON;2022-03-31;0;0.0;0;0.0;0;0.0
84;Auvergne-Rhône-Alpes;1;Ain;100;Photovoltaïque;2;Injection du surplus;"c-]100;250]";NON;2022-03-31;4;0.8424;6;1.2414;2;0.399
84;Auvergne-Rhône-Alpes;1;Ain;300;Hydraulique;1;Injection totale;"a-]0;36]";NON;2022-03-31;1;0.012;0;0.0;0;0.0
84;Auvergne-Rhône-Alpes;1;Ain;400;Bio énergie;1;Injection totale;"c-]100;250]";NON;2022-03-31;0;0.0;0;0.0;0;0.0
84;Auvergne-Rhône-Alpes;3;Allier;100;Photovoltaïque;1;Injection totale;"a-]0;36]";OUI;2022-03-31;0;0.0;0;0.0;0;0.0
84;Auvergne-Rhône-Alpes;3;Allier;100;Photovoltaïque;1;Injection totale;"b-]36;100]";NON;2022-03-31;333;30.66265;23;2.1424;66;6.0171
84;Auvergne-Rhône-Alpes;3;Allier;100;Photovoltaïque;2;Injection du surplus;"a-]0;36]";NON;2022-03-31;143;0.63822;151;0.67157;141;0.61264
84;Auvergne-Rhône-Alpes;3;Allier;100;Photovoltaïque;2;Injection du surplus;"a-]0;36]";OUI;2022-03-31;1;0.003;1;0.0036;1;0.0036
84;Auvergne-Rhône-Alpes;3;Allier;300;Hydraulique;1;Injection totale;"d-]250;...[";NON;2022-03-31;1;3.4;0;0.0;0;0.0
84;Auvergne-Rhône-Alpes;7;Ardèche;100;Photovoltaïque;2;Injection du surplus;"a-]0;36]";NON;2022-03-31;222;0.90386;258;1.14975;214;0.97892
84;Auvergne-Rhône-Alpes;7;Ardèche;100;Photovoltaïque;2;Injection du surplus;"c-]100;250]";NON;2022-03-31;1;0.22;1;0.22;0;0.0
84;Auvergne-Rhône-Alpes;7;Ardèche;300;Hydraulique;1;Injection totale;"a-]0;36]";NON;2022-03-31;0;0.0;0;0.0;0;0.0
84;Auvergne-Rhône-Alpes;7;Ardèche;300;Hydraulique;1;Injection totale;"b-]36;100]";NON;2022-03-31;3;0.289;0;0.0;0;0.0
84;Auvergne-Rhône-Alpes;7;Ardèche;300;Hydraulique;1;Injection totale;"d-]250;...[";NON;2022-03-31;0;0.0;0;0.0;1;0.272
84;Auvergne-Rhône-Alpes;7;Ardèche;500;Cogénération;1;Injection totale;"d-]250;...[";NON;2022-03-31;0;0.0;0;0.0;0;0.0
84;Auvergne-Rhône-Alpes;7;Ardèche;600;Autres;1;Injection totale;"a-]0;36]";NON;2022-03-31;0;0.0;0;0.0;0;0.0
84;Auvergne-Rhône-Alpes;15;Cantal;200;Eolien;1;Injection totale;"d-]250;...[";NON;2022-03-31;1;12.0;0;0.0;2;18.4
84;Auvergne-Rhône-Alpes;26;Drôme;100;Photovoltaïque;1;Injection totale;"c-]100;250]";NON;2022-03-31;92;19.39807;44;8.81459;7;1.471
84;Auvergne-Rhône-Alpes;26;Drôme;300;Hydraulique;1;Injection totale;"a-]0;36]";NON;2022-03-31;0;0.0;0;0.0;0;0.0
84;Auvergne-Rhône-Alpes;26;Drôme;300;Hydraulique;1;Injection totale;"d-]250;...[";NON;2022-03-31;0;0.0;0;0.0;0;0.0
84;Auvergne-Rhône-Alpes;26;Drôme;400;Bio énergie;1;Injection totale;"a-]0;36]";NON;2022-03-31;0;0.0;0;0.0;0;0.0
84;Auvergne-Rhône-Alpes;26;Drôme;600;Autres;2;Injection du surplus;"a-]0;36]";NON;2022-03-31;0;0.0;0;0.0;0;0.0
84;Auvergne-Rhône-Alpes;38;Isère;100;Photovoltaïque;2;Injection du surplus;"a-]0;36]";NON;2022-03-31;422;2.24495;502;2.49224;413;1.8323
84;Auvergne-Rhône-Alpes;38;Isère;100;Photovoltaïque;2;Injection du surplus;"c-]100;250]";NON;2022-03-31;3;0.546;3;0.546;1;0.24
84;Auvergne-Rhône-Alpes;38;Isère;100;Photovoltaïque;2;Injection du surplus;"d-]250;...[";NON;2022-03-31;0;0.0;0;0.0;0;0.0
84;Auvergne-Rhône-Alpes;38;Isère;100;Photovoltaïque;3;Autoconsommation sans injection;"d-]250;...[";NON;2022-03-31;4;2.50035;1;0.642;1;0.45
84;Auvergne-Rhône-Alpes;38;Isère;200;Eolien;1;Injection totale;"a-]0;36]";NON;2022-03-31;0;0.0;0;0.0;0;0.0
84;Auvergne-Rhône-Alpes;38;Isère;300;Hydraulique;3;Autoconsommation sans injection;"a-]0;36]";NON;2022-03-31;0;0.0;0;0.0;0;0.0
84;Auvergne-Rhône-Alpes;38;Isère;500;Cogénération;1;Injection totale;"d-]250;...[";NON;2022-03-31;0;0.0;0;0.0;0;0.0
84;Auvergne-Rhône-Alpes;38;Isère;500;Cogénération;3;Autoconsommation sans injection;"c-]100;250]";NON;2022-03-31;0;0.0;0;0.0;0;0.0
84;Auvergne-Rhône-Alpes;42;Loire;100;Photovoltaïque;3;Autoconsommation sans injection;"c-]100;250]";NON;2022-03-31;1;0.19;0;0.0;1;0.242
84;Auvergne-Rhône-Alpes;42;Loire;100;Photovoltaïque;3;Autoconsommation sans injection;"d-]250;...[";NON;2022-03-31;0;0.0;0;0.0;0;0.0
84;Auvergne-Rhône-Alpes;42;Loire;300;Hydraulique;1;Injection totale;"a-]0;36]";NON;2022-03-31;0;0.0;0;0.0;0;0.0
84;Auvergne-Rhône-Alpes;43;Haute-Loire;300;Hydraulique;1;Injection totale;"a-]0;36]";NON;2022-03-31;0;0.0;0;0.0;0;0.0
84;Auvergne-Rhône-Alpes;63;Puy-de-Dôme;100;Photovoltaïque;1;Injection totale;"a-]0;36]";OUI;2022-03-31;0;0.0;0;0.0;1;0.028
84;Auvergne-Rhône-Alpes;63;Puy-de-Dôme;100;Photovoltaïque;3;Autoconsommation sans injection;"c-]100;250]";NON;2022-03-31;3;0.709;2;0.469;0;0.0
84;Auvergne-Rhône-Alpes;63;Puy-de-Dôme;200;Eolien;1;Injection totale;"d-]250;...[";NON;2022-03-31;3;45.2;0;0.0;0;0.0
84;Auvergne-Rhône-Alpes;63;Puy-de-Dôme;300;Hydraulique;2;Injection du surplus;"c-]100;250]";NON;2022-03-31;0;0.0;0;0.0;0;0.0
84;Auvergne-Rhône-Alpes;69;Rhône;100;Photovoltaïque;1;Injection totale;"b-]36;100]";NON;2022-03-31;55;4.74628;15;1.2131;21;1.82385
84;Auvergne-Rhône-Alpes;69;Rhône;100;Photovoltaïque;1;Injection totale;"d-]250;...[";NON;2022-03-31;7;16.573;0;0.0;2;1.945
84;Auvergne-Rhône-Alpes;69;Rhône;200;Eolien;1;Injection totale;"d-]250;...[";NON;2022-03-31;1;9.15;0;0.0;0;0.0
84;Auvergne-Rhône-Alpes;69;Rhône;400;Bio énergie;1;Injection totale;"b-]36;100]";NON;2022-03-31;0;0.0;0;0.0;0;0.0
84;Auvergne-Rhône-Alpes;69;Rhône;500;Cogénération;2;Injection du surplus;"a-]0;36]";NON;2022-03-31;1;0.02;0;0.0;0;0.0
84;Auvergne-Rhône-Alpes;69;Rhône;600;Autres;3;Autoconsommation sans injection;"d-]250;...[";NON;2022-03-31;0;0.0;0;0.0;0;0.0
84;Auvergne-Rhône-Alpes;73;Savoie;100;Photovoltaïque;1;Injection totale;"a-]0;36]";NON;2022-03-31;34;0.5045;9;0.1836;1;0.033
84;Auvergne-Rhône-Alpes;73;Savoie;100;Photovoltaïque;1;Injection totale;"b-]36;100]";NON;2022-03-31;14;1.27123;5;0.4378;3;0.2748
84;Auvergne-Rhône-Alpes;73;Savoie;300;Hydraulique;1;Injection totale;"d-]250;...[";NON;2022-03-31;7;15.148;1;0.875;0;0.0
84;Auvergne-Rhône-Alpes;73;Savoie;500;Cogénération;1;Injection totale;"a-]0;36]";NON;2022-03-31;0;0.0;0;0.0;0;0.0
84;Auvergne-Rhône-Alpes;74;Haute-Savoie;100;Photovoltaïque;1;Injection totale;"a-]0;36]";NON;2022-03-31;26;0.48082;6;0.13182;0;0.0
84;Auvergne-Rhône-Alpes;74;Haute-Savoie;100;Photovoltaïque;3;Autoconsommation sans injection;"b-]36;100]";NON;2022-03-31;3;0.18976;0;0.0;0;0.0
84;Auvergne-Rhône-Alpes;74;Haute-Savoie;300;Hydraulique;1;Injection totale;"a-]0;36]";NON;2022-03-31;1;0.01602;0;0.0;0;0.0
84;Auvergne-Rhône-Alpes;74;Haute-Savoie;500;Cogénération;1;Injection totale;"b-]36;100]";NON;2022-03-31;0;0.0;0;0.0;0;0.0
84;Auvergne-Rhône-Alpes;74;Haute-Savoie;550;Stockage hors hydraulique;3;Autoconsommation sans injection;"a-]0;36]";OUI;2022-03-31;0;0.0;0;0.0;0;0.0
84;Auvergne-Rhône-Alpes;1;Ain;550;Stockage hors hydraulique;1;Injection totale;"d-]250;...[";OUI;2021-12-31;0;0.0;0;0.0;0;0.0
84;Auvergne-Rhône-Alpes;3;Allier;100;Photovoltaïque;1;Injection totale;"d-]250;...[";NON;2021-12-31;18;116.691;2;0.575;3;4.821
84;Auvergne-Rhône-Alpes;3;Allier;200;Eolien;1;Injection totale;"d-]250;...[";NON;2021-12-31;3;25.8;0;0.0;2;20.34
84;Auvergne-Rhône-Alpes;7;Ardèche;100;Photovoltaïque;2;Injection du surplus;"a-]0;36]";OUI;2021-12-31;0;0.0;1;0.006;2;0.01128
84;Auvergne-Rhône-Alpes;7;Ardèche;300;Hydraulique;3;Autoconsommation sans injection;"d-]250;...[";NON;2021-12-31;0;0.0;0;0.0;0;0.0
84;Auvergne-Rhône-Alpes;7;Ardèche;400;Bio énergie;1;Injection totale;"b-]36;100]";NON;2021-12-31;0;0.0;0;0.0;0;0.0
84;Auvergne-Rhône-Alpes;15;Cantal;400;Bio énergie;1;Injection totale;"b-]36;100]";NON;2021-12-31;0;0.0;0;0.0;0;0.0
84;Auvergne-Rhône-Alpes;26;Drôme;100;Photovoltaïque;1;Injection totale;"c-]100;250]";NON;2021-12-31;58;12.61448;19;4.0604;8;1.92975
84;Auvergne-Rhône-Alpes;26;Drôme;200;Eolien;1;Injection totale;"a-]0;36]";NON;2021-12-31;0;0.0;0;0.0;0;0.0
84;Auvergne-Rhône-Alpes;26;Drôme;200;Eolien;1;Injection totale;"d-]250;...[";NON;2021-12-31;0;0.0;0;0.0;0;0.0
84;Auvergne-Rhône-Alpes;26;Drôme;300;Hydraulique;1;Injection totale;"d-]250;...[";NON;2021-12-31;0;0.0;0;0.0;0;0.0
84;Auvergne-Rhône-Alpes;26;Drôme;600;Autres;2;Injection du surplus;"a-]0;36]";NON;2021-12-31;0;0.0;0;0.0;0;0.0
84;Auvergne-Rhône-Alpes;38;Isère;100;Photovoltaïque;1;Injection totale;"c-]100;250]";NON;2021-12-31;56;12.25848;29;6.17468;5;1.168
84;Auvergne-Rhône-Alpes;38;Isère;100;Photovoltaïque;2;Injection du surplus;"c-]100;250]";NON;2021-12-31;1;0.24;0;0.0;1;0.152
84;Auvergne-Rhône-Alpes;38;Isère;300;Hydraulique;1;Injection totale;"c-]100;250]";NON;2021-12-31;0;0.0;0;0.0;0;0.0
84;Auvergne-Rhône-Alpes;38;Isère;400;Bio énergie;1;Injection totale;"c-]100;250]";NON;2021-12-31;0;0.0;0;0.0;0;0.0
84;Auvergne-Rhône-Alpes;38;Isère;600;Autres;1;Injection totale;"d-]250;...[";NON;2021-12-31;0;0.0;0;0.0;0;0.0
84;Auvergne-Rhône-Alpes;42;Loire;100;Photovoltaïque;1;Injection totale;"a-]0;36]";OUI;2021-12-31;0;0.0;0;0.0;0;0.0
84;Auvergne-Rhône-Alpes;42;Loire;100;Photovoltaïque;1;Injection totale;"b-]36;100]";NON;2021-12-31;95;8.9356;16;1.5672;23;2.16416
84;Auvergne-Rhône-Alpes;42;Loire;300;Hydraulique;1;Injection totale;"c-]100;250]";NON;2021-12-31;0;0.0;0;0.0;0;0.0
84;Auvergne-Rhône-Alpes;42;Loire;300;Hydraulique;3;Autoconsommation sans injection;"a-]0;36]";NON;2021-12-31;0;0.0;0;0.0;0;0.0
84;Auvergne-Rhône-Alpes;42;Loire;400;Bio énergie;2;Injection du surplus;"b-]36;100]";NON;2021-12-31;0;0.0;0;0.0;0;0.0
84;Auvergne-Rhône-Alpes;43;Haute-Loire;400;Bio énergie;1;Injection totale;"b-]36;100]";NON;2021-12-31;0;0.0;0;0.0;0;0.0
84;Auvergne-Rhône-Alpes;43;Haute-Loire;400;Bio énergie;2;Injection du surplus;"d-]250;...[";NON;2021-12-31;0;0.0;0;0.0;0;0.0
84;Auvergne-Rhône-Alpes;63;Puy-de-Dôme;300;Hydraulique;1;Injection totale;"a-]0;36]";NON;2021-12-31;1;0.0075;0;0.0;0;0.0
84;Auvergne-Rhône-Alpes;63;Puy-de-Dôme;300;Hydraulique;1;Injection totale;"d-]250;...[";NON;2021-12-31;0;0.0;0;0.0;0;0.0
84;Auvergne-Rhône-Alpes;69;Rhône;100;Photovoltaïque;1;Injection totale;"b-]36;100]";NON;2021-12-31;59;5.15753;7;0.5838;19;1.73787
84;Auvergne-Rhône-Alpes;69;Rhône;100;Photovoltaïque;1;Injection totale;"c-]100;250]";NON;2021-12-31;22;4.88404;17;3.77208;6;1.21
84;Auvergne-Rhône-Alpes;69;Rhône;200;Eolien;1;Injection totale;"d-]250;...[";NON;2021-12-31;1;9.15;0;0.0;0;0.0
84;Auvergne-Rhône-Alpes;69;Rhône;400;Bio énergie;1;Injection totale;"a-]0;36]";NON;2021-12-31;0;0.0;0;0.0;0;0.0
84;Auvergne-Rhône-Alpes;69;Rhône;400;Bio énergie;1;Injection totale;"d-]250;...[";NON;2021-12-31;0;0.0;0;0.0;1;0.3
84;Auvergne-Rhône-Alpes;69;Rhône;550;Stockage hors hydraulique;1;Injection totale;"d-]250;...[";OUI;2021-12-31;1;1.25;0;0.0;0;0.0
84;Auvergne-Rhône-Alpes;73;Savoie;100;Photovoltaïque;3;Autoconsommation sans injection;"a-]0;36]";NON;2021-12-31;1;0.015;14;0.02419;14;0.02419
84;Auvergne-Rhône-Alpes;73;Savoie;100;Photovoltaïque;3;Autoconsommation sans injection;"a-]0;36]";OUI;2021-12-31;0;0.0;0;0.0;0;0.0
84;Auvergne-Rhône-Alpes;74;Haute-Savoie;100;Photovoltaïque;1;Injection totale;"a-]0;36]";NON;2021-12-31;23;0.4046;5;0.156;1;0.018
84;Auvergne-Rhône-Alpes;74;Haute-Savoie;100;Photovoltaïque;3;Autoconsommation sans injection;"a-]0;36]";OUI;2021-12-31;0;0.0;0;0.0;0;0.0
84;Auvergne-Rhône-Alpes;74;Haute-Savoie;300;Hydraulique;1;Injection totale;"d-]250;...[";NON;2021-12-31;4;6.224;2;2.6;0;0.0
84;Auvergne-Rhône-Alpes;74;Haute-Savoie;300;Hydraulique;3;Autoconsommation sans injection;"d-]250;...[";NON;2021-12-31;0;0.0;0;0.0;0;0.0
84;Auvergne-Rhône-Alpes;74;Haute-Savoie;500;Cogénération;1;Injection totale;"a-]0;36]";NON;2021-12-31;0;0.0;0;0.0;0;0.0
84;Auvergne-Rhône-Alpes;74;Haute-Savoie;500;Cogénération;1;Injection totale;"b-]36;100]";NON;2021-12-31;0;0.0;0;0.0;0;0.0
84;Auvergne-Rhône-Alpes;1;Ain;100;Photovoltaïque;2;Injection du surplus;"a-]0;36]";NON;2022-03-31;242;1.3444;308;1.51579;277;1.4007
84;Auvergne-Rhône-Alpes;1;Ain;100;Photovoltaïque;3;Autoconsommation sans injection;"a-]0;36]";OUI;2022-03-31;0;0.0;0;0.0;0;0.0
84;Auvergne-Rhône-Alpes;1;Ain;200;Eolien;1;Injection totale;"a-]0;36]";NON;2022-03-31;0;0.0;0;0.0;0;0.0
84;Auvergne-Rhône-Alpes;1;Ain;300;Hydraulique;1;Injection totale;"b-]36;100]";NON;2022-03-31;0;0.0;0;0.0;0;0.0
84;Auvergne-Rhône-Alpes;3;Allier;100;Photovoltaïque;1;Injection totale;"c-]100;250]";NON;2022-03-31;213;49.0395;78;17.6991;8;1.7769
84;Auvergne-Rhône-Alpes;3;Allier;200;Eolien;3;Autoconsommation sans injection;"a-]0;36]";NON;2022-03-31;0;0.0;0;0.0;0;0.0
84;Auvergne-Rhône-Alpes;3;Allier;500;Cogénération;1;Injection totale;"d-]250;...[";NON;2022-03-31;0;0.0;0;0.0;0;0.0
84;Auvergne-Rhône-Alpes;7;Ardèche;100;Photovoltaïque;2;Injection du surplus;"b-]36;100]";NON;2022-03-31;2;0.1666;1;0.1;0;0.0
84;Auvergne-Rhône-Alpes;7;Ardèche;100;Photovoltaïque;3;Autoconsommation sans injection;"a-]0;36]";NON;2022-03-31;0;0.0;23;0.04456;23;0.04456
84;Auvergne-Rhône-Alpes;7;Ardèche;300;Hydraulique;2;Injection du surplus;"c-]100;250]";NON;2022-03-31;0;0.0;0;0.0;0;0.0
84;Auvergne-Rhône-Alpes;7;Ardèche;300;Hydraulique;3;Autoconsommation sans injection;"d-]250;...[";NON;2022-03-31;0;0.0;0;0.0;0;0.0
84;Auvergne-Rhône-Alpes;7;Ardèche;500;Cogénération;1;Injection totale;"a-]0;36]";NON;2022-03-31;0;0.0;0;0.0;0;0.0
84;Auvergne-Rhône-Alpes;15;Cantal;100;Photovoltaïque;1;Injection totale;"a-]0;36]";NON;2022-03-31;15;0.372;4;0.096;7;0.066
84;Auvergne-Rhône-Alpes;15;Cantal;100;Photovoltaïque;2;Injection du surplus;"a-]0;36]";NON;2022-03-31;37;0.19981;47;0.23321;47;0.2019
84;Auvergne-Rhône-Alpes;15;Cantal;600;Autres;1;Injection totale;"b-]36;100]";NON;2022-03-31;0;0.0;0;0.0;0;0.0
84;Auvergne-Rhône-Alpes;26;Drôme;100;Photovoltaïque;1;Injection totale;"a-]0;36]";OUI;2022-03-31;0;0.0;0;0.0;0;0.0
84;Auvergne-Rhône-Alpes;26;Drôme;100;Photovoltaïque;1;Injection totale;"d-]250;...[";NON;2022-03-31;22;39.01;3;1.62;4;11.167
84;Auvergne-Rhône-Alpes;26;Drôme;500;Cogénération;1;Injection totale;"a-]0;36]";NON;2022-03-31;0;0.0;0;0.0;0;0.0
84;Auvergne-Rhône-Alpes;26;Drôme;550;Stockage hors hydraulique;1;Injection totale;"d-]250;...[";OUI;2022-03-31;0;0.0;0;0.0;0;0.0
84;Auvergne-Rhône-Alpes;38;Isère;100;Photovoltaïque;2;Injection du surplus;"a-]0;36]";OUI;2022-03-31;3;0.01355;2;0.01005;4;0.02378
84;Auvergne-Rhône-Alpes;38;Isère;300;Hydraulique;1;Injection totale;"c-]100;250]";NON;2022-03-31;0;0.0;0;0.0;0;0.0
84;Auvergne-Rhône-Alpes;38;Isère;400;Bio énergie;1;Injection totale;"d-]250;...[";NON;2022-03-31;1;0.646;0;0.0;0;0.0
84;Auvergne-Rhône-Alpes;38;Isère;600;Autres;1;Injection totale;"a-]0;36]";NON;2022-03-31;0;0.0;0;0.0;0;0.0
84;Auvergne-Rhône-Alpes;42;Loire;100;Photovoltaïque;1;Injection totale;"b-]36;100]";NON;2022-03-31;87;8.11909;13;1.21343;21;2.0297
84;Auvergne-Rhône-Alpes;42;Loire;100;Photovoltaïque;2;Injection du surplus;"d-]250;...[";NON;2022-03-31;0;0.0;0;0.0;0;0.0
84;Auvergne-Rhône-Alpes;42;Loire;500;Cogénération;1;Injection totale;"c-]100;250]";NON;2022-03-31;0;0.0;0;0.0;0;0.0
84;Auvergne-Rhône-Alpes;43;Haute-Loire;100;Photovoltaïque;1;Injection totale;"a-]0;36]";OUI;2022-03-31;0;0.0;0;0.0;0;0.0
84;Auvergne-Rhône-Alpes;43;Haute-Loire;100;Photovoltaïque;1;Injection totale;"d-]250;...[";NON;2022-03-31;3;3.1;1;0.4;0;0.0
84;Auvergne-Rhône-Alpes;43;Haute-Loire;300;Hydraulique;1;Injection totale;"c-]100;250]";NON;2022-03-31;1;0.12;0;0.0;1;0.132
84;Auvergne-Rhône-Alpes;43;Haute-Loire;400;Bio énergie;1;Injection totale;"d-]250;...[";NON;2022-03-31;0;0.0;0;0.0;0;0.0
84;Auvergne-Rhône-Alpes;63;Puy-de-Dôme;100;Photovoltaïque;1;Injection totale;"b-]36;100]";NON;2022-03-31;208;19.2879;31;2.79467;25;2.25949
84;Auvergne-Rhône-Alpes;63;Puy-de-Dôme;100;Photovoltaïque;1;Injection totale;"c-]100;250]";NON;2022-03-31;74;15.5147;32;6.272;3;0.712
84;Auvergne-Rhône-Alpes;63;Puy-de-Dôme;100;Photovoltaïque;3;Autoconsommation sans injection;"a-]0;36]";NON;2022-03-31;0;0.0;39;0.12986;39;0.12986
84;Auvergne-Rhône-Alpes;63;Puy-de-Dôme;100;Photovoltaïque;3;Autoconsommation sans injection;"a-]0;36]";OUI;2022-03-31;0;0.0;3;0.018;3;0.018
84;Auvergne-Rhône-Alpes;63;Puy-de-Dôme;500;Cogénération;1;Injection totale;"c-]100;250]";NON;2022-03-31;0;0.0;0;0.0;0;0.0
84;Auvergne-Rhône-Alpes;69;Rhône;100;Photovoltaïque;1;Injection totale;"a-]0;36]";NON;2022-03-31;63;1.21283;20;0.35133;12;0.1947
84;Auvergne-Rhône-Alpes;69;Rhône;400;Bio énergie;2;Injection du surplus;"a-]0;36]";NON;2022-03-31;0;0.0;0;0.0;0;0.0
84;Auvergne-Rhône-Alpes;69;Rhône;500;Cogénération;1;Injection totale;"a-]0;36]";NON;2022-03-31;1;0.0;0;0.0;0;0.0
84;Auvergne-Rhône-Alpes;69;Rhône;500;Cogénération;1;Injection totale;"b-]36;100]";NON;2022-03-31;0;0.0;0;0.0;0;0.0
84;Auvergne-Rhône-Alpes;69;Rhône;500;Cogénération;1;Injection totale;"d-]250;...[";NON;2022-03-31;1;0.99;0;0.0;0;0.0
84;Auvergne-Rhône-Alpes;69;Rhône;600;Autres;1;Injection totale;"d-]250;...[";NON;2022-03-31;0;0.0;0;0.0;0;0.0
84;Auvergne-Rhône-Alpes;73;Savoie;100;Photovoltaïque;3;Autoconsommation sans injection;"c-]100;250]";NON;2022-03-31;2;0.298;0;0.0;0;0.0
84;Auvergne-Rhône-Alpes;74;Haute-Savoie;100;Photovoltaïque;2;Injection du surplus;"a-]0;36]";OUI;2022-03-31;4;0.0156;1;0.0048;2;0.0072
84;Auvergne-Rhône-Alpes;74;Haute-Savoie;300;Hydraulique;1;Injection totale;"b-]36;100]";NON;2022-03-31;0;0.0;0;0.0;0;0.0
